userID,세럼,스킨,로션,크림,all,user_ingredients,user_ingredients_str,cluster
M0001,히알루론산 레이어 물톡스 앰플,1025 독도 토너,맨즈 아쿠아 딥 워터풀 올인원 로션,,"히알루론산 레이어 물톡스 앰플,1025 독도 토너,맨즈 아쿠아 딥 워터풀 올인원 로션,","['나이아신아마이드', '다시마추출물', '한련초잎추출물', '병풀뿌리추출물', '에난티아 클로란타껍질추출물', '지모뿌리추출물', '소듐하이알루로네이트(500.1 ppm)', '하이드로제네이티드레시틴', '알란토인', '카보머', '엑토인', '판테놀', '아데노신', '다이소듐이디티에이', '프룩토올리고사카라이드', '자일리톨', '베타-글루칸', '자일리틸글루코사이드', '하이드롤라이즈드하이알루로닉애씨드(30 ppm)', '안하이드로자일리톨', '콜라겐', '류코노스톡/무발효여과물', '수크로오스팔미테이트', '스쿠알란', '폴리글루타믹애씨드', '글리세릴리놀리에이트', '하이드로제네이티드폴리아이소부텐', '글리세릴글루코사이드', '토코페롤', '올레아놀릭애씨드', '세라마이드엔피', '글라이신', '글루타믹애씨드', '알지닌', '하이드록시프로필사이클로덱스트린', '수크로오스다이스테아레이트', '피토스핑고신', '에틸헥실글리세린', '쌀겨오일', '해바라기씨오일', '트로메타민', '아이리쉬모스추출물', '사탕수수추출물', '해수', '프로테아제', '베타인', '판테놀', '에틸헥실글리세린', '알란토인', '잔탄검', '다이소듐이디티에이', '메타크릴로일에틸베타인/아크릴레이트코폴리머', '폴리우레탄-14', '에이엠피-아크릴레이트코폴리머', '아미노메틸프로판올', '프리지어추출물', '해수', '나이아신아마이드', '폴리메틸메타크릴레이트', '비스-피이지-18메틸에 터다이메틸실레인', '소듐하이알루로네이트', '납작파래추출물', '개청각추출물', '자이언트켈프추출물', '다시마추출물', '겔리듐 카르틸라기네움추출물', '세라마이드엔피', '세라마이드에이피', '세라마이드이오피', '병풀추출물', '호장근뿌리 추출물', '황금추출물', '녹차추출물', '스페인감초뿌리추출물', '마트리카리아꽃추출물', '로즈마리잎추출물', '로우스위트 블루베리추출물', '퉁퉁마디추출물', '분홍바늘꽃꽃/잎/줄기추출물', '아데노신', '암모늄아크릴로일 다이메틸타우레이트/브이피코폴리머', '피토스핑고신', '콜레스테롤', '소듐라우로일락틸레이트', '잔탄검', '카보머', '베타 인', '폴리실리콘-15', '에틸헥실글리세린', '다이소듐이디티에이', '트로메타인', '토코페릴아세테 이트', '청색1호', '향료', '부틸페닐메틸프로피오날', '리날룰']",나이아신아마이드 다시마추출물 한련초잎추출물 병풀뿌리추출물 에난티아 클로란타껍질추출물 지모뿌리추출물 소듐하이알루로네이트(500.1 ppm) 하이드로제네이티드레시틴 알란토인 카보머 엑토인 판테놀 아데노신 다이소듐이디티에이 프룩토올리고사카라이드 자일리톨 베타-글루칸 자일리틸글루코사이드 하이드롤라이즈드하이알루로닉애씨드(30 ppm) 안하이드로자일리톨 콜라겐 류코노스톡/무발효여과물 수크로오스팔미테이트 스쿠알란 폴리글루타믹애씨드 글리세릴리놀리에이트 하이드로제네이티드폴리아이소부텐 글리세릴글루코사이드 토코페롤 올레아놀릭애씨드 세라마이드엔피 글라이신 글루타믹애씨드 알지닌 하이드록시프로필사이클로덱스트린 수크로오스다이스테아레이트 피토스핑고신 에틸헥실글리세린 쌀겨오일 해바라기씨오일 트로메타민 아이리쉬모스추출물 사탕수수추출물 해수 프로테아제 베타인 판테놀 에틸헥실글리세린 알란토인 잔탄검 다이소듐이디티에이 메타크릴로일에틸베타인/아크릴레이트코폴리머 폴리우레탄-14 에이엠피-아크릴레이트코폴리머 아미노메틸프로판올 프리지어추출물 해수 나이아신아마이드 폴리메틸메타크릴레이트 비스-피이지-18메틸에 터다이메틸실레인 소듐하이알루로네이트 납작파래추출물 개청각추출물 자이언트켈프추출물 다시마추출물 겔리듐 카르틸라기네움추출물 세라마이드엔피 세라마이드에이피 세라마이드이오피 병풀추출물 호장근뿌리 추출물 황금추출물 녹차추출물 스페인감초뿌리추출물 마트리카리아꽃추출물 로즈마리잎추출물 로우스위트 블루베리추출물 퉁퉁마디추출물 분홍바늘꽃꽃/잎/줄기추출물 아데노신 암모늄아크릴로일 다이메틸타우레이트/브이피코폴리머 피토스핑고신 콜레스테롤 소듐라우로일락틸레이트 잔탄검 카보머 베타 인 폴리실리콘-15 에틸헥실글리세린 다이소듐이디티에이 트로메타인 토코페릴아세테 이트 청색1호 향료 부틸페닐메틸프로피오날 리날룰,2
F0002,"워터뱅크 블루히알루로닉 세럼 50mL, 흑당근 비타A 레티놀 탄력 앰플",비피다 바이옴 앰플 토너,DMT 데일리보습 로션,클리니컬 0.3% 레티놀 + 2% 바쿠치올 트리트먼트,"워터뱅크 블루히알루로닉 세럼 50mL, 흑당근 비타A 레티놀 탄력 앰플,비피다 바이옴 앰플 토너,DMT 데일리보습 로션,클리니컬 0.3% 레티놀 + 2% 바쿠치올 트리트먼트","['스쿠알란', '암모늄아크릴로일다이메틸타우레이트/브이피코폴리머', '카보머', '세테아릴알코올', '트로메타민', '폴리글리세릴-3메틸글루코오스다이스테아레이트', '덱스트린', '하이드로제네이티드레시틴', '에틸헥실글리세린', '향료', '글리세릴스테아레이트시트레이트', '다이소듐이디티에이', '베타인', '하이드롤라이즈드하이알루로닉애씨드(0.02%)', '베타-글루칸', '자일리틸글루코사이드', '안하이드로자일리톨', '자일리톨', '락토바실러스발효용해물', '글루코오스', '토코페롤', '마그네슘클로라이드', '테트라데실아미노부티로일발릴아미노부티릭우레아트라이플루오로아세테이트', '미역추출물', '버지니아풍년화수', '락토바실러스발효용해물', '락토코쿠스발효용해물', '락토바실러스/호박발효추출물', '효모발효여과물', '베타인', '알란토인', '판테놀', '세라마이드엔피', '하이알루로닉애씨드', '하이드롤라이즈드하이알루로닉애씨드', '하이드롤라이즈드글라이코사미노글리칸', '소듐하이알루로네이트', '소듐하이알루로네이트크로스폴리머', '하이드로제네이티드레시틴', '비피다발효여과물', '비피다발효용해물', '자일리톨', '안하이드로자일리톨', '자일리틸글루코사이드', '글루코오스', '흰버드나무껍질추출물', '락토바이오닉애씨드', '사탕수수추출물', '쿠티박테리움 그라눌로숨발효추출여과물(10ppb)', '프룩토오스', '프룩토올리고사카라이드', '토코페롤', '에틸헥실글리세린', '잔탄검', '다이소듐이디티에이', '아이리쉬모스추출물', '클로렐라 불가리스추출물', '■ 정제수', '카프릴릭/카프릭트리글리세라이드', '', '코코넛오일', '기름야자오일', '쉐어버터', '올리브오일', '하이드로제네이티드레시틴', '하이드록시에칠셀룰로오스', '카프릴릴글라이콜', '잔탄검', '스쿠알란', '카보머', '소듐카보머', '세라마이드3', '다이메티콘', '펜타에리스리틸테트라아이소스테아레이트', '아이소노닐아이소노나노에이트', '바쿠치올', '아라키딜알코올', '글리세릴폴리메타크릴레이트', '다이메티콘크로스폴리머', '베헤닐알코올', '피이지-75시어버터글리세라이즈', '글리세릴스테아레이트', 'C12-15알킬벤조에이트', '폴리솔베이트20', '테트라헥실데실아스코베이트', '레티놀', '세라마이드엔지', '팔미토일테트라펩타이드-7', '팔미토일헥사펩타이드-12', '소듐하이알루로네이트', '다이포타슘글리시리제이트', '스페인감초뿌리추출물', '귀리커넬추출물', '우엉뿌리추출물', '흰버드나무껍질추출물', '돌콩스테롤', '레시틴', '알란토인', '토코페릴아세테이트', '하이드롤라이즈드콩단백질', '팔미토일트라이펩타이드-1', '소듐하이드록사이드', '트라이베헤닌', '카프릴릴글라이콜', '다이펩타이드-2', '호장근뿌리추출물', '피이지-10피토스테롤', '마그네슘알루미늄실리케이트', '아라키딜글루코사이드', '크리신', '소듐아크릴레이트코폴리머', '스테아레스-20', '하이드록시에틸아크릴레이트/소듐아크릴로일다이메틸타우레이트코폴리머', '세테아릴알코올', '코코-글루코사이드', '헤스페리딘메틸칼콘', 'N-하이드록시석신이미드', '다이소듐이디티에이', '에틸헥실글리세린']",스쿠알란 암모늄아크릴로일다이메틸타우레이트/브이피코폴리머 카보머 세테아릴알코올 트로메타민 폴리글리세릴-3메틸글루코오스다이스테아레이트 덱스트린 하이드로제네이티드레시틴 에틸헥실글리세린 향료 글리세릴스테아레이트시트레이트 다이소듐이디티에이 베타인 하이드롤라이즈드하이알루로닉애씨드(0.02%) 베타-글루칸 자일리틸글루코사이드 안하이드로자일리톨 자일리톨 락토바실러스발효용해물 글루코오스 토코페롤 마그네슘클로라이드 테트라데실아미노부티로일발릴아미노부티릭우레아트라이플루오로아세테이트 미역추출물 버지니아풍년화수 락토바실러스발효용해물 락토코쿠스발효용해물 락토바실러스/호박발효추출물 효모발효여과물 베타인 알란토인 판테놀 세라마이드엔피 하이알루로닉애씨드 하이드롤라이즈드하이알루로닉애씨드 하이드롤라이즈드글라이코사미노글리칸 소듐하이알루로네이트 소듐하이알루로네이트크로스폴리머 하이드로제네이티드레시틴 비피다발효여과물 비피다발효용해물 자일리톨 안하이드로자일리톨 자일리틸글루코사이드 글루코오스 흰버드나무껍질추출물 락토바이오닉애씨드 사탕수수추출물 쿠티박테리움 그라눌로숨발효추출여과물(10ppb) 프룩토오스 프룩토올리고사카라이드 토코페롤 에틸헥실글리세린 잔탄검 다이소듐이디티에이 아이리쉬모스추출물 클로렐라 불가리스추출물 ■ 정제수 카프릴릭/카프릭트리글리세라이드  코코넛오일 기름야자오일 쉐어버터 올리브오일 하이드로제네이티드레시틴 하이드록시에칠셀룰로오스 카프릴릴글라이콜 잔탄검 스쿠알란 카보머 소듐카보머 세라마이드3 다이메티콘 펜타에리스리틸테트라아이소스테아레이트 아이소노닐아이소노나노에이트 바쿠치올 아라키딜알코올 글리세릴폴리메타크릴레이트 다이메티콘크로스폴리머 베헤닐알코올 피이지-75시어버터글리세라이즈 글리세릴스테아레이트 C12-15알킬벤조에이트 폴리솔베이트20 테트라헥실데실아스코베이트 레티놀 세라마이드엔지 팔미토일테트라펩타이드-7 팔미토일헥사펩타이드-12 소듐하이알루로네이트 다이포타슘글리시리제이트 스페인감초뿌리추출물 귀리커넬추출물 우엉뿌리추출물 흰버드나무껍질추출물 돌콩스테롤 레시틴 알란토인 토코페릴아세테이트 하이드롤라이즈드콩단백질 팔미토일트라이펩타이드-1 소듐하이드록사이드 트라이베헤닌 카프릴릴글라이콜 다이펩타이드-2 호장근뿌리추출물 피이지-10피토스테롤 마그네슘알루미늄실리케이트 아라키딜글루코사이드 크리신 소듐아크릴레이트코폴리머 스테아레스-20 하이드록시에틸아크릴레이트/소듐아크릴로일다이메틸타우레이트코폴리머 세테아릴알코올 코코-글루코사이드 헤스페리딘메틸칼콘 N-하이드록시석신이미드 다이소듐이디티에이 에틸헥실글리세린,2
F0003,프로바이오덤 타이트닝 콜라겐 세럼,다이브인 저분자 히알루론산 토너,아토베리어365 로션,아토베리어365 크림,"프로바이오덤 타이트닝 콜라겐 세럼,다이브인 저분자 히알루론산 토너,아토베리어365 로션,아토베리어365 크림","['글리세레스-26', '폴리글리세린-3', '네오펜틸글라이콜다이카프레이트', '나이아신아마이', '베타인', '알란토인', '판테놀', '쇠비름추출물', '트레할로오스', '소듐하이알루로네이트', '하이드롤라이즈드하이알루로닉애씨드(100ppm)', '소듐하이알루로네이트크로스폴리머', '하이드롤라이즈드소듐하이알루로네이트', '소듐아세틸레이티드하이알루로네이트', '말라카이트추출물', '다이소듐이디티에이', '에틸헥실글리세린', '다이메티콘', '스쿠알란', '펜타에리스리틸테트라아이소스테아레이트', '베타인', '폴리글리세릴-3메틸글루코오스다이스테아레이트', '부틸렌글라이콜다이카프릴레이트/다이카프레이트', '팔미틱애씨드', '스테아릭애씨드', '하이드록시에틸아크릴레이트/소듐아크릴로일다이메틸타우레이트코폴리머', '글리세릴스테아레이트', '하이드록시프로필비스팔미타마이드엠이에이', '글리세릴스테아레이트시트레이트', '콜레스테롤', '나이아신아마이드', '다이메티콘올', '하이드록시프로필비스라우라마이드엠이에이', '베헤닐알코올', '글리세릴카프릴레이트', '카보머', '다이소듐이디티에이', '에틸헥실글리세린', '트로메타민', '솔비탄아이소스테아레이트', '피토스핑고신', '만니톨', '세라마이드엔피', '토코페롤', '하이드로제네이티드레시틴', '아크릴레이트/암모늄메타크릴레이트코폴리머', '실리카', '스핑고리피드', '아라키딕애씨드', '올레익애씨드', '부틸렌글라이콜다이카프릴레이트/다이카프레이트', '세틸에틸헥사노에이트', '스쿠알란', '펜타에리스리틸테트라아이소스테아레이트', '다이카프릴릴카보네이트', '베헤닐알코올', '다이메티콘', '하이드록시프로필비스팔미타마이드엠이에이', '스테아릭애씨드', '베타인', '만니톨', 'C14-22알코올', '팔미틱애씨드', '하이드록시프로필비스라우라마이드엠이에이', '아라키딜알코올', '콜레스테롤', '폴리아크릴레이트-13', 'C12-20알킬글루코사이드', '알란토인', '아라키딜글루코사이드', '나이아신아마이드', '세라마이드엔피', '글리세릴카프릴레이트', '에틸헥실글리세린', '하이드로제네이티드폴리아이소부텐', '카보머', '트로메타민', '다이메티콘올', '폴리글리세릴-10라우레이트', '하이드로제네이티드레시틴', '에틸헥실팔미테이트', '아크릴레이트/암모늄메타크릴레이트코폴리머', '솔비탄아이소스테아레이트', '실리카', '피토스핑고신', '스핑고리피드', '아라키딕애씨드', '토코페롤', '올레익애씨드']",글리세레스-26 폴리글리세린-3 네오펜틸글라이콜다이카프레이트 나이아신아마이 베타인 알란토인 판테놀 쇠비름추출물 트레할로오스 소듐하이알루로네이트 하이드롤라이즈드하이알루로닉애씨드(100ppm) 소듐하이알루로네이트크로스폴리머 하이드롤라이즈드소듐하이알루로네이트 소듐아세틸레이티드하이알루로네이트 말라카이트추출물 다이소듐이디티에이 에틸헥실글리세린 다이메티콘 스쿠알란 펜타에리스리틸테트라아이소스테아레이트 베타인 폴리글리세릴-3메틸글루코오스다이스테아레이트 부틸렌글라이콜다이카프릴레이트/다이카프레이트 팔미틱애씨드 스테아릭애씨드 하이드록시에틸아크릴레이트/소듐아크릴로일다이메틸타우레이트코폴리머 글리세릴스테아레이트 하이드록시프로필비스팔미타마이드엠이에이 글리세릴스테아레이트시트레이트 콜레스테롤 나이아신아마이드 다이메티콘올 하이드록시프로필비스라우라마이드엠이에이 베헤닐알코올 글리세릴카프릴레이트 카보머 다이소듐이디티에이 에틸헥실글리세린 트로메타민 솔비탄아이소스테아레이트 피토스핑고신 만니톨 세라마이드엔피 토코페롤 하이드로제네이티드레시틴 아크릴레이트/암모늄메타크릴레이트코폴리머 실리카 스핑고리피드 아라키딕애씨드 올레익애씨드 부틸렌글라이콜다이카프릴레이트/다이카프레이트 세틸에틸헥사노에이트 스쿠알란 펜타에리스리틸테트라아이소스테아레이트 다이카프릴릴카보네이트 베헤닐알코올 다이메티콘 하이드록시프로필비스팔미타마이드엠이에이 스테아릭애씨드 베타인 만니톨 C14-22알코올 팔미틱애씨드 하이드록시프로필비스라우라마이드엠이에이 아라키딜알코올 콜레스테롤 폴리아크릴레이트-13 C12-20알킬글루코사이드 알란토인 아라키딜글루코사이드 나이아신아마이드 세라마이드엔피 글리세릴카프릴레이트 에틸헥실글리세린 하이드로제네이티드폴리아이소부텐 카보머 트로메타민 다이메티콘올 폴리글리세릴-10라우레이트 하이드로제네이티드레시틴 에틸헥실팔미테이트 아크릴레이트/암모늄메타크릴레이트코폴리머 솔비탄아이소스테아레이트 실리카 피토스핑고신 스핑고리피드 아라키딕애씨드 토코페롤 올레익애씨드,1
F0004,"하얀 자작나무 수액 앰플, 청귤 비타C 잡티케어 세럼",화이트 트러플 퍼스트 아로마틱 토너,그린티 히알루론산 로션,"속보습, 100시간 장수진 수분크림","하얀 자작나무 수액 앰플, 청귤 비타C 잡티케어 세럼,화이트 트러플 퍼스트 아로마틱 토너,그린티 히알루론산 로션,속보습, 100시간 장수진 수분크림","['자작나무수액', '폴리글리세린-3', '메틸글루세스-20', '프로필헵틸카프릴레이트', '베툴린', '소듐하이알루로네이트', '암모늄아크릴로일다이메틸타우레이트/브이피코폴리머', '나이아신아마이드', '잔탄검', '카보머', '트로메타민', '다이소듐이디티에이', '말토덱스트린', '하이드롤라이즈드식물성단백질', '에틸헥실글리세린', '네오펜틸글라이콜다이헵타노에이트', '글리세레스-26', '흰서양송로추출물(1', '000ppm)', '토코페롤', '하이드록시에틸우레아', '소듐클로라이드', '베타인', '아보카도오일', '다마스크장미꽃수', '솔비톨', '해바라기씨오일', '다이소듐이디티에이', '병풀추출물', '녹차추출물', '약모밀추출물', '쇠비름추출물', '아데노신', '올리브오일', '마카다미아씨오일', '동백나무씨오일', '달맞이꽃오일', '글루코노락톤', '돌콩오일', '비타민나무열매오일', '보검선인장줄기추출물', '밤껍질추출물', '감나무잎추출물', '아나토씨오일', '프로테아제', '파파인', '브로멜라인', '리파아제', '향료', '리날룰', '헥실신남알', '펜타에리스리틸테트라에틸헥사노에이트', '다이아이소스테아릴말레이트', '나이아신아마이드', 'C14-22알코올', '카보머', '트로메타민', 'C12-20알킬글루코사이드', '락토바실러스발효용해물', '소듐스테아로일글루타메이트', '소듐메타포스페이트', '에틸헥실글리세린', '녹차추출물', '하이알루로닉애씨드', '판테놀', '알지닌', '아스파틱애씨드', '글루타믹애씨드', '글루코노락톤', '소듐하이알루로네이트', '하이드롤라이즈드하이알루로닉애씨드', '소듐하이알루로네이트크로스폴리머', '토코페롤', '소듐아세틸레이티드하이알루로네이트']",자작나무수액 폴리글리세린-3 메틸글루세스-20 프로필헵틸카프릴레이트 베툴린 소듐하이알루로네이트 암모늄아크릴로일다이메틸타우레이트/브이피코폴리머 나이아신아마이드 잔탄검 카보머 트로메타민 다이소듐이디티에이 말토덱스트린 하이드롤라이즈드식물성단백질 에틸헥실글리세린 네오펜틸글라이콜다이헵타노에이트 글리세레스-26 흰서양송로추출물(1 000ppm) 토코페롤 하이드록시에틸우레아 소듐클로라이드 베타인 아보카도오일 다마스크장미꽃수 솔비톨 해바라기씨오일 다이소듐이디티에이 병풀추출물 녹차추출물 약모밀추출물 쇠비름추출물 아데노신 올리브오일 마카다미아씨오일 동백나무씨오일 달맞이꽃오일 글루코노락톤 돌콩오일 비타민나무열매오일 보검선인장줄기추출물 밤껍질추출물 감나무잎추출물 아나토씨오일 프로테아제 파파인 브로멜라인 리파아제 향료 리날룰 헥실신남알 펜타에리스리틸테트라에틸헥사노에이트 다이아이소스테아릴말레이트 나이아신아마이드 C14-22알코올 카보머 트로메타민 C12-20알킬글루코사이드 락토바실러스발효용해물 소듐스테아로일글루타메이트 소듐메타포스페이트 에틸헥실글리세린 녹차추출물 하이알루로닉애씨드 판테놀 알지닌 아스파틱애씨드 글루타믹애씨드 글루코노락톤 소듐하이알루로네이트 하이드롤라이즈드하이알루로닉애씨드 소듐하이알루로네이트크로스폴리머 토코페롤 소듐아세틸레이티드하이알루로네이트,2
F0005,탱자씨 잡티세럼,랙틱 애시드 10% + HA,더 심플 데일리 로션,워터뱅크 모이스춰 크림,"탱자씨 잡티세럼,랙틱 애시드 10% + HA,더 심플 데일리 로션,워터뱅크 모이스춰 크림","['탱자추출물', '네오펜틸글라이콜다이카프레이트', '나이아신아마이드', '베타인', '판테놀', '아스코빌테트라이소팔미테이트', '카카두플럼추출물', '트라넥사믹애씨드', '토코페롤', '호호바씨오일', '퀸즈랜드넛오일', '아이리쉬모스추출물', '사탕수수추출물', '인도멀구슬나무꽃추출물', '인도멀구슬나무잎추출물', '울금뿌리추출물', '홀리바질잎추출물', '카카오씨추출물', '참산호말추출물', '트로메타민', '소듐피씨에이', '알부틴', '아데노신', '에틸헥실글리세린', '소듐파이테이트', '덱스트린', '베헤닐알코올', '시어버터', '카보머', '락틱애씨드(10%)', '소듐하이드록사이드', '소듐하이알루로네이트크로스폴리머', '마운틴페퍼열매추출물', '마운틴페퍼잎추출물', '아라비아고무나무검', '잔탄검', '아이소세테스-20', '트라이소듐에틸렌다이아민다이석시네이트', '에틸헥실글리세린', '카프릴릴글라이콜', '비닐다이메티콘', '세틸에칠헥사노에이트', '알바수련꽃추출물', '알로에베라잎즙', '마데카소사이드', '세테아릴올리베이트', '카보머', '솔비탄올리베이트', '트로메타민', '소듐하이알루로네이트', '스쿠알란', '']",탱자추출물 네오펜틸글라이콜다이카프레이트 나이아신아마이드 베타인 판테놀 아스코빌테트라이소팔미테이트 카카두플럼추출물 트라넥사믹애씨드 토코페롤 호호바씨오일 퀸즈랜드넛오일 아이리쉬모스추출물 사탕수수추출물 인도멀구슬나무꽃추출물 인도멀구슬나무잎추출물 울금뿌리추출물 홀리바질잎추출물 카카오씨추출물 참산호말추출물 트로메타민 소듐피씨에이 알부틴 아데노신 에틸헥실글리세린 소듐파이테이트 덱스트린 베헤닐알코올 시어버터 카보머 락틱애씨드(10%) 소듐하이드록사이드 소듐하이알루로네이트크로스폴리머 마운틴페퍼열매추출물 마운틴페퍼잎추출물 아라비아고무나무검 잔탄검 아이소세테스-20 트라이소듐에틸렌다이아민다이석시네이트 에틸헥실글리세린 카프릴릴글라이콜 비닐다이메티콘 세틸에칠헥사노에이트 알바수련꽃추출물 알로에베라잎즙 마데카소사이드 세테아릴올리베이트 카보머 솔비탄올리베이트 트로메타민 소듐하이알루로네이트 스쿠알란 ,2
F0006,에이시카365 흔적 진정 세럼,레드 블레미쉬 클리어 수딩 토너,레드 블레미쉬 포 맨 올인원 오일컷 로션,레드 블레미쉬 클리어 수딩 크림,"에이시카365 흔적 진정 세럼,레드 블레미쉬 클리어 수딩 토너,레드 블레미쉬 포 맨 올인원 오일컷 로션,레드 블레미쉬 클리어 수딩 크림","['베타인', '나이아신아마이드', '스쿠알란', '폴리글리세릴-10스테아레이트', '수크로오스스테아레이트', '글리세릴폴리메타크릴레이트', '폴리글리세릴-10라우레이트', '피토스테롤', '카프릴릴메티콘', '카보머', '하이드로제네이티드레시틴', '하이드로제네이티드포스파티딜콜린', '트로메타민', '에틸헥실글리세린', '잔탄검', '셀룰로오스검', '다이소듐이디티에이', '마데카소사이드', '베타-글루칸', '토코페롤', '나이아신아마이드', '쇠비름추출물', '병풀추출물', '무화과추출물', '흰버드나무껍질추출물', '사탕수수추출물', '사과추출물', '케이프알로에잎추출물', '하이드로제네이티드레시틴', '판테놀', '라피노오스', '아크릴레이트/C10-30알킬아크릴레이트크로스폴리머', '트로메타민', '다이소듐이디티에이', '베타인', '베타-글루칸', '마데카소사이드', '세라마이드엔피', '마데카식애씨드', '아시아티코사이드', '아시아틱애씨드', '에틸헥실글리세린', '카프릴릴글라이콜', '베타인', '카프릴릴메티콘', '나이아신아마이드', '실리카', '에리스리톨', '커피콩추출물', '사과추출물', '스테아릴다이메티콘', '소듐아크릴레이트코폴리머', '병풀추출물', '하이드록시아세토페논', '알지닌', '암모늄아크릴로일다이메틸타우레이트/브이피코폴리머', '카보머', '폴리아크릴레이트-13', '에틸헥실글리세린', '녹차추출물', '메도우스위트꽃추출물', '사탕무뿌리추출물', '레몬추출물', '글루코노락톤', '아데노신', '하이드로제네이티드폴리아이소부텐', '레시틴', '다이소듐이디티에이', '폴리글리세릴-10라우레이트', '에틸헥실팔미테이트', '솔비탄아이소스테아레이트', '하이드롤라이즈드하이알루로닉애씨드', '하이드로제네이티드레시틴', '판테놀', '수크로오스다이스테아레이트', '마데카소사이드', '세라마이드엔피', '아시아티코사이드', '마데카식애씨드', '아시아틱애씨드', '나이아신아마이드', '다이카프릴릴카보네이트', '비닐다이메티콘', '카프릴릴메티콘', '하이드록시에틸아크릴레이트/소듐아크릴로일다이메틸타우레이트코폴리머', '판테놀', '아크릴레이트/C10-30알킬아크릴레이트크로스폴리머', '다이메티콘올', '폴리메틸실세스퀴옥세인', '트로메타민', '다이포타슘글리시리제이트', '글리세릴아크릴레이트/아크릴릭애씨드코폴리머', '에틸헥실글리세린', '잔탄검', '병풀잎추출물', '프룩토올리고사카라이드', '소듐파이테이트', '알란토인', '락토바실러스발효물', '락토바실러스/콩발효추출물', '류코노스톡/무발효여과물', '효모발효추출물', '토코페롤', '에피갈로카테킨갈레이트', '마데카소사이드', '베타-글루칸', '병풀추출물', '아시아티코사이드', '마데카식애씨드', '아시아틱애씨드']",베타인 나이아신아마이드 스쿠알란 폴리글리세릴-10스테아레이트 수크로오스스테아레이트 글리세릴폴리메타크릴레이트 폴리글리세릴-10라우레이트 피토스테롤 카프릴릴메티콘 카보머 하이드로제네이티드레시틴 하이드로제네이티드포스파티딜콜린 트로메타민 에틸헥실글리세린 잔탄검 셀룰로오스검 다이소듐이디티에이 마데카소사이드 베타-글루칸 토코페롤 나이아신아마이드 쇠비름추출물 병풀추출물 무화과추출물 흰버드나무껍질추출물 사탕수수추출물 사과추출물 케이프알로에잎추출물 하이드로제네이티드레시틴 판테놀 라피노오스 아크릴레이트/C10-30알킬아크릴레이트크로스폴리머 트로메타민 다이소듐이디티에이 베타인 베타-글루칸 마데카소사이드 세라마이드엔피 마데카식애씨드 아시아티코사이드 아시아틱애씨드 에틸헥실글리세린 카프릴릴글라이콜 베타인 카프릴릴메티콘 나이아신아마이드 실리카 에리스리톨 커피콩추출물 사과추출물 스테아릴다이메티콘 소듐아크릴레이트코폴리머 병풀추출물 하이드록시아세토페논 알지닌 암모늄아크릴로일다이메틸타우레이트/브이피코폴리머 카보머 폴리아크릴레이트-13 에틸헥실글리세린 녹차추출물 메도우스위트꽃추출물 사탕무뿌리추출물 레몬추출물 글루코노락톤 아데노신 하이드로제네이티드폴리아이소부텐 레시틴 다이소듐이디티에이 폴리글리세릴-10라우레이트 에틸헥실팔미테이트 솔비탄아이소스테아레이트 하이드롤라이즈드하이알루로닉애씨드 하이드로제네이티드레시틴 판테놀 수크로오스다이스테아레이트 마데카소사이드 세라마이드엔피 아시아티코사이드 마데카식애씨드 아시아틱애씨드 나이아신아마이드 다이카프릴릴카보네이트 비닐다이메티콘 카프릴릴메티콘 하이드록시에틸아크릴레이트/소듐아크릴로일다이메틸타우레이트코폴리머 판테놀 아크릴레이트/C10-30알킬아크릴레이트크로스폴리머 다이메티콘올 폴리메틸실세스퀴옥세인 트로메타민 다이포타슘글리시리제이트 글리세릴아크릴레이트/아크릴릭애씨드코폴리머 에틸헥실글리세린 잔탄검 병풀잎추출물 프룩토올리고사카라이드 소듐파이테이트 알란토인 락토바실러스발효물 락토바실러스/콩발효추출물 류코노스톡/무발효여과물 효모발효추출물 토코페롤 에피갈로카테킨갈레이트 마데카소사이드 베타-글루칸 병풀추출물 아시아티코사이드 마데카식애씨드 아시아틱애씨드,1
M0007,레드블레미쉬 클리어 수딩 액티브 에센스,레드수딩 시카 밸런스 토너,레드 블레미쉬 포 맨 올인원 크림,레드 블레미쉬 클리어 수딩 크림,"레드블레미쉬 클리어 수딩 액티브 에센스,레드수딩 시카 밸런스 토너,레드 블레미쉬 포 맨 올인원 크림,레드 블레미쉬 클리어 수딩 크림","['약모밀추출물', '병풀추출물', '케이프알로에잎추출물', '나이아신아마이드', '엑토인', '알란토인', '아크릴레이트/C10-30알킬아크릴레이트크로스폴리머', '마데카소사이드', '판테놀', '카프릴릴글라이콜', '트로메타민', '구주호랑가시나무잎추출물', '다이소듐이디티에이', '올리브오일', '시어버터', '하이드로제네이티드레시틴', '스쿠알란', '쇠비름추출물', '소나무잎추출물', '유자추출물', '베타-글루칸', '개똥쑥추출물', '씨홀리추출물', '서양톱풀꽃추출물', '에틸헥실글리세린', '콜레스테롤', '세라마이드엔피', '피토스핑고신', '아시아티코사이드', '아시아틱애씨드', '마데카식애씨드', '나이아신아마이드', '판테놀', '알란토인', '카보머', '트로메타민', '마데카소사이드(250 ppm)', '트라이소듐이디티에이', '사코신', '하이드록시에틸셀룰로오스', '아세타마이드엠이에이', '베타-글루칸', '팔미타마이드엠이에이', '스쿠알란', '아시아티코사이드(0.40 ppm)', '마데카식애씨드(0.35 ppm)', '아시아틱애씨드(0.25 ppm)', '세라마이드엔피', '하이드로제네이티드레시틴', '부틸렌글라이콜다이카프릴레이트/다이카프레이트', '트라이에틸헥사노인', '나이아신아마이드', '아라키딜알코올', '판테놀', '비닐다이메티콘', '베헤닐알코올', '글리세릴스테아레이트에스이', '포타슘세틸포스페이트', '폴리글리세릴-2스테아레이트', '아라키딜글루코사이드', '글리세릴글루코사이드', '폴리아크릴레이트크로스폴리머-6', '암모늄아크릴로일다이메틸타우레이트/브이피코폴리머', '카프릴릴글라이콜', '세테아릴올리베이트', '세테아릴알코올', '글리세릴스테아레이트', '스테아릴알코올', '솔비탄올리베이트', '하이드로제네이티드레시틴', '토코페롤', '에틸헥실글리세린', '프룩탄', '세라마이드엔피', '아데노신', '글루코노락톤', '다이소듐이디티에이', '글루코오스', '폴리글리세릴-3다이스테아레이트', '콜레스테롤', '병풀추출물', '팔미틱애씨드', '글리세릴스테아레이트시트레이트', '다이펩타이드-2', '마데카소사이드', '마데카식애씨드', '아시아티코사이드', '아시아틱애씨드', '하이드롤라이즈드글라이코사미노글리칸', '스테아릭애씨드', '미리스틱애씨드', '소듐하이알루로네이트', '소듐하이알루로네이트크로스폴리머', '하이드롤라이즈드하이알루로닉애씨드', '하이드록시프로필트라이모늄하이알루로네이트', '하이알루로닉애씨드', '소듐아세틸레이티드하이알루로네이트', '나이아신아마이드', '다이카프릴릴카보네이트', '비닐다이메티콘', '카프릴릴메티콘', '하이드록시에틸아크릴레이트/소듐아크릴로일다이메틸타우레이트코폴리머', '판테놀', '아크릴레이트/C10-30알킬아크릴레이트크로스폴리머', '다이메티콘올', '폴리메틸실세스퀴옥세인', '트로메타민', '다이포타슘글리시리제이트', '글리세릴아크릴레이트/아크릴릭애씨드코폴리머', '에틸헥실글리세린', '잔탄검', '병풀잎추출물', '프룩토올리고사카라이드', '소듐파이테이트', '알란토인', '락토바실러스발효물', '락토바실러스/콩발효추출물', '류코노스톡/무발효여과물', '효모발효추출물', '토코페롤', '에피갈로카테킨갈레이트', '마데카소사이드', '베타-글루칸', '병풀추출물', '아시아티코사이드', '마데카식애씨드', '아시아틱애씨드']",약모밀추출물 병풀추출물 케이프알로에잎추출물 나이아신아마이드 엑토인 알란토인 아크릴레이트/C10-30알킬아크릴레이트크로스폴리머 마데카소사이드 판테놀 카프릴릴글라이콜 트로메타민 구주호랑가시나무잎추출물 다이소듐이디티에이 올리브오일 시어버터 하이드로제네이티드레시틴 스쿠알란 쇠비름추출물 소나무잎추출물 유자추출물 베타-글루칸 개똥쑥추출물 씨홀리추출물 서양톱풀꽃추출물 에틸헥실글리세린 콜레스테롤 세라마이드엔피 피토스핑고신 아시아티코사이드 아시아틱애씨드 마데카식애씨드 나이아신아마이드 판테놀 알란토인 카보머 트로메타민 마데카소사이드(250 ppm) 트라이소듐이디티에이 사코신 하이드록시에틸셀룰로오스 아세타마이드엠이에이 베타-글루칸 팔미타마이드엠이에이 스쿠알란 아시아티코사이드(0.40 ppm) 마데카식애씨드(0.35 ppm) 아시아틱애씨드(0.25 ppm) 세라마이드엔피 하이드로제네이티드레시틴 부틸렌글라이콜다이카프릴레이트/다이카프레이트 트라이에틸헥사노인 나이아신아마이드 아라키딜알코올 판테놀 비닐다이메티콘 베헤닐알코올 글리세릴스테아레이트에스이 포타슘세틸포스페이트 폴리글리세릴-2스테아레이트 아라키딜글루코사이드 글리세릴글루코사이드 폴리아크릴레이트크로스폴리머-6 암모늄아크릴로일다이메틸타우레이트/브이피코폴리머 카프릴릴글라이콜 세테아릴올리베이트 세테아릴알코올 글리세릴스테아레이트 스테아릴알코올 솔비탄올리베이트 하이드로제네이티드레시틴 토코페롤 에틸헥실글리세린 프룩탄 세라마이드엔피 아데노신 글루코노락톤 다이소듐이디티에이 글루코오스 폴리글리세릴-3다이스테아레이트 콜레스테롤 병풀추출물 팔미틱애씨드 글리세릴스테아레이트시트레이트 다이펩타이드-2 마데카소사이드 마데카식애씨드 아시아티코사이드 아시아틱애씨드 하이드롤라이즈드글라이코사미노글리칸 스테아릭애씨드 미리스틱애씨드 소듐하이알루로네이트 소듐하이알루로네이트크로스폴리머 하이드롤라이즈드하이알루로닉애씨드 하이드록시프로필트라이모늄하이알루로네이트 하이알루로닉애씨드 소듐아세틸레이티드하이알루로네이트 나이아신아마이드 다이카프릴릴카보네이트 비닐다이메티콘 카프릴릴메티콘 하이드록시에틸아크릴레이트/소듐아크릴로일다이메틸타우레이트코폴리머 판테놀 아크릴레이트/C10-30알킬아크릴레이트크로스폴리머 다이메티콘올 폴리메틸실세스퀴옥세인 트로메타민 다이포타슘글리시리제이트 글리세릴아크릴레이트/아크릴릭애씨드코폴리머 에틸헥실글리세린 잔탄검 병풀잎추출물 프룩토올리고사카라이드 소듐파이테이트 알란토인 락토바실러스발효물 락토바실러스/콩발효추출물 류코노스톡/무발효여과물 효모발효추출물 토코페롤 에피갈로카테킨갈레이트 마데카소사이드 베타-글루칸 병풀추출물 아시아티코사이드 마데카식애씨드 아시아틱애씨드,1
F0008,어성초 80 수분 진정 앰플 기획,어성초 카밍 토너 스킨부스터,어성초 70 데일리 로션,레드 블레미쉬 클리어 수딩 크림,"어성초 80 수분 진정 앰플 기획,어성초 카밍 토너 스킨부스터,어성초 70 데일리 로션,레드 블레미쉬 클리어 수딩 크림","['약모밀추출물(80%)', '베타인', '결명씨추출물', '판테놀', '하이드록시에틸셀룰로오스', '소듐하이알루로네이트', '알지닌', '카보머', '에틸헥실글리세린', '약모밀추출물', '자일리톨', '비피다발효용해물', '소듐하이알루로네이트', '돌콩추출물', '병풀추출물', '하이드롤라이즈드하이알루로닉애씨드', '황금추출물', '파스향나무잎추출물', '인동덩굴꽃추출물', '베타인', '판테놀', '에틸헥실글리세린', '옥탄다이올', '토코페롤', '바이오사카라이드검-4', '다이소듐이디티에이', '잔탄검', '약모밀추출물(70%)', '에틸헥실스테아레이트', '하이드로제네이티드폴리(C6-14올레핀)', '폴리글리세릴-3다이스테아레이트', '물푸레나무추출물', '바질꽃/잎/줄기추출물', '당느릅나무뿌리추출물', '줄맨드라미씨추출물', '하이드로제네이티드레시틴', '소듐하이알루로네이트', '글리세릴글루코사이드', '글리세릴스테아레이트', '트레할로오스', '알지닌', '카보머', '글리세릴스테아레이트시트레이트', '소듐스테아로일글루타메이트', '글루코오스', '다이소듐이디티에이', '베타인', '하이드롤라이즈드하이알루로닉애씨드', '소듐아세틸레이티드하이알루로네이트', '에틸헥실글리세린', '나이아신아마이드', '다이카프릴릴카보네이트', '비닐다이메티콘', '카프릴릴메티콘', '하이드록시에틸아크릴레이트/소듐아크릴로일다이메틸타우레이트코폴리머', '판테놀', '아크릴레이트/C10-30알킬아크릴레이트크로스폴리머', '다이메티콘올', '폴리메틸실세스퀴옥세인', '트로메타민', '다이포타슘글리시리제이트', '글리세릴아크릴레이트/아크릴릭애씨드코폴리머', '에틸헥실글리세린', '잔탄검', '병풀잎추출물', '프룩토올리고사카라이드', '소듐파이테이트', '알란토인', '락토바실러스발효물', '락토바실러스/콩발효추출물', '류코노스톡/무발효여과물', '효모발효추출물', '토코페롤', '에피갈로카테킨갈레이트', '마데카소사이드', '베타-글루칸', '병풀추출물', '아시아티코사이드', '마데카식애씨드', '아시아틱애씨드']",약모밀추출물(80%) 베타인 결명씨추출물 판테놀 하이드록시에틸셀룰로오스 소듐하이알루로네이트 알지닌 카보머 에틸헥실글리세린 약모밀추출물 자일리톨 비피다발효용해물 소듐하이알루로네이트 돌콩추출물 병풀추출물 하이드롤라이즈드하이알루로닉애씨드 황금추출물 파스향나무잎추출물 인동덩굴꽃추출물 베타인 판테놀 에틸헥실글리세린 옥탄다이올 토코페롤 바이오사카라이드검-4 다이소듐이디티에이 잔탄검 약모밀추출물(70%) 에틸헥실스테아레이트 하이드로제네이티드폴리(C6-14올레핀) 폴리글리세릴-3다이스테아레이트 물푸레나무추출물 바질꽃/잎/줄기추출물 당느릅나무뿌리추출물 줄맨드라미씨추출물 하이드로제네이티드레시틴 소듐하이알루로네이트 글리세릴글루코사이드 글리세릴스테아레이트 트레할로오스 알지닌 카보머 글리세릴스테아레이트시트레이트 소듐스테아로일글루타메이트 글루코오스 다이소듐이디티에이 베타인 하이드롤라이즈드하이알루로닉애씨드 소듐아세틸레이티드하이알루로네이트 에틸헥실글리세린 나이아신아마이드 다이카프릴릴카보네이트 비닐다이메티콘 카프릴릴메티콘 하이드록시에틸아크릴레이트/소듐아크릴로일다이메틸타우레이트코폴리머 판테놀 아크릴레이트/C10-30알킬아크릴레이트크로스폴리머 다이메티콘올 폴리메틸실세스퀴옥세인 트로메타민 다이포타슘글리시리제이트 글리세릴아크릴레이트/아크릴릭애씨드코폴리머 에틸헥실글리세린 잔탄검 병풀잎추출물 프룩토올리고사카라이드 소듐파이테이트 알란토인 락토바실러스발효물 락토바실러스/콩발효추출물 류코노스톡/무발효여과물 효모발효추출물 토코페롤 에피갈로카테킨갈레이트 마데카소사이드 베타-글루칸 병풀추출물 아시아티코사이드 마데카식애씨드 아시아틱애씨드,1
F0009,티트리 진정 수분 앰플,풀핏 프로폴리스 시너지 토너,어린쑥 수분진정 플루이드,어린쑥 수분진정크림,"티트리 진정 수분 앰플,풀핏 프로폴리스 시너지 토너,어린쑥 수분진정 플루이드,어린쑥 수분진정크림","['티트리잎수(920', '879 ppm)', '인도멀구슬나무잎추출물', '인도멀구슬나무꽃추출물', '카카오씨추출물', '티트리잎추출물(10 ppm)', '티트리추출물(10 ppm)', '티트리잎오일(10 ppm)', '하이드로제네이티드레시틴', '아크릴레이트/C10-30알킬아크릴레이트크로스폴리머', '다이소듐이디티에이', '트로메타민', '덱스트린', '4-터피네올', '락토바실러스발효물', '에틸헥실글리세린', '프로폴리스추출물', '꿀추출물', '베타인', '결명자추출물', '판테놀', '폴리글리세릴-10라우레이트', '폴리글리세릴-10미리스테이트', '에틸헥실글리세린', '소듐하이알루로네이트', '하이드록시에틸아크릴레이트/소듐아크릴로일다이메틸타우레이트코폴리머', '황해쑥잎수(18', '944 ppm)', '피씨에이다이메티콘', '천궁수', '왜당귀뿌리수', '실리카', '판테놀(5', '000 ppm)', '폴리메틸실세스퀴옥세인', '암모늄아크릴로일다이메틸타우레이트/브이피코폴리머', '폴리글리세릴-6카프릴레이트', '폴리글리세릴-4카프레이트', '아크릴레이트/C10-30알킬아크릴레이트크로스폴리머', '트로메타민', '잔탄검', '글리세릴카프릴레이트', '향료', '에틸헥실글리세린', '다이소듐이디티에이', '레시틴', '락토바실러스발효물', '이눌린라우릴카바메이트', '황해쑥잎추출물(10 ppm)', '병풀꽃/잎/줄기추출물', '토코페롤', '황해쑥잎수(35', '724ppm)', '']",티트리잎수(920 879 ppm) 인도멀구슬나무잎추출물 인도멀구슬나무꽃추출물 카카오씨추출물 티트리잎추출물(10 ppm) 티트리추출물(10 ppm) 티트리잎오일(10 ppm) 하이드로제네이티드레시틴 아크릴레이트/C10-30알킬아크릴레이트크로스폴리머 다이소듐이디티에이 트로메타민 덱스트린 4-터피네올 락토바실러스발효물 에틸헥실글리세린 프로폴리스추출물 꿀추출물 베타인 결명자추출물 판테놀 폴리글리세릴-10라우레이트 폴리글리세릴-10미리스테이트 에틸헥실글리세린 소듐하이알루로네이트 하이드록시에틸아크릴레이트/소듐아크릴로일다이메틸타우레이트코폴리머 황해쑥잎수(18 944 ppm) 피씨에이다이메티콘 천궁수 왜당귀뿌리수 실리카 판테놀(5 000 ppm) 폴리메틸실세스퀴옥세인 암모늄아크릴로일다이메틸타우레이트/브이피코폴리머 폴리글리세릴-6카프릴레이트 폴리글리세릴-4카프레이트 아크릴레이트/C10-30알킬아크릴레이트크로스폴리머 트로메타민 잔탄검 글리세릴카프릴레이트 향료 에틸헥실글리세린 다이소듐이디티에이 레시틴 락토바실러스발효물 이눌린라우릴카바메이트 황해쑥잎추출물(10 ppm) 병풀꽃/잎/줄기추출물 토코페롤 황해쑥잎수(35 724ppm) ,1
F0010,"코스알엑스 더 비타민씨 23 세럼 20g, 체리 콜라겐 퍼밍 캡슐 앰플",3번 결광가득 에센스 토너,오가니언스 베리어 리페어 하이드레이션 크림 에멀젼,베리어 리커버리 크림,"코스알엑스 더 비타민씨 23 세럼 20g, 체리 콜라겐 퍼밍 캡슐 앰플,3번 결광가득 에센스 토너,오가니언스 베리어 리페어 하이드레이션 크림 에멀젼,베리어 리커버리 크림","['아스코빅애씨드', '다이메티콘', '트로메타민', '판테놀', '에칠아스코빌에텔', '스쿠알란', '카페인', '소듐클로라이드', '소듐하이알루로네이트', '다이소듐이디티에이', '글루타티온', '아데노신', '아세틸글루코사민', '치자추출물', '알란토인', '덱스트린', '토코트라이엔올', '토코페롤', '오일팜오일', '알지닌', '나이아신아마이드', '해바라기씨오일', '스페인감초뿌리추출물', '잇꽃씨오일', '동백나무씨오일', '당근추출물', '베타-카로틴', '글리세레스-26', '나이아신아마이드', '메틸글루세스-20', '메도우스위트추출물', '락토코쿠스/녹두추출물발효여과물', '락토바실러스/쌀발효물', '클로렐라발효물', '락토바실러스/조류추출발효물', '효모/포도발효추출물', '락토바실러스/호박발효추출물', '락토바실러스/콩발효추출물', '락토바실러스/콩추출물발효여과물', '효모/쌀발효여과추출물', '효모/보리씨발효여과물', '효모/칼슘발효물', '효모/슈가캘프발효물', '효모/감자추출물발효여과물', '락토바실러스/여바산타발효추출물', '락토바실러스/부레옥잠발효물', '락토바실러스/호밀가루발효물', '락토바실러스/히비스커스꽃발효여과물', '락토바실러스/우유발효여과물', '락토바실러스/홍삼발효여과물', '락토바실러스/아세로라체리발효물', '락토바실러스발효물', '락토바실러스발효용해여과물', '락토코커스/우유발효용해물', '락토코쿠스발효물', '락토코쿠스발효추출물', '락토코쿠스발효용해물', '스트렙토코쿠스 테르모필루스발효물', '흑효모발효여과물', '비피다발효여과물', '비피다발효추출물', '류코노스톡/무발효여과물', '락토바실러스/고추냉이뿌리발효추출물', '락토바실러스/석류발효추출물', '바실러스/글루타믹애씨드발효여과물', '바실러스/쌀겨추출물/콩추출물발효여과물', '모나스커스/쌀발효물', '효모/쌀겨발효여과추출물', '효모/쌀겨발효물', '락토바실러스/배즙발효여과물', '피키아발효용해여과물', '알테로모나스발효추출물', '효모/율무씨발효여과물', '효모/콩단백질발효물', '스핑고모나스발효추출물', '효모/공작석발효물', '효모발효물', '효모발효여과물', '스키조사카로미세스발효여과물', '아스퍼질러스발효물', '아스퍼질러스/글루코오스/콩/전분발효여과물', '센티드제라늄꽃오일', '소듐하이알루로네이트', '폴리글리세릴-10라우레이트', '세테아릴알코올', '베타인', '아크릴레이트/C10-30알킬아크릴레이트크로스폴리머', '트로메타민', '폴리쿼터늄-51', '하이드록시에틸셀룰로오스', '아데노신', '제라니올', '시트로넬올', '펜타에리스리틸테트라에틸헥사노에이트', '하이드로제네이티드폴리아이소부텐', '하이드로제네이티드폴리(C6-14올레핀)', '비스-하이드록시에톡시프로필다이메티콘', '글리세릴스테아레이트시트레이트', '글리세릴스테아레이트', '세테아릴알코올', '하이드로제네이티드식물성오일', '락토바실러스발효용해물', '스테아릭애씨드', '페닐트라이메티콘', '해바라기씨오일', '글리세릴폴리메타크릴레이트', '팔미틱애씨드', '카보머', '당근추출물', '잔탄검', '글리세릴카프릴레이트', '호두추출물', '에틸헥실글리세린', '소듐폴리아크릴로일다이메틸타우레이트', '트로메타민', '다이소듐이디티에이', '다이포타슘글리시리제이트', '알란토인', '마데카소사이드', '콩폴리펩타이드', '제라니올', '덱스트린', '카카오추출물', '필리핀오렌지껍질오일', '광곽향오일', '베타-카로틴', '베르가모트오일', '리날룰', '토코페롤', '검정콩오일', '시트로넬올', '마트리카리아꽃오일', '센티드제라늄꽃오일', '팔마로사오일', '라벤더오일', '오렌지껍질추출물', '피마자씨오일', '세라마이드엔피', '소듐하이알루로네이트', '하이드로제네이티드레시틴', '로즈마리잎오일', '하이드로제네이티드포스파티딜콜린', '피토스핑고신', '콜레스테롤', '하이드롤라이즈드하이알루로닉애씨드', '다마스크장미꽃오일', '하이알루로닉애씨드', '소듐하이알루로네이트크로스폴리머', '카놀라오일', '로즈마리잎추출물', '소듐아세틸레이티드하이알루로네이트', '판테놀', '스쿠알란', '세테아릴올리베이트', '메도우폼씨오일', '마카다미아씨오일', '솔비탄올리베이트', '시어버터', '세테아릴알코올', '합성비즈왁스', '폴리글리세릴-2스테아레이트', '폴리글리세릴-3메틸글루코오스다이스테아레이트', '비닐다이메티콘', '글리세릴스테아레이트', '하이드롤라이즈드호호바에스터', '글리세레스-26', '스테아릴알코올', '폴리글리세릴-3다이스테아레이트', '세라마이드엔피', '카보머', '호호바씨오일', '소듐폴리아크릴로일다이메틸타우레이트', '하이드로제네이티드레시틴', '트로메타민', '토코페롤', '글리세릴스테아레이트시트레이트', '쑥잎추출물', '해바라기씨오일', '베타-시토스테롤', '다이포타슘글리시리제이트', '에틸헥실글리세린', '폴리글리세릴-10스테아레이트', '다이소듐이디티에이', '베타-글루칸', '다이포타슘포스페이트', '아세틸글루타민', '하이알루로닉애씨드', '하이드롤라이즈드하이알루로닉애씨드', '소듐하이알루로네이트', '트라이데세스-10', '바나나추출물', '서양송악잎/줄기추출물', '카카오추출물', '암모늄폴리아크릴로일다이메틸타우레이트', '코코넛야자오일', '비치스트로베리추출물', '치자꽃추출물', '발삼아미리스껍질오일', '목서꽃추출물', '자주천인국추출물', '셀룰로오스검']",아스코빅애씨드 다이메티콘 트로메타민 판테놀 에칠아스코빌에텔 스쿠알란 카페인 소듐클로라이드 소듐하이알루로네이트 다이소듐이디티에이 글루타티온 아데노신 아세틸글루코사민 치자추출물 알란토인 덱스트린 토코트라이엔올 토코페롤 오일팜오일 알지닌 나이아신아마이드 해바라기씨오일 스페인감초뿌리추출물 잇꽃씨오일 동백나무씨오일 당근추출물 베타-카로틴 글리세레스-26 나이아신아마이드 메틸글루세스-20 메도우스위트추출물 락토코쿠스/녹두추출물발효여과물 락토바실러스/쌀발효물 클로렐라발효물 락토바실러스/조류추출발효물 효모/포도발효추출물 락토바실러스/호박발효추출물 락토바실러스/콩발효추출물 락토바실러스/콩추출물발효여과물 효모/쌀발효여과추출물 효모/보리씨발효여과물 효모/칼슘발효물 효모/슈가캘프발효물 효모/감자추출물발효여과물 락토바실러스/여바산타발효추출물 락토바실러스/부레옥잠발효물 락토바실러스/호밀가루발효물 락토바실러스/히비스커스꽃발효여과물 락토바실러스/우유발효여과물 락토바실러스/홍삼발효여과물 락토바실러스/아세로라체리발효물 락토바실러스발효물 락토바실러스발효용해여과물 락토코커스/우유발효용해물 락토코쿠스발효물 락토코쿠스발효추출물 락토코쿠스발효용해물 스트렙토코쿠스 테르모필루스발효물 흑효모발효여과물 비피다발효여과물 비피다발효추출물 류코노스톡/무발효여과물 락토바실러스/고추냉이뿌리발효추출물 락토바실러스/석류발효추출물 바실러스/글루타믹애씨드발효여과물 바실러스/쌀겨추출물/콩추출물발효여과물 모나스커스/쌀발효물 효모/쌀겨발효여과추출물 효모/쌀겨발효물 락토바실러스/배즙발효여과물 피키아발효용해여과물 알테로모나스발효추출물 효모/율무씨발효여과물 효모/콩단백질발효물 스핑고모나스발효추출물 효모/공작석발효물 효모발효물 효모발효여과물 스키조사카로미세스발효여과물 아스퍼질러스발효물 아스퍼질러스/글루코오스/콩/전분발효여과물 센티드제라늄꽃오일 소듐하이알루로네이트 폴리글리세릴-10라우레이트 세테아릴알코올 베타인 아크릴레이트/C10-30알킬아크릴레이트크로스폴리머 트로메타민 폴리쿼터늄-51 하이드록시에틸셀룰로오스 아데노신 제라니올 시트로넬올 펜타에리스리틸테트라에틸헥사노에이트 하이드로제네이티드폴리아이소부텐 하이드로제네이티드폴리(C6-14올레핀) 비스-하이드록시에톡시프로필다이메티콘 글리세릴스테아레이트시트레이트 글리세릴스테아레이트 세테아릴알코올 하이드로제네이티드식물성오일 락토바실러스발효용해물 스테아릭애씨드 페닐트라이메티콘 해바라기씨오일 글리세릴폴리메타크릴레이트 팔미틱애씨드 카보머 당근추출물 잔탄검 글리세릴카프릴레이트 호두추출물 에틸헥실글리세린 소듐폴리아크릴로일다이메틸타우레이트 트로메타민 다이소듐이디티에이 다이포타슘글리시리제이트 알란토인 마데카소사이드 콩폴리펩타이드 제라니올 덱스트린 카카오추출물 필리핀오렌지껍질오일 광곽향오일 베타-카로틴 베르가모트오일 리날룰 토코페롤 검정콩오일 시트로넬올 마트리카리아꽃오일 센티드제라늄꽃오일 팔마로사오일 라벤더오일 오렌지껍질추출물 피마자씨오일 세라마이드엔피 소듐하이알루로네이트 하이드로제네이티드레시틴 로즈마리잎오일 하이드로제네이티드포스파티딜콜린 피토스핑고신 콜레스테롤 하이드롤라이즈드하이알루로닉애씨드 다마스크장미꽃오일 하이알루로닉애씨드 소듐하이알루로네이트크로스폴리머 카놀라오일 로즈마리잎추출물 소듐아세틸레이티드하이알루로네이트 판테놀 스쿠알란 세테아릴올리베이트 메도우폼씨오일 마카다미아씨오일 솔비탄올리베이트 시어버터 세테아릴알코올 합성비즈왁스 폴리글리세릴-2스테아레이트 폴리글리세릴-3메틸글루코오스다이스테아레이트 비닐다이메티콘 글리세릴스테아레이트 하이드롤라이즈드호호바에스터 글리세레스-26 스테아릴알코올 폴리글리세릴-3다이스테아레이트 세라마이드엔피 카보머 호호바씨오일 소듐폴리아크릴로일다이메틸타우레이트 하이드로제네이티드레시틴 트로메타민 토코페롤 글리세릴스테아레이트시트레이트 쑥잎추출물 해바라기씨오일 베타-시토스테롤 다이포타슘글리시리제이트 에틸헥실글리세린 폴리글리세릴-10스테아레이트 다이소듐이디티에이 베타-글루칸 다이포타슘포스페이트 아세틸글루타민 하이알루로닉애씨드 하이드롤라이즈드하이알루로닉애씨드 소듐하이알루로네이트 트라이데세스-10 바나나추출물 서양송악잎/줄기추출물 카카오추출물 암모늄폴리아크릴로일다이메틸타우레이트 코코넛야자오일 비치스트로베리추출물 치자꽃추출물 발삼아미리스껍질오일 목서꽃추출물 자주천인국추출물 셀룰로오스검,0
F0011,"레티노타이트닝 비타민A 레티놀 앰플,마데카 마이크로 스타톡 세럼,뮤제너 피토 수딩 앰플 대용량 기획",3번 결광가득 에센스 토너,아토베리어365 로션,아쿠아 스쿠알란 수분크림,"레티노타이트닝 비타민A 레티놀 앰플,마데카 마이크로 스타톡 세럼,뮤제너 피토 수딩 앰플 대용량 기획,3번 결광가득 에센스 토너,아토베리어365 로션,아쿠아 스쿠알란 수분크림","['하이드로제네이티드폴리(C6-14올레핀)', '나이아신아마이드', '세틸에틸헥사노에이트', '펜타에리스리틸테트라에틸헥사노에이트', '하이드록시피나콜론레티노에이트(1', '000ppm)', '아데노신', '판테놀', '알란토인', '소듐하이알루로네이트', '하이드롤라이즈드글라이코사미노글리칸', '다이포타슘글리시리제이트', '병풀추출물', '녹차추출물', '마트리카리아꽃/잎추출물', '버지니아풍년화잎추출물', '베타인', '토코페롤', '하이드로제네이티드식물성오일', '카보머', '판토락톤', '에틸헥실글리세린', '글리세릴스테아레이트', '폴리글리세릴-3메틸글루코오스다이스테아레이트', '스테아릭애씨드', '세테아릴알코올', '베헤닐알코올', '트로메타민', '다이소듐이디티에이', '다이메티콘', '향료', '병풀추출물(20.5ml)', '카프릴릭/카프릭트리글리세라이드', '나이아신아마이드', '하이드로제네이티드레시틴', '프로판디올', '병풀잎추출물', '카라기난추출물', '사탕수수추출물', '베르가모트열매오일', '해바라기씨오일', '올리브오일', '센티드제라늄꽃오일', '오렌지오일', '왕귤껍질오일', '라벤더오일', '일랑일랑꽃오일', '아틀라스시다껍질오일', '다마스크장미꽃오일', '쟈스민오일', '쓴쑥추출물', '장미꽃오일', '갈바눔수지오일', '서양측백나무잎오일', '하이드롤라이즈드식물성단백질', '스위트아몬드씨추출물', '리모니아아시디씨추출물', '자일리톨', '효모추출물', '무화과추출물', '은행추출물', '오디추출물', '석류추출물', '라벤더추출물', '오레가노잎/꽃/줄기추출물', '로즈마리추출물', '선백리향추출물', '메칠글루세스-10', '1', '2-헥산디올', '판테놀', '아시아티코사이드', '마데카식애씨드(4', '000ppm)피이지-60하이드로제네이티드캐스터오일', '디메치콘', '아시아틱애씨드', '아크릴레이트/C10-30알킬아크릴레이트크로스폴리머', '트로메타민', '암모늄아크릴로일디메칠타우레이트/베헤네스-25메타크릴레이트크로스폴리머', '소듐폴리아크릴레이트', '피이지-14M', '이눌린라우릴카바메이트', '이소세틸스테아레이트', '옥탄디올', '아데노신', '피토스테릴마카다미에이트', '폴리글리세릴-10스테아레이트', '팔미틱애씨드', '스테아릭애씨드', '실리카', '세테아레스-20', '코파이바발삼레진', '디펩타이드디아미노부티로일벤질아마이드디아세테이트', '팔미토일트리펩타이드-5', '테트라데실아미노부티로일발릴아미노부티릭우레아트리플루오로아세테이트', '마그네슘클로라이드', '비사볼올', '하이드롤라이즈드하이알루로닉애씨드', '말토덱스트린', '자일리틸글루코사이드', '무수자일리톨', '세라마이드엔피', '베헤닐알코올', '세테아릴알코올', '디소듐이디티에이', '잔탄검', '알로에베라잎즙', '판테놀', '암모늄아크릴로일다이메틸타우레이트/브이피코폴리머', '수용성프로테오글리칸', '알란토인', '마데카소사이드', '소듐하이알루로네이트', '잔탄검', '판토락톤', '하이드록시페닐프로파미도벤조익애씨드', '베타-글루칸', '병풀잎추출물', '스페인감초뿌리추출물', '녹차추출물', '알로에베라잎폴리사카라이드', '아스코빌팔미테이트', '포트마리골드꽃추출물', '쇠비름추출물', '글리세레스-26', '나이아신아마이드', '메틸글루세스-20', '메도우스위트추출물', '락토코쿠스/녹두추출물발효여과물', '락토바실러스/쌀발효물', '클로렐라발효물', '락토바실러스/조류추출발효물', '효모/포도발효추출물', '락토바실러스/호박발효추출물', '락토바실러스/콩발효추출물', '락토바실러스/콩추출물발효여과물', '효모/쌀발효여과추출물', '효모/보리씨발효여과물', '효모/칼슘발효물', '효모/슈가캘프발효물', '효모/감자추출물발효여과물', '락토바실러스/여바산타발효추출물', '락토바실러스/부레옥잠발효물', '락토바실러스/호밀가루발효물', '락토바실러스/히비스커스꽃발효여과물', '락토바실러스/우유발효여과물', '락토바실러스/홍삼발효여과물', '락토바실러스/아세로라체리발효물', '락토바실러스발효물', '락토바실러스발효용해여과물', '락토코커스/우유발효용해물', '락토코쿠스발효물', '락토코쿠스발효추출물', '락토코쿠스발효용해물', '스트렙토코쿠스 테르모필루스발효물', '흑효모발효여과물', '비피다발효여과물', '비피다발효추출물', '류코노스톡/무발효여과물', '락토바실러스/고추냉이뿌리발효추출물', '락토바실러스/석류발효추출물', '바실러스/글루타믹애씨드발효여과물', '바실러스/쌀겨추출물/콩추출물발효여과물', '모나스커스/쌀발효물', '효모/쌀겨발효여과추출물', '효모/쌀겨발효물', '락토바실러스/배즙발효여과물', '피키아발효용해여과물', '알테로모나스발효추출물', '효모/율무씨발효여과물', '효모/콩단백질발효물', '스핑고모나스발효추출물', '효모/공작석발효물', '효모발효물', '효모발효여과물', '스키조사카로미세스발효여과물', '아스퍼질러스발효물', '아스퍼질러스/글루코오스/콩/전분발효여과물', '센티드제라늄꽃오일', '소듐하이알루로네이트', '폴리글리세릴-10라우레이트', '세테아릴알코올', '베타인', '아크릴레이트/C10-30알킬아크릴레이트크로스폴리머', '트로메타민', '폴리쿼터늄-51', '하이드록시에틸셀룰로오스', '아데노신', '제라니올', '시트로넬올', '다이메티콘', '스쿠알란', '펜타에리스리틸테트라아이소스테아레이트', '베타인', '폴리글리세릴-3메틸글루코오스다이스테아레이트', '부틸렌글라이콜다이카프릴레이트/다이카프레이트', '팔미틱애씨드', '스테아릭애씨드', '하이드록시에틸아크릴레이트/소듐아크릴로일다이메틸타우레이트코폴리머', '글리세릴스테아레이트', '하이드록시프로필비스팔미타마이드엠이에이', '글리세릴스테아레이트시트레이트', '콜레스테롤', '나이아신아마이드', '다이메티콘올', '하이드록시프로필비스라우라마이드엠이에이', '베헤닐알코올', '글리세릴카프릴레이트', '카보머', '다이소듐이디티에이', '에틸헥실글리세린', '트로메타민', '솔비탄아이소스테아레이트', '피토스핑고신', '만니톨', '세라마이드엔피', '토코페롤', '하이드로제네이티드레시틴', '아크릴레이트/암모늄메타크릴레이트코폴리머', '실리카', '스핑고리피드', '아라키딕애씨드', '올레익애씨드', '스쿠알란(150', '000ppm)', '베타인', '판테놀', '소듐하이알루로네이트', '하이드롤라이즈드콜라겐', '하이드록시프로필트라이모늄하이알루로네이트', '하이드롤라이즈드하이알루로닉애씨드', '소듐아세틸레이티드하이알루로네이트', '아세틸헥사펩타이드-8', '아데노신', '하이알루로닉애씨드', '하이드롤라이즈드소듐하이알루로네이트', '소듐하이알루로네이트크로스폴리머', '포타슘하이알루로네이트', '아크릴레이트/C10-30알킬아크릴레이트크로스폴리머', '알지닌', '알란토인', '자일리틸글루코사이드', '안하이드로자일리톨', '자일리톨', '글루코오스', '암모늄아크릴로일다이메틸타우레이트/브이피코폴리머', '카프릴릴글라이콜']",하이드로제네이티드폴리(C6-14올레핀) 나이아신아마이드 세틸에틸헥사노에이트 펜타에리스리틸테트라에틸헥사노에이트 하이드록시피나콜론레티노에이트(1 000ppm) 아데노신 판테놀 알란토인 소듐하이알루로네이트 하이드롤라이즈드글라이코사미노글리칸 다이포타슘글리시리제이트 병풀추출물 녹차추출물 마트리카리아꽃/잎추출물 버지니아풍년화잎추출물 베타인 토코페롤 하이드로제네이티드식물성오일 카보머 판토락톤 에틸헥실글리세린 글리세릴스테아레이트 폴리글리세릴-3메틸글루코오스다이스테아레이트 스테아릭애씨드 세테아릴알코올 베헤닐알코올 트로메타민 다이소듐이디티에이 다이메티콘 향료 병풀추출물(20.5ml) 카프릴릭/카프릭트리글리세라이드 나이아신아마이드 하이드로제네이티드레시틴 프로판디올 병풀잎추출물 카라기난추출물 사탕수수추출물 베르가모트열매오일 해바라기씨오일 올리브오일 센티드제라늄꽃오일 오렌지오일 왕귤껍질오일 라벤더오일 일랑일랑꽃오일 아틀라스시다껍질오일 다마스크장미꽃오일 쟈스민오일 쓴쑥추출물 장미꽃오일 갈바눔수지오일 서양측백나무잎오일 하이드롤라이즈드식물성단백질 스위트아몬드씨추출물 리모니아아시디씨추출물 자일리톨 효모추출물 무화과추출물 은행추출물 오디추출물 석류추출물 라벤더추출물 오레가노잎/꽃/줄기추출물 로즈마리추출물 선백리향추출물 메칠글루세스-10 1 2-헥산디올 판테놀 아시아티코사이드 마데카식애씨드(4 000ppm)피이지-60하이드로제네이티드캐스터오일 디메치콘 아시아틱애씨드 아크릴레이트/C10-30알킬아크릴레이트크로스폴리머 트로메타민 암모늄아크릴로일디메칠타우레이트/베헤네스-25메타크릴레이트크로스폴리머 소듐폴리아크릴레이트 피이지-14M 이눌린라우릴카바메이트 이소세틸스테아레이트 옥탄디올 아데노신 피토스테릴마카다미에이트 폴리글리세릴-10스테아레이트 팔미틱애씨드 스테아릭애씨드 실리카 세테아레스-20 코파이바발삼레진 디펩타이드디아미노부티로일벤질아마이드디아세테이트 팔미토일트리펩타이드-5 테트라데실아미노부티로일발릴아미노부티릭우레아트리플루오로아세테이트 마그네슘클로라이드 비사볼올 하이드롤라이즈드하이알루로닉애씨드 말토덱스트린 자일리틸글루코사이드 무수자일리톨 세라마이드엔피 베헤닐알코올 세테아릴알코올 디소듐이디티에이 잔탄검 알로에베라잎즙 판테놀 암모늄아크릴로일다이메틸타우레이트/브이피코폴리머 수용성프로테오글리칸 알란토인 마데카소사이드 소듐하이알루로네이트 잔탄검 판토락톤 하이드록시페닐프로파미도벤조익애씨드 베타-글루칸 병풀잎추출물 스페인감초뿌리추출물 녹차추출물 알로에베라잎폴리사카라이드 아스코빌팔미테이트 포트마리골드꽃추출물 쇠비름추출물 글리세레스-26 나이아신아마이드 메틸글루세스-20 메도우스위트추출물 락토코쿠스/녹두추출물발효여과물 락토바실러스/쌀발효물 클로렐라발효물 락토바실러스/조류추출발효물 효모/포도발효추출물 락토바실러스/호박발효추출물 락토바실러스/콩발효추출물 락토바실러스/콩추출물발효여과물 효모/쌀발효여과추출물 효모/보리씨발효여과물 효모/칼슘발효물 효모/슈가캘프발효물 효모/감자추출물발효여과물 락토바실러스/여바산타발효추출물 락토바실러스/부레옥잠발효물 락토바실러스/호밀가루발효물 락토바실러스/히비스커스꽃발효여과물 락토바실러스/우유발효여과물 락토바실러스/홍삼발효여과물 락토바실러스/아세로라체리발효물 락토바실러스발효물 락토바실러스발효용해여과물 락토코커스/우유발효용해물 락토코쿠스발효물 락토코쿠스발효추출물 락토코쿠스발효용해물 스트렙토코쿠스 테르모필루스발효물 흑효모발효여과물 비피다발효여과물 비피다발효추출물 류코노스톡/무발효여과물 락토바실러스/고추냉이뿌리발효추출물 락토바실러스/석류발효추출물 바실러스/글루타믹애씨드발효여과물 바실러스/쌀겨추출물/콩추출물발효여과물 모나스커스/쌀발효물 효모/쌀겨발효여과추출물 효모/쌀겨발효물 락토바실러스/배즙발효여과물 피키아발효용해여과물 알테로모나스발효추출물 효모/율무씨발효여과물 효모/콩단백질발효물 스핑고모나스발효추출물 효모/공작석발효물 효모발효물 효모발효여과물 스키조사카로미세스발효여과물 아스퍼질러스발효물 아스퍼질러스/글루코오스/콩/전분발효여과물 센티드제라늄꽃오일 소듐하이알루로네이트 폴리글리세릴-10라우레이트 세테아릴알코올 베타인 아크릴레이트/C10-30알킬아크릴레이트크로스폴리머 트로메타민 폴리쿼터늄-51 하이드록시에틸셀룰로오스 아데노신 제라니올 시트로넬올 다이메티콘 스쿠알란 펜타에리스리틸테트라아이소스테아레이트 베타인 폴리글리세릴-3메틸글루코오스다이스테아레이트 부틸렌글라이콜다이카프릴레이트/다이카프레이트 팔미틱애씨드 스테아릭애씨드 하이드록시에틸아크릴레이트/소듐아크릴로일다이메틸타우레이트코폴리머 글리세릴스테아레이트 하이드록시프로필비스팔미타마이드엠이에이 글리세릴스테아레이트시트레이트 콜레스테롤 나이아신아마이드 다이메티콘올 하이드록시프로필비스라우라마이드엠이에이 베헤닐알코올 글리세릴카프릴레이트 카보머 다이소듐이디티에이 에틸헥실글리세린 트로메타민 솔비탄아이소스테아레이트 피토스핑고신 만니톨 세라마이드엔피 토코페롤 하이드로제네이티드레시틴 아크릴레이트/암모늄메타크릴레이트코폴리머 실리카 스핑고리피드 아라키딕애씨드 올레익애씨드 스쿠알란(150 000ppm) 베타인 판테놀 소듐하이알루로네이트 하이드롤라이즈드콜라겐 하이드록시프로필트라이모늄하이알루로네이트 하이드롤라이즈드하이알루로닉애씨드 소듐아세틸레이티드하이알루로네이트 아세틸헥사펩타이드-8 아데노신 하이알루로닉애씨드 하이드롤라이즈드소듐하이알루로네이트 소듐하이알루로네이트크로스폴리머 포타슘하이알루로네이트 아크릴레이트/C10-30알킬아크릴레이트크로스폴리머 알지닌 알란토인 자일리틸글루코사이드 안하이드로자일리톨 자일리톨 글루코오스 암모늄아크릴로일다이메틸타우레이트/브이피코폴리머 카프릴릴글라이콜,0
F0012,"어성초 에센스 카밍펌프,히알루B5 세럼",그린토마토 포어 리프팅 앰플 토너,어린쑥 수분진정 플루이드,어니언 뉴페어 겔크림,"어성초 에센스 카밍펌프,히알루B5 세럼,그린토마토 포어 리프팅 앰플 토너,어린쑥 수분진정 플루이드,어니언 뉴페어 겔크림","['약모밀추출물', '글리세레스-26', '아이리쉬모스추출물', '사탕수수추출물', '워터민트추출물', '소듐하이알루로네이트', '파스향나무잎추출물', '하이드록시에틸우레아', '판테놀', '암모늄아크릴로일다이메틸타우레이트/브이피코폴리머', '아크릴레이트/C10-30알킬아크릴레이트크로스폴리머', '트로메타민', '카프릴릴글라이콜', '석시닉애씨드', '잔탄검', '판테놀', '디메치콘', '피이지-6카프릴릭/카프릭글리세라이드', '피피지-6-데실테트라데세스-30', '글리세릴이소스테아레이트', '마데카소사이드', '소듐하이알루로네이트', '암모늄폴리아크릴로일디메칠타우레이트', '디소듐이디티에이', '하이드롤라이즈드하이알루로닉애씨드', '카프릴릴글라이콜', '시트릭애씨드', '잔탄검', '토코페롤', '향료', '나이아신아마이드', '토마토추출물(10', '000ppm)', '아데노신', '글리세릴글루코사이드', '자일리톨', '글루코노락톤', '알란토인', '트레할로오스', '판테놀', '인도멀구슬나무잎추출물', '자일리틸글루코사이드', '안하이드로자일리톨', '인도멀구슬나무꽃추출물', '달맞이꽃추출물', '칡뿌리추출물', '대왕송잎추출물', '당느릅나무뿌리추출물', '세라마이드엔피', '토코페롤', '하이드로제네이티드폴리아이소부텐', '소듐하이알루로네이트크로스폴리머', '하이드롤라이즈드글라이코사미노글리칸', '하이드롤라이즈드콜라겐', '소듐하이알루로네이트', '데이지꽃추출물', '하이드롤라이즈드하이알루로닉애씨드', '하이알루로닉애씨드', '지모뿌리추출물', 'C12-13파레스-9', '에틸헥실글리세린', '하이드롤라이즈드스클레로튬검', '페네틸알코올', '소듐클로라이드', '포타슘클로라이드', '다이소듐포스페이트', '포타슘포스페이트', '황해쑥잎수(18', '944 ppm)', '피씨에이다이메티콘', '천궁수', '왜당귀뿌리수', '실리카', '판테놀(5', '000 ppm)', '폴리메틸실세스퀴옥세인', '암모늄아크릴로일다이메틸타우레이트/브이피코폴리머', '폴리글리세릴-6카프릴레이트', '폴리글리세릴-4카프레이트', '아크릴레이트/C10-30알킬아크릴레이트크로스폴리머', '트로메타민', '잔탄검', '글리세릴카프릴레이트', '향료', '에틸헥실글리세린', '다이소듐이디티에이', '레시틴', '락토바실러스발효물', '이눌린라우릴카바메이트', '황해쑥잎추출물(10 ppm)', '병풀꽃/잎/줄기추출물', '토코페롤', '양파추출물(719', '124ppm)', '나이아신아마이드', '하이드록시에틸아크릴레이트/소듐아크릴로일다이메틸타우레이트코폴리머', '소듐헤파린', '알란토인', '판테놀', '약모밀추출물', '세테아릴알코올', '비닐다이메티콘', '카보머', '세테아릴올리베이트', '솔비톨', '솔비탄올리베이트', '바이오사카라이드검-1', '소듐폴리아크릴로일다이메틸타우레이트', '소듐아스코빌포스페이트', '트로메타민', '인도멀구슬나무잎추출물', '인도멀구슬나무꽃추출물', '솔비탄아이소스테아레이트', '에틸헥실글리세린', '시트릭애씨드', '아데노신', '하이드록시에틸셀룰로오스', '아이비고드열매추출물', '다이소듐이디티에이', '베타인', '소듐시트레이트', '트라넥사믹애씨드', '트라이데세스-10', '가지열매추출물', '하이알루로닉애씨드', '하이드롤라이즈드하이알루로닉애씨드', '소듐하이알루로네이트', '참산호말추출물', '홀리바질잎추출물', '울금뿌리추출물']",약모밀추출물 글리세레스-26 아이리쉬모스추출물 사탕수수추출물 워터민트추출물 소듐하이알루로네이트 파스향나무잎추출물 하이드록시에틸우레아 판테놀 암모늄아크릴로일다이메틸타우레이트/브이피코폴리머 아크릴레이트/C10-30알킬아크릴레이트크로스폴리머 트로메타민 카프릴릴글라이콜 석시닉애씨드 잔탄검 판테놀 디메치콘 피이지-6카프릴릭/카프릭글리세라이드 피피지-6-데실테트라데세스-30 글리세릴이소스테아레이트 마데카소사이드 소듐하이알루로네이트 암모늄폴리아크릴로일디메칠타우레이트 디소듐이디티에이 하이드롤라이즈드하이알루로닉애씨드 카프릴릴글라이콜 시트릭애씨드 잔탄검 토코페롤 향료 나이아신아마이드 토마토추출물(10 000ppm) 아데노신 글리세릴글루코사이드 자일리톨 글루코노락톤 알란토인 트레할로오스 판테놀 인도멀구슬나무잎추출물 자일리틸글루코사이드 안하이드로자일리톨 인도멀구슬나무꽃추출물 달맞이꽃추출물 칡뿌리추출물 대왕송잎추출물 당느릅나무뿌리추출물 세라마이드엔피 토코페롤 하이드로제네이티드폴리아이소부텐 소듐하이알루로네이트크로스폴리머 하이드롤라이즈드글라이코사미노글리칸 하이드롤라이즈드콜라겐 소듐하이알루로네이트 데이지꽃추출물 하이드롤라이즈드하이알루로닉애씨드 하이알루로닉애씨드 지모뿌리추출물 C12-13파레스-9 에틸헥실글리세린 하이드롤라이즈드스클레로튬검 페네틸알코올 소듐클로라이드 포타슘클로라이드 다이소듐포스페이트 포타슘포스페이트 황해쑥잎수(18 944 ppm) 피씨에이다이메티콘 천궁수 왜당귀뿌리수 실리카 판테놀(5 000 ppm) 폴리메틸실세스퀴옥세인 암모늄아크릴로일다이메틸타우레이트/브이피코폴리머 폴리글리세릴-6카프릴레이트 폴리글리세릴-4카프레이트 아크릴레이트/C10-30알킬아크릴레이트크로스폴리머 트로메타민 잔탄검 글리세릴카프릴레이트 향료 에틸헥실글리세린 다이소듐이디티에이 레시틴 락토바실러스발효물 이눌린라우릴카바메이트 황해쑥잎추출물(10 ppm) 병풀꽃/잎/줄기추출물 토코페롤 양파추출물(719 124ppm) 나이아신아마이드 하이드록시에틸아크릴레이트/소듐아크릴로일다이메틸타우레이트코폴리머 소듐헤파린 알란토인 판테놀 약모밀추출물 세테아릴알코올 비닐다이메티콘 카보머 세테아릴올리베이트 솔비톨 솔비탄올리베이트 바이오사카라이드검-1 소듐폴리아크릴로일다이메틸타우레이트 소듐아스코빌포스페이트 트로메타민 인도멀구슬나무잎추출물 인도멀구슬나무꽃추출물 솔비탄아이소스테아레이트 에틸헥실글리세린 시트릭애씨드 아데노신 하이드록시에틸셀룰로오스 아이비고드열매추출물 다이소듐이디티에이 베타인 소듐시트레이트 트라넥사믹애씨드 트라이데세스-10 가지열매추출물 하이알루로닉애씨드 하이드롤라이즈드하이알루로닉애씨드 소듐하이알루로네이트 참산호말추출물 홀리바질잎추출물 울금뿌리추출물,2
F0013,바이탈 씨 좀 토닝 컨센트레이트,다이브인 저분자 히알루론산 토너,DMT 데일리보습 로션,다이브인 저분자 히알루론산 수딩 크림,"바이탈 씨 좀 토닝 컨센트레이트,다이브인 저분자 히알루론산 토너,DMT 데일리보습 로션,다이브인 저분자 히알루론산 수딩 크림","['아스코빅애씨드', '3-O-에틸아스코빅애씨드', '트로메타민', '브로콜리추출물', '클로렐라 불가리스추출물', '울금뿌리추출물', '얼룩파인애플추출물', '장미꽃오일', '멕시칸주니퍼오일', '바실러스/소이빈발효추출물', '락토바실러스/호밀가루발효물', '락토바실러스/소이밀크발효여과물', '피그미핑크캘러스배양추출물', '돌콩오일', '왕귤껍질오일', '라우다이모늄하이드록시프로필하이드롤라이즈드밀단백질', '포도주', '페룰릭애씨드', '폴리글리세릴-10라우레이트', '글루코오스', '글루코실루틴', '프룩토올리고사카라이드', '프룩토오스', '에틸헥실글리세린', '아데노신', '다이포타슘글리시리제이트', '판테놀', '소듐파이테이트', '아이소말트', '하이드로제네이티드레시틴', '세라마이드엔피', '타라검', '레시틴', '토코페롤', '스쿠알란', '말토덱스트린', '피토스테롤', '레티놀', '소듐스테아로일글루타메이트', '아스코빌글루코사이드', '잔탄검', '비에이치티', '시트로넬올', '베타인', '알란토인', '판테놀', '쇠비름추출물', '트레할로오스', '소듐하이알루로네이트', '하이드롤라이즈드하이알루로닉애씨드(100ppm)', '소듐하이알루로네이트크로스폴리머', '하이드롤라이즈드소듐하이알루로네이트', '소듐아세틸레이티드하이알루로네이트', '말라카이트추출물', '다이소듐이디티에이', '에틸헥실글리세린', '■ 정제수', '카프릴릭/카프릭트리글리세라이드', '', '코코넛오일', '기름야자오일', '쉐어버터', '올리브오일', '하이드로제네이티드레시틴', '하이드록시에칠셀룰로오스', '카프릴릴글라이콜', '잔탄검', '스쿠알란', '카보머', '소듐카보머', '세라마이드3', '하이드로제네이티드다이데센', '알란토인', '트레할로오스', '버지니아풍년화추출물', '판테놀', '하이드롤라이즈드하이알루로닉애씨드', '소듐하이알루로네이트', '소듐하이알루로네이트크로스폴리머', '소듐아세틸레이티드하이알루로네이트', '하이드롤라이즈드소듐하이알루로네이트', '글리세릴아크릴레이트/아크릴릭애씨드코폴리머', '피브이엠/엠에이코폴리머', '하이드록시에틸아크릴레이트/소듐아크릴로일다이메틸타우레이트코폴리머', '세테아릴알코올', 'C14-22알코올', 'C12-20알킬글루코사이드', '솔비탄아이소스테아레이트', '인도멀구슬나무잎추출물', '인도멀구슬나무꽃추출물', '아이비고드열매추출물', '가지열매추출물', '홀리바질잎추출물', '울금뿌리추출물', '참산호말추출물', '클레리추출물', '라벤더꽃추출물', '히아신스전초추출물', '마트리카리아꽃추출물', '수레국화꽃추출물', '보리지추출물', '다이소듐이디티에이', '카보머', '트로메타민', '잔탄검', '글루타티온', '말라카이트추출물', '에틸헥실글리세린']",아스코빅애씨드 3-O-에틸아스코빅애씨드 트로메타민 브로콜리추출물 클로렐라 불가리스추출물 울금뿌리추출물 얼룩파인애플추출물 장미꽃오일 멕시칸주니퍼오일 바실러스/소이빈발효추출물 락토바실러스/호밀가루발효물 락토바실러스/소이밀크발효여과물 피그미핑크캘러스배양추출물 돌콩오일 왕귤껍질오일 라우다이모늄하이드록시프로필하이드롤라이즈드밀단백질 포도주 페룰릭애씨드 폴리글리세릴-10라우레이트 글루코오스 글루코실루틴 프룩토올리고사카라이드 프룩토오스 에틸헥실글리세린 아데노신 다이포타슘글리시리제이트 판테놀 소듐파이테이트 아이소말트 하이드로제네이티드레시틴 세라마이드엔피 타라검 레시틴 토코페롤 스쿠알란 말토덱스트린 피토스테롤 레티놀 소듐스테아로일글루타메이트 아스코빌글루코사이드 잔탄검 비에이치티 시트로넬올 베타인 알란토인 판테놀 쇠비름추출물 트레할로오스 소듐하이알루로네이트 하이드롤라이즈드하이알루로닉애씨드(100ppm) 소듐하이알루로네이트크로스폴리머 하이드롤라이즈드소듐하이알루로네이트 소듐아세틸레이티드하이알루로네이트 말라카이트추출물 다이소듐이디티에이 에틸헥실글리세린 ■ 정제수 카프릴릭/카프릭트리글리세라이드  코코넛오일 기름야자오일 쉐어버터 올리브오일 하이드로제네이티드레시틴 하이드록시에칠셀룰로오스 카프릴릴글라이콜 잔탄검 스쿠알란 카보머 소듐카보머 세라마이드3 하이드로제네이티드다이데센 알란토인 트레할로오스 버지니아풍년화추출물 판테놀 하이드롤라이즈드하이알루로닉애씨드 소듐하이알루로네이트 소듐하이알루로네이트크로스폴리머 소듐아세틸레이티드하이알루로네이트 하이드롤라이즈드소듐하이알루로네이트 글리세릴아크릴레이트/아크릴릭애씨드코폴리머 피브이엠/엠에이코폴리머 하이드록시에틸아크릴레이트/소듐아크릴로일다이메틸타우레이트코폴리머 세테아릴알코올 C14-22알코올 C12-20알킬글루코사이드 솔비탄아이소스테아레이트 인도멀구슬나무잎추출물 인도멀구슬나무꽃추출물 아이비고드열매추출물 가지열매추출물 홀리바질잎추출물 울금뿌리추출물 참산호말추출물 클레리추출물 라벤더꽃추출물 히아신스전초추출물 마트리카리아꽃추출물 수레국화꽃추출물 보리지추출물 다이소듐이디티에이 카보머 트로메타민 잔탄검 글루타티온 말라카이트추출물 에틸헥실글리세린,2
F0014,"블랙티 유스 인핸싱 앰플,블랙슈가 퍼펙트 첫세럼 더 에센셜",노스카나인 트러블 클리어 토너,그린티 히알루론산 로션,세라마이딘 울트라 모이스처라이징 크림,"블랙티 유스 인핸싱 앰플,블랙슈가 퍼펙트 첫세럼 더 에센셜,노스카나인 트러블 클리어 토너,그린티 히알루론산 로션,세라마이딘 울트라 모이스처라이징 크림","['나이아신아마이드', '스쿠알란', '글리세릴폴리메타크릴레이트', '세테아릴알코올', '암모늄아크릴로일다이메틸타우레이트/브이피코폴리머', '글리세릴스테아레이트', '잔탄검', '알란토인', '하이드로제네이티드레시틴', '에틸헥실글리세린', '스테아릭애씨드', '폴리글리세릴-3메틸글루코오스다이스테아레이트', '아데노신', '팔미틱애씨드', '향료', '다이소듐이디티에이', '소듐하이알루로네이트', '홍차추출물(100 ppm)', '덱스트린', '카카오추출물', '리날룰', '시트로넬올', '미리스틱애씨드', '라우릭애씨드', '토코페롤', '아크릴레이트/스테아릴메타크릴레이트코폴리머', '흰목이버섯포자낭과추출물', '하이알루로닉애씨드', '서양톱풀추출물', '세라마이드엔피', '흑설탕추출물', '나이아신아마이드', '보검선인장줄기추출물', '버지니아풍년화추출물', '갈락토미세스발효여과물', '마트리카리아추출물', '알로에베라잎추출물', '알지닌', '레몬추출물', '사과추출물', '오렌지추출물', '파파야열매추출물', '타마린드씨검', '피이지-60하이드로제네이티드캐스터오일', '쌀발효여과물', '글라이콜릭애씨드', '톳추출물', '에틸헥실글리세린', '솔비나무줄기추출물', '아데노신', '수크로오스', '글루코오스', '소듐하이알루로네이트', '셀룰로오스검', '판테놀', '잔탄검', '소듐피씨에이', '락토바실러스발효용해여과물', '당밀', '카프릴릴글라이콜', '카라멜', '향료', '시트랄', '글루코노락톤', '글리세레스-26', '트로메타민', '카프릴릴글라이콜', '클로렐라 불가리스추출물', '글루코오스', '판테놀', '프룩토올리고사카라이드', '프룩토오스', '옥틸도데세스-16', '트라이소듐에틸렌다이아민다이석시네이트', '에틸헥실글리세린', '소듐파이테이트', '알란토인', '하이드록시아세토페논', '폴리글리세릴-10라우레이트', '소듐헤파린', '백미꽃추출물', '접시꽃추출물', '카프릴로일살리실릭애씨드', '쑥잎추출물', '토코페롤', '4-터피네올', '카프릴릴/카프릴글루코사이드', '하이드로제네이티드레시틴', '세라마이드엔피', '펜타에리스리틸테트라에틸헥사노에이트', '다이아이소스테아릴말레이트', '나이아신아마이드', 'C14-22알코올', '카보머', '트로메타민', 'C12-20알킬글루코사이드', '락토바실러스발효용해물', '소듐스테아로일글루타메이트', '소듐메타포스페이트', '에틸헥실글리세린', '녹차추출물', '하이알루로닉애씨드', '판테놀', '알지닌', '아스파틱애씨드', '글루타믹애씨드', '글루코노락톤', '소듐하이알루로네이트', '하이드롤라이즈드하이알루로닉애씨드', '소듐하이알루로네이트크로스폴리머', '토코페롤', '소듐아세틸레이티드하이알루로네이트', '사이클로헥사 실록세인', '하이 드로제네이티드폴리데센', '폴리글리 세릴-3메틸글루코오스다이스테아레이트', '펜타에리스 리틸테트라에틸헥사노에이트', '폴리 글리세릴-10스테아레이트', '세라마이드엔피*', '세테아릴 알코올', '펜타에리스리틸다이스테아레이트', '다이메티콘/ 비닐다이메티콘크로스폴리머', '소듐스테아로일글루타 메이트', '다시마추출물', '한련초잎추출물', '맥아추출물', '베타-글루칸', '에틸헥실글리세린', '귀리커넬추출물', '아티 초크잎추출물', '아데노신', '인도멀구슬나무꽃추출물', '프룩토올리고사카라이드', '녹차수', '인도멀구슬나무잎 추출물', '비사보롤', '울금뿌리추출물', '홀리바질잎추출물', '카카오씨추출물', '아르간커넬오일', '하이드롤라이즈드 하이알루로닉애씨드', '참산호말추출물', '센티드제라늄꽃 오일', '수크로오스다이스테아레이트', '피라칸타 포르투 네아나열매추출물', '콜레스테롤', '소듐하이알루로네이트', '엑토인', '세라마이드에이피*', '세라마이드에이에스*', '베르 가모트오일', '세라마이드엔에스*', '세라마이드엔지*', '글라 이코스핑고리피드', '글라이코리피드', '달맞이꽃오일', '세라마이드이오피*', '세라마이드이오에스*', '카프로오일 피토스핑고신', '카프로오일스핑고신', '살비아오일', '광곽향 오일', '토코페롤', '암모늄아크릴로일 다이메틸타우레이트/브이피코폴리머', '다이프로필렌 글라이콜', '아크릴레이트/C10-30알킬아크릴레이트 크로스폴리머', '트로메타민', '잔탄검', '덱스트린', '하이드로 제네이티드레시틴', '폴리쿼터늄-51', '다이카프릴릴카보 네이트', '글리세릴스테아레이트', '세테아레스-25', '세틸 알코올', '베헤닉애씨드', '다이소듐이디티에이', '페녹시 에탄올', '피토스핑고신', '아스코빌팔미테이트']",나이아신아마이드 스쿠알란 글리세릴폴리메타크릴레이트 세테아릴알코올 암모늄아크릴로일다이메틸타우레이트/브이피코폴리머 글리세릴스테아레이트 잔탄검 알란토인 하이드로제네이티드레시틴 에틸헥실글리세린 스테아릭애씨드 폴리글리세릴-3메틸글루코오스다이스테아레이트 아데노신 팔미틱애씨드 향료 다이소듐이디티에이 소듐하이알루로네이트 홍차추출물(100 ppm) 덱스트린 카카오추출물 리날룰 시트로넬올 미리스틱애씨드 라우릭애씨드 토코페롤 아크릴레이트/스테아릴메타크릴레이트코폴리머 흰목이버섯포자낭과추출물 하이알루로닉애씨드 서양톱풀추출물 세라마이드엔피 흑설탕추출물 나이아신아마이드 보검선인장줄기추출물 버지니아풍년화추출물 갈락토미세스발효여과물 마트리카리아추출물 알로에베라잎추출물 알지닌 레몬추출물 사과추출물 오렌지추출물 파파야열매추출물 타마린드씨검 피이지-60하이드로제네이티드캐스터오일 쌀발효여과물 글라이콜릭애씨드 톳추출물 에틸헥실글리세린 솔비나무줄기추출물 아데노신 수크로오스 글루코오스 소듐하이알루로네이트 셀룰로오스검 판테놀 잔탄검 소듐피씨에이 락토바실러스발효용해여과물 당밀 카프릴릴글라이콜 카라멜 향료 시트랄 글루코노락톤 글리세레스-26 트로메타민 카프릴릴글라이콜 클로렐라 불가리스추출물 글루코오스 판테놀 프룩토올리고사카라이드 프룩토오스 옥틸도데세스-16 트라이소듐에틸렌다이아민다이석시네이트 에틸헥실글리세린 소듐파이테이트 알란토인 하이드록시아세토페논 폴리글리세릴-10라우레이트 소듐헤파린 백미꽃추출물 접시꽃추출물 카프릴로일살리실릭애씨드 쑥잎추출물 토코페롤 4-터피네올 카프릴릴/카프릴글루코사이드 하이드로제네이티드레시틴 세라마이드엔피 펜타에리스리틸테트라에틸헥사노에이트 다이아이소스테아릴말레이트 나이아신아마이드 C14-22알코올 카보머 트로메타민 C12-20알킬글루코사이드 락토바실러스발효용해물 소듐스테아로일글루타메이트 소듐메타포스페이트 에틸헥실글리세린 녹차추출물 하이알루로닉애씨드 판테놀 알지닌 아스파틱애씨드 글루타믹애씨드 글루코노락톤 소듐하이알루로네이트 하이드롤라이즈드하이알루로닉애씨드 소듐하이알루로네이트크로스폴리머 토코페롤 소듐아세틸레이티드하이알루로네이트 사이클로헥사 실록세인 하이 드로제네이티드폴리데센 폴리글리 세릴-3메틸글루코오스다이스테아레이트 펜타에리스 리틸테트라에틸헥사노에이트 폴리 글리세릴-10스테아레이트 세라마이드엔피* 세테아릴 알코올 펜타에리스리틸다이스테아레이트 다이메티콘/ 비닐다이메티콘크로스폴리머 소듐스테아로일글루타 메이트 다시마추출물 한련초잎추출물 맥아추출물 베타-글루칸 에틸헥실글리세린 귀리커넬추출물 아티 초크잎추출물 아데노신 인도멀구슬나무꽃추출물 프룩토올리고사카라이드 녹차수 인도멀구슬나무잎 추출물 비사보롤 울금뿌리추출물 홀리바질잎추출물 카카오씨추출물 아르간커넬오일 하이드롤라이즈드 하이알루로닉애씨드 참산호말추출물 센티드제라늄꽃 오일 수크로오스다이스테아레이트 피라칸타 포르투 네아나열매추출물 콜레스테롤 소듐하이알루로네이트 엑토인 세라마이드에이피* 세라마이드에이에스* 베르 가모트오일 세라마이드엔에스* 세라마이드엔지* 글라 이코스핑고리피드 글라이코리피드 달맞이꽃오일 세라마이드이오피* 세라마이드이오에스* 카프로오일 피토스핑고신 카프로오일스핑고신 살비아오일 광곽향 오일 토코페롤 암모늄아크릴로일 다이메틸타우레이트/브이피코폴리머 다이프로필렌 글라이콜 아크릴레이트/C10-30알킬아크릴레이트 크로스폴리머 트로메타민 잔탄검 덱스트린 하이드로 제네이티드레시틴 폴리쿼터늄-51 다이카프릴릴카보 네이트 글리세릴스테아레이트 세테아레스-25 세틸 알코올 베헤닉애씨드 다이소듐이디티에이 페녹시 에탄올 피토스핑고신 아스코빌팔미테이트,2
F0015,"레드수딩 AI 라이트 크림,레티놀 1% 인 스쿠알란",미나리 토너,시그니처 올인원 에센스 모이스처 플러스,엔젤아쿠아 수분 진정 크림,"레드수딩 AI 라이트 크림,레티놀 1% 인 스쿠알란,미나리 토너,시그니처 올인원 에센스 모이스처 플러스,엔젤아쿠아 수분 진정 크림","['나이아신아마이드', '시어버터', '베헤닐알코올', '판테놀', '스쿠알란', '세틸알코올', '하이드로제네이티드레시틴', '베헤닉애씨드', '아이소스테아릴아이소스테아레이트', '카프릴릴글라이콜', '폴리아크릴레이트크로스폴리머-6', '팔미타마이드엠이에이', '소듐카보머', '아세타마이드엠이에이', '소듐하이알루로네이트', '판토락톤', '사코신', 'T-부틸알코올', '세라마이드엔피', '스쿠알란', '호호바씨오일', '레티놀(1%)', '토마추출물', '로즈마리잎추출물', '하이드록시메톡시페닐데카논', '비에이치티', '미나리추출물', '소듐시트레이트', '베타인', '피피지-13-데실테트라데세스-24', '에틸헥실글리세린', '시트릭애씨드', '자일리틸글루코사이드', '안하이드로자일리톨', '알란토인', '판테놀', '병풀추출물', '살비아잎추출물', '마트리카리아추출물', '다이페닐다이메티콘', '자일리톨', '트라이에틸헥사노인', '소듐파이테이트', '글루코오스', '다이포타슘글리시리제이트', '포스포리피드', '폴리글리세릴-10올리에이트', '하이드로제네이티드레시틴', '도금양열매추출물', '유칼립투스잎오일', '류코노스톡/무발효여과물', '베르가모트오일', '해바라기씨오일', '판토테닉애씨드', '살비아오일', '클레리오일', '글리세레스-26', '나이아신아마이드', '스쿠알란', '폴리글리세릴-4카프레이트', '트레할로오스', '글리세레스-25피씨에이아이소스테아레이트', '아크릴레이트/C10-30알킬아크릴레이트크로스폴리머', '트로메타민', '카프릴릴글라이콜', '암모늄아크릴로일다이메틸타우레이트/베헤네스- 25메타크라일레이트크로스폴리머', '하이드록시아세토페논', '다이메티콘/비닐다이메티콘크로스폴리머', '향료', '하이드로제네이티드레시틴', '에틸헥실글리세린', '올리브오일', '아데노신', '시어버터', '소듐하이알루로네이트', '잔탄검', '다이소듐이디티에이', '실리카', '세라마이드엔피', '병풀추출물', '황금추출물', '호장근뿌리추출물', '마트리카리아꽃추출물', '로즈마리잎추출물', '대왕송잎추출물', '칡뿌리추출물', '당느릅나무뿌리추출물', '달맞이꽃추출물', '하이드롤라이즈드하이알루로닉애씨드', '하이드록시프로필트라이모늄하이알루로네이트', '소듐하이알루로네이트크로스폴리머', '소듐아세틸레이티드하이알루로네이트', '팔미토일트라이펩타이드-5', '팔미토일펜타펩타이드-4', '팔미토일트라이펩타이드-1', '팔미토일올리고펩타이드', '팔미토일테트라펩타이드-7', '트라이펩타이드-1', '헥사펩타이드-9', '노나펩타이드-1', '아세틸테트라펩타이드-2', '카퍼트라이펩타이드-1', '아세틸헥사펩타이드-8', '다이메티콘', '나일론-12', '판테놀', '다이메티콘올', '소듐폴리아크릴레이트', '카보머', '트로메타민', '트레할로오스', '락토바실러스/콩발효추출물', '트라이소듐이디티에이', '말라카이트추출물', '효모/감자추출물발효여과물', '효모/보리씨발효여과물', '가시대나무수액', '자작나무수액', '하늘타리뿌리추출물', '소듐하이알루로네이트', '하이드롤라이즈드하이알루로닉애씨드', '전호추출물', '마데카소사이드', '포도덩굴수액', '병풀추출물', '녹차추출물', '호장근뿌리추출물', '황금추출물', '개똥쑥추출물', '님잎추출물', '스페인감초뿌리추출물', '마트리카리아꽃추출물', '로즈마리잎추출물']",나이아신아마이드 시어버터 베헤닐알코올 판테놀 스쿠알란 세틸알코올 하이드로제네이티드레시틴 베헤닉애씨드 아이소스테아릴아이소스테아레이트 카프릴릴글라이콜 폴리아크릴레이트크로스폴리머-6 팔미타마이드엠이에이 소듐카보머 아세타마이드엠이에이 소듐하이알루로네이트 판토락톤 사코신 T-부틸알코올 세라마이드엔피 스쿠알란 호호바씨오일 레티놀(1%) 토마추출물 로즈마리잎추출물 하이드록시메톡시페닐데카논 비에이치티 미나리추출물 소듐시트레이트 베타인 피피지-13-데실테트라데세스-24 에틸헥실글리세린 시트릭애씨드 자일리틸글루코사이드 안하이드로자일리톨 알란토인 판테놀 병풀추출물 살비아잎추출물 마트리카리아추출물 다이페닐다이메티콘 자일리톨 트라이에틸헥사노인 소듐파이테이트 글루코오스 다이포타슘글리시리제이트 포스포리피드 폴리글리세릴-10올리에이트 하이드로제네이티드레시틴 도금양열매추출물 유칼립투스잎오일 류코노스톡/무발효여과물 베르가모트오일 해바라기씨오일 판토테닉애씨드 살비아오일 클레리오일 글리세레스-26 나이아신아마이드 스쿠알란 폴리글리세릴-4카프레이트 트레할로오스 글리세레스-25피씨에이아이소스테아레이트 아크릴레이트/C10-30알킬아크릴레이트크로스폴리머 트로메타민 카프릴릴글라이콜 암모늄아크릴로일다이메틸타우레이트/베헤네스- 25메타크라일레이트크로스폴리머 하이드록시아세토페논 다이메티콘/비닐다이메티콘크로스폴리머 향료 하이드로제네이티드레시틴 에틸헥실글리세린 올리브오일 아데노신 시어버터 소듐하이알루로네이트 잔탄검 다이소듐이디티에이 실리카 세라마이드엔피 병풀추출물 황금추출물 호장근뿌리추출물 마트리카리아꽃추출물 로즈마리잎추출물 대왕송잎추출물 칡뿌리추출물 당느릅나무뿌리추출물 달맞이꽃추출물 하이드롤라이즈드하이알루로닉애씨드 하이드록시프로필트라이모늄하이알루로네이트 소듐하이알루로네이트크로스폴리머 소듐아세틸레이티드하이알루로네이트 팔미토일트라이펩타이드-5 팔미토일펜타펩타이드-4 팔미토일트라이펩타이드-1 팔미토일올리고펩타이드 팔미토일테트라펩타이드-7 트라이펩타이드-1 헥사펩타이드-9 노나펩타이드-1 아세틸테트라펩타이드-2 카퍼트라이펩타이드-1 아세틸헥사펩타이드-8 다이메티콘 나일론-12 판테놀 다이메티콘올 소듐폴리아크릴레이트 카보머 트로메타민 트레할로오스 락토바실러스/콩발효추출물 트라이소듐이디티에이 말라카이트추출물 효모/감자추출물발효여과물 효모/보리씨발효여과물 가시대나무수액 자작나무수액 하늘타리뿌리추출물 소듐하이알루로네이트 하이드롤라이즈드하이알루로닉애씨드 전호추출물 마데카소사이드 포도덩굴수액 병풀추출물 녹차추출물 호장근뿌리추출물 황금추출물 개똥쑥추출물 님잎추출물 스페인감초뿌리추출물 마트리카리아꽃추출물 로즈마리잎추출물,0
M0016,온리 포 맨 올인원에센스,애프터 쉐이브,레드 블레미쉬 포 맨 올인원 오일컷 로션,레드 블레미쉬 클리어 모이스처 크림,"온리 포 맨 올인원에센스,애프터 쉐이브,레드 블레미쉬 포 맨 올인원 오일컷 로션,레드 블레미쉬 클리어 모이스처 크림","['메칠프로판디올', '1', '2-헥산디올', '나이아신아마이드', '디메치콘', '참마뿌리추출물', '카바잎/뿌리/줄기추출물', '녹차추출물', '검정콩추출물', '블랙베리추출물', '캐모마일꽃/잎추출물', '병풀추출물', '락토바실러스/콩발효추출물', '쌀추출물', '어성초추출물', '참깨추출물', '원지추출물', '길경추출물', '흰목이버섯추출물', '마치현추출물', '칡뿌리추출물', '감초추출물', '작약추출물', '천궁추출물', '은행잎추출물', '동백나무잎추출물', '로케트잎추출물', '밀싹추출물', '브로콜리싹추출물', '자주개자리추출물', '빌베리열매/잎추출물', '사탕수수추출물', '박하잎추출물', '원터그린잎추출물', '레몬추출물', '오렌지추출물', '설탕단풍추출물', '수용성콜라겐', '수레국화꽃수', '푸른연꽃수', '하이드로제네이티드레시틴', '소듐하이알루로네이트', '알로에베라잎즙', '효모발효여과물', '디메치콘/비닐디메치콘크로스폴리머', '암모늄아크릴로일디메칠타우레이트/브이피코폴리머', '디페닐디메치콘', '트리에칠헥사노인', '쉐어버터', '폴리쿼터늄-51', '글라이코실트레할로스', '폴리글리세릴-10미리스테이트', '에칠헥실글리세린', '폴리글리세릴-10올리에이트', '하이드로제네이티드스타치하이드롤리세이트', '라피노오스', '바이오사카라이드검-1', '아데노신', '아크릴레이트/C10-30알킬아크릴레이트크로스폴리머', '실리카', '디소듐이디티에이', '트로메타민', '레시틴', '크레아틴', '하이드롤라이즈드루핀프로테인', '하이드롤라이즈드하이알루로닉애씨드', '잔탄검', '시트릭애씨드', '향료', '향료', '티트리꽃/잎/줄기추출물', '버지니아풍년화잎추출물', '병풀추출물', '녹차추출물', '판테놀', '멘틸락테이트', '알란토인', '티트리잎오일', '스피어민트잎오일', '카프릴릴글라이콜', '멘톨', '적색227호', '황색4호', '알파-아이소메틸아이오논', '벤질살리실레이트', '시트랄', '시트로넬올', '쿠마린', '헥실신남알', '리날룰', '베타인', '카프릴릴메티콘', '나이아신아마이드', '실리카', '에리스리톨', '커피콩추출물', '사과추출물', '스테아릴다이메티콘', '소듐아크릴레이트코폴리머', '병풀추출물', '하이드록시아세토페논', '알지닌', '암모늄아크릴로일다이메틸타우레이트/브이피코폴리머', '카보머', '폴리아크릴레이트-13', '에틸헥실글리세린', '녹차추출물', '메도우스위트꽃추출물', '사탕무뿌리추출물', '레몬추출물', '글루코노락톤', '아데노신', '하이드로제네이티드폴리아이소부텐', '레시틴', '다이소듐이디티에이', '폴리글리세릴-10라우레이트', '에틸헥실팔미테이트', '솔비탄아이소스테아레이트', '하이드롤라이즈드하이알루로닉애씨드', '하이드로제네이티드레시틴', '판테놀', '수크로오스다이스테아레이트', '마데카소사이드', '세라마이드엔피', '아시아티코사이드', '마데카식애씨드', '아시아틱애씨드', '하이드로제네이티드폴리(C6-14올레핀)', '병풀추출물', '나이아신아마이드', '베타인', '비닐다이메티콘', '세틸에틸헥사노에이트', '호호바에스터', '하이드로제네이티드레시틴', '소듐하이알루로네이트', '마카다미아씨오일', '하이드로제네이티드채종유', '하이드록시에틸아크릴레이트/소듐아크릴로일다이메틸타우레이트코폴리머', '헥실데실라우레이트', '헥실데칸올', '실리카', '암모늄아크릴로일다이메틸타우레이트/브이피코폴리머', 'C14-22알코올', '아라키딜알코올', '팔미틱애씨드', 'C12-20알킬글루코사이드', '글리세릴스테아레이트', '알란토인', '스테아릭애씨드', '베헤닐알코올', '아라키딜글루코사이드', '카보머', '소듐스테아로일글루타메이트', '솔비탄아이소스테아레이트', '다이소듐이디티에이', '판테놀', '수크로오스다이스테아레이트', '글루코오스', '미리스틱애씨드', '세라마이드엔피', '마데카소사이드', '아시아티코사이드', '마데카식애씨드', '아시아틱애씨드', '피토스핑고신', '하이드록시아세토페논', '에틸헥실글리세린']",메칠프로판디올 1 2-헥산디올 나이아신아마이드 디메치콘 참마뿌리추출물 카바잎/뿌리/줄기추출물 녹차추출물 검정콩추출물 블랙베리추출물 캐모마일꽃/잎추출물 병풀추출물 락토바실러스/콩발효추출물 쌀추출물 어성초추출물 참깨추출물 원지추출물 길경추출물 흰목이버섯추출물 마치현추출물 칡뿌리추출물 감초추출물 작약추출물 천궁추출물 은행잎추출물 동백나무잎추출물 로케트잎추출물 밀싹추출물 브로콜리싹추출물 자주개자리추출물 빌베리열매/잎추출물 사탕수수추출물 박하잎추출물 원터그린잎추출물 레몬추출물 오렌지추출물 설탕단풍추출물 수용성콜라겐 수레국화꽃수 푸른연꽃수 하이드로제네이티드레시틴 소듐하이알루로네이트 알로에베라잎즙 효모발효여과물 디메치콘/비닐디메치콘크로스폴리머 암모늄아크릴로일디메칠타우레이트/브이피코폴리머 디페닐디메치콘 트리에칠헥사노인 쉐어버터 폴리쿼터늄-51 글라이코실트레할로스 폴리글리세릴-10미리스테이트 에칠헥실글리세린 폴리글리세릴-10올리에이트 하이드로제네이티드스타치하이드롤리세이트 라피노오스 바이오사카라이드검-1 아데노신 아크릴레이트/C10-30알킬아크릴레이트크로스폴리머 실리카 디소듐이디티에이 트로메타민 레시틴 크레아틴 하이드롤라이즈드루핀프로테인 하이드롤라이즈드하이알루로닉애씨드 잔탄검 시트릭애씨드 향료 향료 티트리꽃/잎/줄기추출물 버지니아풍년화잎추출물 병풀추출물 녹차추출물 판테놀 멘틸락테이트 알란토인 티트리잎오일 스피어민트잎오일 카프릴릴글라이콜 멘톨 적색227호 황색4호 알파-아이소메틸아이오논 벤질살리실레이트 시트랄 시트로넬올 쿠마린 헥실신남알 리날룰 베타인 카프릴릴메티콘 나이아신아마이드 실리카 에리스리톨 커피콩추출물 사과추출물 스테아릴다이메티콘 소듐아크릴레이트코폴리머 병풀추출물 하이드록시아세토페논 알지닌 암모늄아크릴로일다이메틸타우레이트/브이피코폴리머 카보머 폴리아크릴레이트-13 에틸헥실글리세린 녹차추출물 메도우스위트꽃추출물 사탕무뿌리추출물 레몬추출물 글루코노락톤 아데노신 하이드로제네이티드폴리아이소부텐 레시틴 다이소듐이디티에이 폴리글리세릴-10라우레이트 에틸헥실팔미테이트 솔비탄아이소스테아레이트 하이드롤라이즈드하이알루로닉애씨드 하이드로제네이티드레시틴 판테놀 수크로오스다이스테아레이트 마데카소사이드 세라마이드엔피 아시아티코사이드 마데카식애씨드 아시아틱애씨드 하이드로제네이티드폴리(C6-14올레핀) 병풀추출물 나이아신아마이드 베타인 비닐다이메티콘 세틸에틸헥사노에이트 호호바에스터 하이드로제네이티드레시틴 소듐하이알루로네이트 마카다미아씨오일 하이드로제네이티드채종유 하이드록시에틸아크릴레이트/소듐아크릴로일다이메틸타우레이트코폴리머 헥실데실라우레이트 헥실데칸올 실리카 암모늄아크릴로일다이메틸타우레이트/브이피코폴리머 C14-22알코올 아라키딜알코올 팔미틱애씨드 C12-20알킬글루코사이드 글리세릴스테아레이트 알란토인 스테아릭애씨드 베헤닐알코올 아라키딜글루코사이드 카보머 소듐스테아로일글루타메이트 솔비탄아이소스테아레이트 다이소듐이디티에이 판테놀 수크로오스다이스테아레이트 글루코오스 미리스틱애씨드 세라마이드엔피 마데카소사이드 아시아티코사이드 마데카식애씨드 아시아틱애씨드 피토스핑고신 하이드록시아세토페논 에틸헥실글리세린,1
M0017,밸런스풀 시카 진정 세럼,어성초 77 토너,맨 올데이 퍼펙트 올인원,링클셀 코어 아이크림,"밸런스풀 시카 진정 세럼,어성초 77 토너,맨 올데이 퍼펙트 올인원,링클셀 코어 아이크림","['글리세레스-26', '판테놀(11', '000ppm)', '병풀추출물', '마데카식애씨드', '아시아티코사이드(1', '800ppb)', '아시아틱애씨드', '마데카소사이드', '알란토인', '쓴풀추출물', '푸른연꽃추출물', '락토바실러스발효물', '접시꽃추출물', '소듐하이알루로네이트', '하이드롤라이즈드하이알루로닉애씨드', '하이알루로닉애씨드', '하이드록시프로필트라이모늄하이알루로네이트', '포타슘하이알루로네이트', '소듐하이알루로네이트크로스폴리머', '소듐아세틸레이티드하이알루로네이트', '베타인', '카프릴로일살리실릭애씨드', '다이펩타이드-2', '다이포타슘글리시리제이트', '소듐스테아로일글루타메이트', '글리세릴아크릴레이트/아크릴릭애씨드코폴리머', '피브이엠/엠에이코폴리머', '카프로익애씨드', '폴리글리세릴-4올리에이트', '소듐서팩틴', '카보머', '잔탄검', '트로메타민', '소듐아세테이트', '인도멀구슬나무잎추출물', '인도멀구슬나무꽃추출물', '다이소듐이디티에이', '에틸헥실글리세린', '약모밀추출물', '베타인', '병풀추출물', '체이스트트리추출물', '우엉뿌리추출물', '진흙버섯추출물', '쇠비름추출물', '포도추출물', '사과추출물', '사탕수수추출물', '판테놀', '마트리카리아꽃추출물', '소듐하이알루로네이트', '하이드록시프로필트라이모늄하이알루로네이트', '하이드롤라이즈드하이알루로닉애씨드', '소듐아세틸레이티드하이알루로네이트', '하이알루로닉애씨드', '소듐하이알루로네이트크로스폴리머', '포타슘하이알루로네이트', '아크릴레이트/C10-30알킬아크릴레이트크로스폴리머', '트로메타민', '다이소듐이디티에이', '베타인', '다이프로필렌글라', '퀴노아씨추출물', '하이드로제네이티드코코넛오일', '세테아릴올리베이트', '솔비탄올리베이트', '베헤닐알코올', '하이드로제네이티드폴리아이소부텐', '판테놀', '카퍼트라이펩타이드-1', '팔미토일펜타펩타이드-4', '팔미토일트라이펩타이드-1', '아세틸헥사펩타이드-8', '베타-글루칸', '돌콩추출물', '마카뿌리추출물', '참마뿌리추출물', '아르간커넬오일', '잇꽃씨오일', '멕시칸치아씨오일', '리놀레닉애씨드', '알란토인', '하이알루로닉애씨드', '하이드롤라이즈드하이알루로닉애씨드', '소듐하이알루로네이트', '세라마이드엔피', '하이드로제네이티드레시틴', '카카오씨추출물', '다이소듐이디티에이', '소듐폴리아크릴레이트', '무씨추출물', '쇠비름추출물', '소듐폴리아크릴로일다이메틸타우레이트', '글리세릴스테아레이트', '덱스트린', '팔미틱애씨드', '스테아릭애씨드', '하이드록시에틸아크릴레이트/소듐아크릴로일다이메틸타우레이트코폴리머', '에틸헥실글리세린', '트라이데세스-10', '아데노신', '글리세릴아크릴레이트/아크릴릭애씨드코폴리머', '베르가모트오일', '로즈마리잎오일', '솔비탄아이소스테아레이트', '미리스틱애씨드', '불가리스쑥오일', '폴리글리세릴-10올리에이트', '리놀레익애씨드', '수크로오스팔미테이트', '소듐아스코빌포스페이트', '리날룰']",글리세레스-26 판테놀(11 000ppm) 병풀추출물 마데카식애씨드 아시아티코사이드(1 800ppb) 아시아틱애씨드 마데카소사이드 알란토인 쓴풀추출물 푸른연꽃추출물 락토바실러스발효물 접시꽃추출물 소듐하이알루로네이트 하이드롤라이즈드하이알루로닉애씨드 하이알루로닉애씨드 하이드록시프로필트라이모늄하이알루로네이트 포타슘하이알루로네이트 소듐하이알루로네이트크로스폴리머 소듐아세틸레이티드하이알루로네이트 베타인 카프릴로일살리실릭애씨드 다이펩타이드-2 다이포타슘글리시리제이트 소듐스테아로일글루타메이트 글리세릴아크릴레이트/아크릴릭애씨드코폴리머 피브이엠/엠에이코폴리머 카프로익애씨드 폴리글리세릴-4올리에이트 소듐서팩틴 카보머 잔탄검 트로메타민 소듐아세테이트 인도멀구슬나무잎추출물 인도멀구슬나무꽃추출물 다이소듐이디티에이 에틸헥실글리세린 약모밀추출물 베타인 병풀추출물 체이스트트리추출물 우엉뿌리추출물 진흙버섯추출물 쇠비름추출물 포도추출물 사과추출물 사탕수수추출물 판테놀 마트리카리아꽃추출물 소듐하이알루로네이트 하이드록시프로필트라이모늄하이알루로네이트 하이드롤라이즈드하이알루로닉애씨드 소듐아세틸레이티드하이알루로네이트 하이알루로닉애씨드 소듐하이알루로네이트크로스폴리머 포타슘하이알루로네이트 아크릴레이트/C10-30알킬아크릴레이트크로스폴리머 트로메타민 다이소듐이디티에이 베타인 다이프로필렌글라 퀴노아씨추출물 하이드로제네이티드코코넛오일 세테아릴올리베이트 솔비탄올리베이트 베헤닐알코올 하이드로제네이티드폴리아이소부텐 판테놀 카퍼트라이펩타이드-1 팔미토일펜타펩타이드-4 팔미토일트라이펩타이드-1 아세틸헥사펩타이드-8 베타-글루칸 돌콩추출물 마카뿌리추출물 참마뿌리추출물 아르간커넬오일 잇꽃씨오일 멕시칸치아씨오일 리놀레닉애씨드 알란토인 하이알루로닉애씨드 하이드롤라이즈드하이알루로닉애씨드 소듐하이알루로네이트 세라마이드엔피 하이드로제네이티드레시틴 카카오씨추출물 다이소듐이디티에이 소듐폴리아크릴레이트 무씨추출물 쇠비름추출물 소듐폴리아크릴로일다이메틸타우레이트 글리세릴스테아레이트 덱스트린 팔미틱애씨드 스테아릭애씨드 하이드록시에틸아크릴레이트/소듐아크릴로일다이메틸타우레이트코폴리머 에틸헥실글리세린 트라이데세스-10 아데노신 글리세릴아크릴레이트/아크릴릭애씨드코폴리머 베르가모트오일 로즈마리잎오일 솔비탄아이소스테아레이트 미리스틱애씨드 불가리스쑥오일 폴리글리세릴-10올리에이트 리놀레익애씨드 수크로오스팔미테이트 소듐아스코빌포스페이트 리날룰,1
M0018,"3번 보들보들 결 세럼,BR 블레미쉬 케어 업 세럼,갈락 나이아신 투명광채 에센스",아쿠아 오아시스 토너,맨즈 아쿠아 딥 워터풀 올인원 로션,어린쑥 수분진정크림,"3번 보들보들 결 세럼,BR 블레미쉬 케어 업 세럼,갈락 나이아신 투명광채 에센스,아쿠아 오아시스 토너,맨즈 아쿠아 딥 워터풀 올인원 로션,어린쑥 수분진정크림","['비피다발효용해물', '갈락토미세스발효여과물', '메틸글루세스-20', '나이아신아마이드', '1', '2-헥산다이올', '스쿠알란', '알테로모나스발효추출물', '실크추출물', '염소유추출물', '소듐하이알루로네이트', '판테놀', '아데노신', '글리세레스-26', '잔탄검', '폴리글리세릴-3다이스테아레이트', '글리세릴스테아레이트에스이', '글리세릴스테아레이트시트레이트', '폴리글리세릴-3메틸글루코오스다이스테아레이트', '카보머', '트로메타민', '에틸헥실글리세린', '카프릴릴글라이콜', '트로폴론', '다이소듐이디티에이', '다마스크장미꽃수', '베타인', '알부틴', '트레할로오스', '다마스크장미꽃오일', '베어베리잎추출물', '바위돌꽃뿌리추출물', '비타민나무열매추출물', '아사이팜열매추출물', '로우스위트블루베리추출물', '인디안구스베리열매추출물', '크랜베리추출물', '고삼뿌리추출물', '약모밀추출물', '잔탄검', '알란토인', '판테놀', '바오밥나무잎추출', '밤껍질추출물', '흰버드나무껍질추출물', '병풀추출물', '포트마리골드꽃추출물', '황금추출물', '모란뿌리추출물', '스페인감초뿌리추출물', '시트로넬올* 제라니올* *자연유래 에센셜 오일에 원래 포함된 성분입니다. ※아이소이에서 사용하는 에탄올은 식물발효성분입니다.', '갈락토미세스발효여과물', '나이아신아마이드', '스타아니스추출물', '황금추출물', '소듐하이알루로네이트', '버지니아풍년화추출물', '아쿠아 오아시스 토너 300ml : 정제수', '1', '2- 헥산다이올', '베타인', '판테놀', '알란토인', '파파야열매추출물', '글루코노락톤', '자일리틸글루코사이드', '안하이드로자일리톨', '자일리톨', '소듐하이알루로네이트', '글루코오스', '파파인', '하이드록시프로필트라이모늄하이알루로네이트', '소듐아세틸레이티드하이알루로네이트', '하이드롤라이즈드하이알루로닉애씨드', '하이알루로닉애씨드', '하이드롤라이즈드소듐하이알루로네이트', '소듐하이알루로네이트크로스폴리머', '포타슘하이알루로네이트', '글리세릴아크릴레이트/아크릴릭애씨드코폴리머', '피브이엠/엠에이코폴리머', '메타크릴로일에틸베타인/아크릴레이트코폴리머', '폴리우레탄-14', '에이엠피-아크릴레이트코폴리머', '아미노메틸프로판올', '프리지어추출물', '해수', '나이아신아마이드', '폴리메틸메타크릴레이트', '비스-피이지-18메틸에 터다이메틸실레인', '소듐하이알루로네이트', '납작파래추출물', '개청각추출물', '자이언트켈프추출물', '다시마추출물', '겔리듐 카르틸라기네움추출물', '세라마이드엔피', '세라마이드에이피', '세라마이드이오피', '병풀추출물', '호장근뿌리 추출물', '황금추출물', '녹차추출물', '스페인감초뿌리추출물', '마트리카리아꽃추출물', '로즈마리잎추출물', '로우스위트 블루베리추출물', '퉁퉁마디추출물', '분홍바늘꽃꽃/잎/줄기추출물', '아데노신', '암모늄아크릴로일 다이메틸타우레이트/브이피코폴리머', '피토스핑고신', '콜레스테롤', '소듐라우로일락틸레이트', '잔탄검', '카보머', '베타 인', '폴리실리콘-15', '에틸헥실글리세린', '다이소듐이디티에이', '트로메타인', '토코페릴아세테 이트', '청색1호', '향료', '부틸페닐메틸프로피오날', '리날룰', '황해쑥잎수(35', '724ppm)', '']",비피다발효용해물 갈락토미세스발효여과물 메틸글루세스-20 나이아신아마이드 1 2-헥산다이올 스쿠알란 알테로모나스발효추출물 실크추출물 염소유추출물 소듐하이알루로네이트 판테놀 아데노신 글리세레스-26 잔탄검 폴리글리세릴-3다이스테아레이트 글리세릴스테아레이트에스이 글리세릴스테아레이트시트레이트 폴리글리세릴-3메틸글루코오스다이스테아레이트 카보머 트로메타민 에틸헥실글리세린 카프릴릴글라이콜 트로폴론 다이소듐이디티에이 다마스크장미꽃수 베타인 알부틴 트레할로오스 다마스크장미꽃오일 베어베리잎추출물 바위돌꽃뿌리추출물 비타민나무열매추출물 아사이팜열매추출물 로우스위트블루베리추출물 인디안구스베리열매추출물 크랜베리추출물 고삼뿌리추출물 약모밀추출물 잔탄검 알란토인 판테놀 바오밥나무잎추출 밤껍질추출물 흰버드나무껍질추출물 병풀추출물 포트마리골드꽃추출물 황금추출물 모란뿌리추출물 스페인감초뿌리추출물 시트로넬올* 제라니올* *자연유래 에센셜 오일에 원래 포함된 성분입니다. ※아이소이에서 사용하는 에탄올은 식물발효성분입니다. 갈락토미세스발효여과물 나이아신아마이드 스타아니스추출물 황금추출물 소듐하이알루로네이트 버지니아풍년화추출물 아쿠아 오아시스 토너 300ml : 정제수 1 2- 헥산다이올 베타인 판테놀 알란토인 파파야열매추출물 글루코노락톤 자일리틸글루코사이드 안하이드로자일리톨 자일리톨 소듐하이알루로네이트 글루코오스 파파인 하이드록시프로필트라이모늄하이알루로네이트 소듐아세틸레이티드하이알루로네이트 하이드롤라이즈드하이알루로닉애씨드 하이알루로닉애씨드 하이드롤라이즈드소듐하이알루로네이트 소듐하이알루로네이트크로스폴리머 포타슘하이알루로네이트 글리세릴아크릴레이트/아크릴릭애씨드코폴리머 피브이엠/엠에이코폴리머 메타크릴로일에틸베타인/아크릴레이트코폴리머 폴리우레탄-14 에이엠피-아크릴레이트코폴리머 아미노메틸프로판올 프리지어추출물 해수 나이아신아마이드 폴리메틸메타크릴레이트 비스-피이지-18메틸에 터다이메틸실레인 소듐하이알루로네이트 납작파래추출물 개청각추출물 자이언트켈프추출물 다시마추출물 겔리듐 카르틸라기네움추출물 세라마이드엔피 세라마이드에이피 세라마이드이오피 병풀추출물 호장근뿌리 추출물 황금추출물 녹차추출물 스페인감초뿌리추출물 마트리카리아꽃추출물 로즈마리잎추출물 로우스위트 블루베리추출물 퉁퉁마디추출물 분홍바늘꽃꽃/잎/줄기추출물 아데노신 암모늄아크릴로일 다이메틸타우레이트/브이피코폴리머 피토스핑고신 콜레스테롤 소듐라우로일락틸레이트 잔탄검 카보머 베타 인 폴리실리콘-15 에틸헥실글리세린 다이소듐이디티에이 트로메타인 토코페릴아세테 이트 청색1호 향료 부틸페닐메틸프로피오날 리날룰 황해쑥잎수(35 724ppm) ,2
M0019,라운드랩 1025 독도 앰플 45g,1025 독도 토너,1025 독도 로션,다이브인 저분자 히알루론산 수딩 크림,"라운드랩 1025 독도 앰플 45g,1025 독도 토너,1025 독도 로션,다이브인 저분자 히알루론산 수딩 크림","['해수', '하이드롤라이즈드하이알루로닉애씨드', '하이드롤라이즈드콜라겐', '판테놀', '아이리쉬모스추출물', '사탕수수추출물', '트로메타민', '에틸헥실글리세린', '베타인', '다이포타슘글리시리제이트', '글리세릴글루코사이드', '하이드로제네이티드레시틴', '세라마이드엔피', '토코페롤', '카보머', '잔탄검', '아이리쉬모스추출물', '사탕수수추출물', '해수', '프로테아제', '베타인', '판테놀', '에틸헥실글리세린', '알란토인', '잔탄검', '다이소듐이디티에이', '퀸즈랜드넛오일', '호호바에스터', '아이리쉬모스추출물', '사탕수수추출물', '해수', '하이알루로닉애씨드', '하이드롤라이즈드하이알루로닉애씨드', '소듐하이알루로네이트', '폴리글리세릴-3메틸글루코오스다이스테아레이트', '글리세릴스테아레이트', '하이드록시에틸아크릴레이트/소듐아크릴로일다이메틸타우레이트코폴리머', '카프릴릴글라이콜', '트로메타민', '소듐파이테이트', '판테놀', '스쿠알란', '토코페롤', '소듐카복시메틸베타-글루칸', '에틸헥실글리세린', '세테아릴알코올', '카보머', '하이드로제네이티드다이데센', '알란토인', '트레할로오스', '버지니아풍년화추출물', '판테놀', '하이드롤라이즈드하이알루로닉애씨드', '소듐하이알루로네이트', '소듐하이알루로네이트크로스폴리머', '소듐아세틸레이티드하이알루로네이트', '하이드롤라이즈드소듐하이알루로네이트', '글리세릴아크릴레이트/아크릴릭애씨드코폴리머', '피브이엠/엠에이코폴리머', '하이드록시에틸아크릴레이트/소듐아크릴로일다이메틸타우레이트코폴리머', '세테아릴알코올', 'C14-22알코올', 'C12-20알킬글루코사이드', '솔비탄아이소스테아레이트', '인도멀구슬나무잎추출물', '인도멀구슬나무꽃추출물', '아이비고드열매추출물', '가지열매추출물', '홀리바질잎추출물', '울금뿌리추출물', '참산호말추출물', '클레리추출물', '라벤더꽃추출물', '히아신스전초추출물', '마트리카리아꽃추출물', '수레국화꽃추출물', '보리지추출물', '다이소듐이디티에이', '카보머', '트로메타민', '잔탄검', '글루타티온', '말라카이트추출물', '에틸헥실글리세린']",해수 하이드롤라이즈드하이알루로닉애씨드 하이드롤라이즈드콜라겐 판테놀 아이리쉬모스추출물 사탕수수추출물 트로메타민 에틸헥실글리세린 베타인 다이포타슘글리시리제이트 글리세릴글루코사이드 하이드로제네이티드레시틴 세라마이드엔피 토코페롤 카보머 잔탄검 아이리쉬모스추출물 사탕수수추출물 해수 프로테아제 베타인 판테놀 에틸헥실글리세린 알란토인 잔탄검 다이소듐이디티에이 퀸즈랜드넛오일 호호바에스터 아이리쉬모스추출물 사탕수수추출물 해수 하이알루로닉애씨드 하이드롤라이즈드하이알루로닉애씨드 소듐하이알루로네이트 폴리글리세릴-3메틸글루코오스다이스테아레이트 글리세릴스테아레이트 하이드록시에틸아크릴레이트/소듐아크릴로일다이메틸타우레이트코폴리머 카프릴릴글라이콜 트로메타민 소듐파이테이트 판테놀 스쿠알란 토코페롤 소듐카복시메틸베타-글루칸 에틸헥실글리세린 세테아릴알코올 카보머 하이드로제네이티드다이데센 알란토인 트레할로오스 버지니아풍년화추출물 판테놀 하이드롤라이즈드하이알루로닉애씨드 소듐하이알루로네이트 소듐하이알루로네이트크로스폴리머 소듐아세틸레이티드하이알루로네이트 하이드롤라이즈드소듐하이알루로네이트 글리세릴아크릴레이트/아크릴릭애씨드코폴리머 피브이엠/엠에이코폴리머 하이드록시에틸아크릴레이트/소듐아크릴로일다이메틸타우레이트코폴리머 세테아릴알코올 C14-22알코올 C12-20알킬글루코사이드 솔비탄아이소스테아레이트 인도멀구슬나무잎추출물 인도멀구슬나무꽃추출물 아이비고드열매추출물 가지열매추출물 홀리바질잎추출물 울금뿌리추출물 참산호말추출물 클레리추출물 라벤더꽃추출물 히아신스전초추출물 마트리카리아꽃추출물 수레국화꽃추출물 보리지추출물 다이소듐이디티에이 카보머 트로메타민 잔탄검 글루타티온 말라카이트추출물 에틸헥실글리세린,2
M0020,5번 잡티 이별 세럼,원더 세라마이드 모찌 토너,워터뱅크 블루히알루로닉 에멀젼(중건성),DMT 페이셜 크림,"5번 잡티 이별 세럼,원더 세라마이드 모찌 토너,워터뱅크 블루히알루로닉 에멀젼(중건성),DMT 페이셜 크림","['비타민나무추출물', '메틸글루세스-20', '나이아신아마이드', '인도멀구슬나무꽃추출물', '홀리바질잎추출물', '인도멀구슬나무잎추출물', '울금뿌리추출물', '참산호말추출물', '레몬껍질오일', '오렌지껍질오일', '라임전초오일', '호장근뿌리추출물', '황금추출물', '녹차추출물', '스페인감초뿌리추출물', '마트리카리아꽃추출물', '로즈마리잎추출물', '병풀추출물', '아스코빌글루코사이드', '아스코빅애씨드', '3-O-에틸아스코빅애씨드', '판테놀', '소듐하이알루로네이트', '다이포타슘글리시리제이트', '글리세레스-26', '암모늄아크릴로일다이메틸타우레이트/브이피코폴리머', '폴리글리세릴-10라우레이트', '카보머', '알란토인', '트로메타민', '하이드롤라이즈드호호바에스터', '다이소듐이디티에이', '펜타에리스리틸테트라아이소스테아레이트', '글리세레스-26', '마카다미아씨오일', '페닐트라이메티콘', '하이드록시에틸아크릴레이트/소듐아크릴로일다이메틸타우레이트코폴리머', '스타이렌/브이피코폴리머', '에틸헥실글리세린', '병풀추출물', '아크릴레이트/C10-30알킬아크릴레이트크로스폴리머', '트로메타민', '알란토인', '하이드로제네이티드레시틴', '판테놀', '피토스테릴/옥틸도데실라우로일글루타메이트', '세라마이드엔피(5', '000 ppb)', '소듐하이알루로네이트', '로즈우드오일', '레몬껍질오일', '다이소듐이디티에이', '리날룰', '하이드로제네이티드폴리(C6-14올레핀)', '세틸에틸헥사노에이트', '비스-하이드록시에톡시프로필다이메티콘', '수크로오스스테아레이트', '다이아이소스테아릴말레이트', '시어버터', '글리세릴스테아레이트', '세테아릴알코올', '판테놀', '스테아릭애씨드', '팔미틱애씨드', '나이아신아마이드', '카보머', '향료', '카프릴릴글라이콜', '트로메타민', '덱스트린', '에틸헥실글리세린', '다이소듐이디티에이', '하이드롤라이즈드하이알루로닉애씨드(0.02%)', '베타-글루칸', '미리스틱애씨드', '아라키딕애씨드', '락토바실러스발효용해물', '토코페롤', '미역추출물', '코코넛야자오일', '하이드로제네이티드레시틴', '시어버터', '하이드록시에틸셀룰로오스', '스쿠알란', '카보머', '잔탄검', '소듐카보머', '세라마이드엔피']",비타민나무추출물 메틸글루세스-20 나이아신아마이드 인도멀구슬나무꽃추출물 홀리바질잎추출물 인도멀구슬나무잎추출물 울금뿌리추출물 참산호말추출물 레몬껍질오일 오렌지껍질오일 라임전초오일 호장근뿌리추출물 황금추출물 녹차추출물 스페인감초뿌리추출물 마트리카리아꽃추출물 로즈마리잎추출물 병풀추출물 아스코빌글루코사이드 아스코빅애씨드 3-O-에틸아스코빅애씨드 판테놀 소듐하이알루로네이트 다이포타슘글리시리제이트 글리세레스-26 암모늄아크릴로일다이메틸타우레이트/브이피코폴리머 폴리글리세릴-10라우레이트 카보머 알란토인 트로메타민 하이드롤라이즈드호호바에스터 다이소듐이디티에이 펜타에리스리틸테트라아이소스테아레이트 글리세레스-26 마카다미아씨오일 페닐트라이메티콘 하이드록시에틸아크릴레이트/소듐아크릴로일다이메틸타우레이트코폴리머 스타이렌/브이피코폴리머 에틸헥실글리세린 병풀추출물 아크릴레이트/C10-30알킬아크릴레이트크로스폴리머 트로메타민 알란토인 하이드로제네이티드레시틴 판테놀 피토스테릴/옥틸도데실라우로일글루타메이트 세라마이드엔피(5 000 ppb) 소듐하이알루로네이트 로즈우드오일 레몬껍질오일 다이소듐이디티에이 리날룰 하이드로제네이티드폴리(C6-14올레핀) 세틸에틸헥사노에이트 비스-하이드록시에톡시프로필다이메티콘 수크로오스스테아레이트 다이아이소스테아릴말레이트 시어버터 글리세릴스테아레이트 세테아릴알코올 판테놀 스테아릭애씨드 팔미틱애씨드 나이아신아마이드 카보머 향료 카프릴릴글라이콜 트로메타민 덱스트린 에틸헥실글리세린 다이소듐이디티에이 하이드롤라이즈드하이알루로닉애씨드(0.02%) 베타-글루칸 미리스틱애씨드 아라키딕애씨드 락토바실러스발효용해물 토코페롤 미역추출물 코코넛야자오일 하이드로제네이티드레시틴 시어버터 하이드록시에틸셀룰로오스 스쿠알란 카보머 잔탄검 소듐카보머 세라마이드엔피,0
F0021,"로더 갈색병 세럼 기획,리얼 아쿠아 밸런싱 앰플",어성초 77 수딩 토너,1025 독도 로션,DMT 페이셜 크림,"로더 갈색병 세럼 기획,리얼 아쿠아 밸런싱 앰플,어성초 77 수딩 토너,1025 독도 로션,DMT 페이셜 크림","['비피다발효용해물', '비스-피이지-18메틸에터다이메틸실레인', '메틸글루세스-20', '글리세레스-26', '바오밥나무씨추출물', '트리펩타이드-32', '소듐하이알루로네이트', '효모추출물', '락토바실러스발효물', '콜라나무씨추출물', '캐모마일꽃추출물', '하이드롤라이즈드알진', '판테틴', '카페인', '레시틴', '소듐알엔에이', '비사보롤', '스쿠알란', '올레스-3포스페이트', '카프릴릴글라이콜', '올레스-3', '올레스-5', '콜레스-24', '하이드로제네이티드레시틴', '호호바왁스피이지-120에스터', '세테스-24', '토코페릴아세테이트', '카보머', '트라이에탄올아민', '테트라소듐이디티에이', '비에이치티', '잔탄검', '다이소듐이디티에이', '적색504호', '황색4호', '카보머', '트로메타민', '에틸헥실글리세린', '시트릭애씨드', '송이버섯추출물', '다이소듐이디티에이', '소듐시트레이트', '하이드롤라이즈드이집트콩씨추출물', '노랑만병초잎추출물', '해수', '하이알루로닉애씨드', '하이드롤라이즈드하이알루로닉애씨드', '소듐하이알루로네이트', '약모밀추출물', '돌나물추출물', '글라이신', '세린', '글루타믹애씨드', '감초뿌리추출물', '아스파틱애씨드', '류신', '알라닌', '라이신', '알지닌', '타이로신', '페닐알라닌', '프롤린', '트레오닌', '발린', '아이소류신', '사카라이드아이소머레이트', '히스티딘', '시스테인', '메티오닌', '톳추출물', '약모밀추출물(77%)', '베타인', '병풀추출물', '체이스트트리추출물', '우엉뿌리추출물', '진흙버섯추출물', '쇠비름추출물', '포도추출물', '사과추출물', '사탕수수추출물', '판테놀', '마트리카리아꽃추출물', '소듐하이알루로네이트', '하이드록시프로필트라이모늄하이알루로네이트', '하이드롤라이즈드하이알루로닉애씨드', '소듐아세틸레이티드하이알루로네이트', '하이알루로닉애씨드', '소듐하이알루로네이트크로스폴리머', '포타슘하이알루로네이트', '아크릴레이트/C10-30알킬아크릴레이트크로스폴리머', '트로메타민', '다이소듐이디티에이', '퀸즈랜드넛오일', '호호바에스터', '아이리쉬모스추출물', '사탕수수추출물', '해수', '하이알루로닉애씨드', '하이드롤라이즈드하이알루로닉애씨드', '소듐하이알루로네이트', '폴리글리세릴-3메틸글루코오스다이스테아레이트', '글리세릴스테아레이트', '하이드록시에틸아크릴레이트/소듐아크릴로일다이메틸타우레이트코폴리머', '카프릴릴글라이콜', '트로메타민', '소듐파이테이트', '판테놀', '스쿠알란', '토코페롤', '소듐카복시메틸베타-글루칸', '에틸헥실글리세린', '세테아릴알코올', '카보머', '코코넛야자오일', '하이드로제네이티드레시틴', '시어버터', '하이드록시에틸셀룰로오스', '스쿠알란', '카보머', '잔탄검', '소듐카보머', '세라마이드엔피']",비피다발효용해물 비스-피이지-18메틸에터다이메틸실레인 메틸글루세스-20 글리세레스-26 바오밥나무씨추출물 트리펩타이드-32 소듐하이알루로네이트 효모추출물 락토바실러스발효물 콜라나무씨추출물 캐모마일꽃추출물 하이드롤라이즈드알진 판테틴 카페인 레시틴 소듐알엔에이 비사보롤 스쿠알란 올레스-3포스페이트 카프릴릴글라이콜 올레스-3 올레스-5 콜레스-24 하이드로제네이티드레시틴 호호바왁스피이지-120에스터 세테스-24 토코페릴아세테이트 카보머 트라이에탄올아민 테트라소듐이디티에이 비에이치티 잔탄검 다이소듐이디티에이 적색504호 황색4호 카보머 트로메타민 에틸헥실글리세린 시트릭애씨드 송이버섯추출물 다이소듐이디티에이 소듐시트레이트 하이드롤라이즈드이집트콩씨추출물 노랑만병초잎추출물 해수 하이알루로닉애씨드 하이드롤라이즈드하이알루로닉애씨드 소듐하이알루로네이트 약모밀추출물 돌나물추출물 글라이신 세린 글루타믹애씨드 감초뿌리추출물 아스파틱애씨드 류신 알라닌 라이신 알지닌 타이로신 페닐알라닌 프롤린 트레오닌 발린 아이소류신 사카라이드아이소머레이트 히스티딘 시스테인 메티오닌 톳추출물 약모밀추출물(77%) 베타인 병풀추출물 체이스트트리추출물 우엉뿌리추출물 진흙버섯추출물 쇠비름추출물 포도추출물 사과추출물 사탕수수추출물 판테놀 마트리카리아꽃추출물 소듐하이알루로네이트 하이드록시프로필트라이모늄하이알루로네이트 하이드롤라이즈드하이알루로닉애씨드 소듐아세틸레이티드하이알루로네이트 하이알루로닉애씨드 소듐하이알루로네이트크로스폴리머 포타슘하이알루로네이트 아크릴레이트/C10-30알킬아크릴레이트크로스폴리머 트로메타민 다이소듐이디티에이 퀸즈랜드넛오일 호호바에스터 아이리쉬모스추출물 사탕수수추출물 해수 하이알루로닉애씨드 하이드롤라이즈드하이알루로닉애씨드 소듐하이알루로네이트 폴리글리세릴-3메틸글루코오스다이스테아레이트 글리세릴스테아레이트 하이드록시에틸아크릴레이트/소듐아크릴로일다이메틸타우레이트코폴리머 카프릴릴글라이콜 트로메타민 소듐파이테이트 판테놀 스쿠알란 토코페롤 소듐카복시메틸베타-글루칸 에틸헥실글리세린 세테아릴알코올 카보머 코코넛야자오일 하이드로제네이티드레시틴 시어버터 하이드록시에틸셀룰로오스 스쿠알란 카보머 잔탄검 소듐카보머 세라마이드엔피,2
F0022,"모링가 타이트닝 포어 세럼,모이스춰닥터 장수진 수분앰플",에이시카365 수분진정결토너,어성초 70 데일리 로션,바이옴 힐러 유스 포뮬러 크림,"모링가 타이트닝 포어 세럼,모이스춰닥터 장수진 수분앰플,에이시카365 수분진정결토너,어성초 70 데일리 로션,바이옴 힐러 유스 포뮬러 크림","['드럼스틱씨추출물', '나이아신아마이드', '락토바이오닉애씨드', '트로메타민', '스쿠알란', '카프릴릴메티콘', '카보머', '소듐아크릴레이트/소듐아크릴로일다이메틸타우레이트코폴리머', '잔탄검', '폴리솔베이트80', '아데노신', '다이소듐이디티에이', '에틸헥실글리세린', '솔비탄올리에이트', '다이펩타이드다이아미노부티로일벤질아마이드다이아세테이트', '카프릴릴글라이콜', '카프릴로일살리실릭애씨드', '엑토인', '아세틸헥사펩타이드-8', '돌콩오일', '레티놀', '흰버드나무껍질추출물', '오레가노잎추출물', '폴리글루타믹애씨드', '하이드롤라이즈드콜라겐', '비에이치티', '편백잎추출물', '소듐하이알루로네이트', '쇠비름추출물', '육계나무껍질추출물', '락토바실러스/콩발효추출물', '황금추출물', '소듐아세틸레이티드하이알루로네이트', '하이드롤라이즈드하이알루로닉애씨드', '하이드록시프로필트라이모늄하이알루로네이트', '하이드롤라이즈드소듐하이알루로네이트', '하이알루로닉애씨드', '포타슘하이알루로네이트', '소듐하이알루로네이트크로스폴리머', '베타인', '트레할로오스', '스쿠알란', '판테놀', '소듐하이알루로네이트', '하이드롤라이즈드하이알루로닉애씨드', '하이알루로닉애씨드', '소듐하이알루로네이트크로스폴리머', '하이드롤라이즈드글라이코사미노글리칸', '티트리잎추출물', '쇠비름추출물', '약모밀추출물', '흰버드나무껍질추출물', '오레가노잎추출물', '편백잎추출물', '락토바실러스/콩발효추출물', '육계나무껍질추출물', '알지닌', '카보머', '마카다미아씨오일', '피토스핑고신', '세라마이드엔피', '잔탄검', '자몽껍질오일', '솔비탄세스퀴올리에이트', '포트마리골드꽃추출물', '황금추출물', '모란뿌리추출물', '스페인감초뿌리추출물', '하이드로제네이티드레시틴', '글루코노락톤', '트로메타민', '판테놀', '폴리쿼터늄-51', '에틸헥실글리세린', '다이소듐이디티에이', '마데카소사이드', '베타-글루칸', '폴리글리세릴-10라우레이트', '토코페롤', '스쿠알란', '피토스테롤', '약모밀추출물(70%)', '에틸헥실스테아레이트', '하이드로제네이티드폴리(C6-14올레핀)', '폴리글리세릴-3다이스테아레이트', '물푸레나무추출물', '바질꽃/잎/줄기추출물', '당느릅나무뿌리추출물', '줄맨드라미씨추출물', '하이드로제네이티드레시틴', '소듐하이알루로네이트', '글리세릴글루코사이드', '글리세릴스테아레이트', '트레할로오스', '알지닌', '카보머', '글리세릴스테아레이트시트레이트', '소듐스테아로일글루타메이트', '글루코오스', '다이소듐이디티에이', '베타인', '하이드롤라이즈드하이알루로닉애씨드', '소듐아세틸레이티드하이알루로네이트', '에틸헥실글리세린', '나이아신아마이드', '카프릴릭/카프릭트라이글리세이드', '씨대퍼딜추출물', '쿠티박테리움 아크네스발효여과물', '스트렙토코쿠스 테르모필루스발효물', '스타필로코쿠스 에피데르미디스발효여과물', '엔히드로박테르 아에로사쿠스발효추출여과물', '하이드롤라이즈드디엔에이', '인도멀구슬나무꽃추출물', '훌리바질잎추출물', '인도멀구슬나무잎추출물', '울금뿌리추출물', '참산호말추출물', '카카오추출물', '하이드롤라이즈드콜라겐추출물', '키토산', '카프릴릴메티콘', '비닐다이메티콘', '하이드록시에틸아크릴레이트/소듐아크릴로일다이메틸타우레이트코폴리머', '다이아이소스테아릴말레이트', '폴리글리세릴-3메틸글루코오스다이스테아레이트', '소듐폴리아크릴레이트', '아크릴레이트/C10-30알킬아크릴레이트크로스폴리머', '암모늄아크릴로일다이메틸타우레이트/브이피코폴리머', '세테아릴올리베이트', '트로메타민', '솔비탄올리베이트', '글리세릴스테아레이트', '에틸헥실글리세린', '아데노신', '하이드로제네이티드레시틴', '소듐파이테이트', '세라마이드엔피', '베타-글루칸', '덱스트린', '토코페롤', '콜레스테롤', '잔탄검', '향료']",드럼스틱씨추출물 나이아신아마이드 락토바이오닉애씨드 트로메타민 스쿠알란 카프릴릴메티콘 카보머 소듐아크릴레이트/소듐아크릴로일다이메틸타우레이트코폴리머 잔탄검 폴리솔베이트80 아데노신 다이소듐이디티에이 에틸헥실글리세린 솔비탄올리에이트 다이펩타이드다이아미노부티로일벤질아마이드다이아세테이트 카프릴릴글라이콜 카프릴로일살리실릭애씨드 엑토인 아세틸헥사펩타이드-8 돌콩오일 레티놀 흰버드나무껍질추출물 오레가노잎추출물 폴리글루타믹애씨드 하이드롤라이즈드콜라겐 비에이치티 편백잎추출물 소듐하이알루로네이트 쇠비름추출물 육계나무껍질추출물 락토바실러스/콩발효추출물 황금추출물 소듐아세틸레이티드하이알루로네이트 하이드롤라이즈드하이알루로닉애씨드 하이드록시프로필트라이모늄하이알루로네이트 하이드롤라이즈드소듐하이알루로네이트 하이알루로닉애씨드 포타슘하이알루로네이트 소듐하이알루로네이트크로스폴리머 베타인 트레할로오스 스쿠알란 판테놀 소듐하이알루로네이트 하이드롤라이즈드하이알루로닉애씨드 하이알루로닉애씨드 소듐하이알루로네이트크로스폴리머 하이드롤라이즈드글라이코사미노글리칸 티트리잎추출물 쇠비름추출물 약모밀추출물 흰버드나무껍질추출물 오레가노잎추출물 편백잎추출물 락토바실러스/콩발효추출물 육계나무껍질추출물 알지닌 카보머 마카다미아씨오일 피토스핑고신 세라마이드엔피 잔탄검 자몽껍질오일 솔비탄세스퀴올리에이트 포트마리골드꽃추출물 황금추출물 모란뿌리추출물 스페인감초뿌리추출물 하이드로제네이티드레시틴 글루코노락톤 트로메타민 판테놀 폴리쿼터늄-51 에틸헥실글리세린 다이소듐이디티에이 마데카소사이드 베타-글루칸 폴리글리세릴-10라우레이트 토코페롤 스쿠알란 피토스테롤 약모밀추출물(70%) 에틸헥실스테아레이트 하이드로제네이티드폴리(C6-14올레핀) 폴리글리세릴-3다이스테아레이트 물푸레나무추출물 바질꽃/잎/줄기추출물 당느릅나무뿌리추출물 줄맨드라미씨추출물 하이드로제네이티드레시틴 소듐하이알루로네이트 글리세릴글루코사이드 글리세릴스테아레이트 트레할로오스 알지닌 카보머 글리세릴스테아레이트시트레이트 소듐스테아로일글루타메이트 글루코오스 다이소듐이디티에이 베타인 하이드롤라이즈드하이알루로닉애씨드 소듐아세틸레이티드하이알루로네이트 에틸헥실글리세린 나이아신아마이드 카프릴릭/카프릭트라이글리세이드 씨대퍼딜추출물 쿠티박테리움 아크네스발효여과물 스트렙토코쿠스 테르모필루스발효물 스타필로코쿠스 에피데르미디스발효여과물 엔히드로박테르 아에로사쿠스발효추출여과물 하이드롤라이즈드디엔에이 인도멀구슬나무꽃추출물 훌리바질잎추출물 인도멀구슬나무잎추출물 울금뿌리추출물 참산호말추출물 카카오추출물 하이드롤라이즈드콜라겐추출물 키토산 카프릴릴메티콘 비닐다이메티콘 하이드록시에틸아크릴레이트/소듐아크릴로일다이메틸타우레이트코폴리머 다이아이소스테아릴말레이트 폴리글리세릴-3메틸글루코오스다이스테아레이트 소듐폴리아크릴레이트 아크릴레이트/C10-30알킬아크릴레이트크로스폴리머 암모늄아크릴로일다이메틸타우레이트/브이피코폴리머 세테아릴올리베이트 트로메타민 솔비탄올리베이트 글리세릴스테아레이트 에틸헥실글리세린 아데노신 하이드로제네이티드레시틴 소듐파이테이트 세라마이드엔피 베타-글루칸 덱스트린 토코페롤 콜레스테롤 잔탄검 향료,1
F0023,"블레미샷 잡티앰플,부활초 비피다 세럼 퍼밍 드롭",크림스킨,1025 독도 로션,세라마이딘 울트라 모이스처라이징 크림,"블레미샷 잡티앰플,부활초 비피다 세럼 퍼밍 드롭,크림스킨,1025 독도 로션,세라마이딘 울트라 모이스처라이징 크림","['나이아신아마이드', '글루코노락톤', '아스코빌테트라이소팔미테이트', '아데노신', '카프릴로일살리실릭애씨드', '판테놀', '비파나무잎추출물', '마데카소사이드', '스피어민트추출물', '비타민나무열매추출물', '흑효모발효물', '헥실레조시놀', '베타인', '세테아릴올리베이트', '하이드록시에틸아크릴레이트/소듐아크릴로일다이메틸타우레이트코폴리머', '폴리아크릴레이트크로스폴리머-6', '솔비탄올리베이트', '카프릴릴글라이콜', '잔탄검', '트로메타민', '아크릴레이트/C10-30알킬아크릴레이트크로스폴리머', '글루코실루틴', '다이소듐이디티에이', '에틸헥실글리세린', '트루로즈오브예리코추출물', '나이아신아마이드', '비피다발효용해물', '마카다미아씨오일', '메도우폼씨오일', '락토바실러스발효물', '시어버터', '퀸즈랜드넛오일', '올리브오일', '호호바씨오일', '포도씨오일', '소듐하이알루로네이트', '카카오추출물', '비피다발효여과물', '수용성콜라겐', '판테놀', '하이드로제네이티드레시틴', '소듐폴리아크릴로일다이메틸타우레이트', '스쿠알란', '수크로오스팔미테이트', '트라이아이소스테아린', '트로메타민', '에틸헥실글리세린', '아데노신', '소듐다이라우미도글루타미드라이신', '글루코실루틴', '세라마이드엔피', '폴리글리세릴-10라우레이트', '폴리글리세릴-3메틸글루코오스다이스테아레이트', '덱스트린', '베타-글루칸', '소듐아스코빌포스페이트', '토코페롤', '바쿠치올', '트레할로오스', '피토스핑고신', '포스파티딜콜린', '아시아티코사이드', '아시아틱애씨드', '글라이코리피드', '마데카식애씨드', '팔미토일트라이펩타이드-5', '솔비톨', '카보머', '잔탄검', '메도우폼씨오일', '스쿠알란', '폴리글리세릴-10스테아레이트', '글리세릴스테아레이트시트레이트', '소듐스테아로일글루타메이트', '이눌린라우릴카바메이트', '글리세릴카프릴레이트', '에틸헥실글리세린', '다이소듐이디티에이', '카보머', '만니톨', '아크릴레이트/스테아릴메타크릴레이트코폴리머', '흰목이버섯포자낭과추출물', '하이알루로닉애씨드', '녹차추출물', '잔탄검', '세라마이드엔피', '동백나무꽃추출물', '토코페롤', '아세틸테트라펩타이드-11', '퀸즈랜드넛오일', '호호바에스터', '아이리쉬모스추출물', '사탕수수추출물', '해수', '하이알루로닉애씨드', '하이드롤라이즈드하이알루로닉애씨드', '소듐하이알루로네이트', '폴리글리세릴-3메틸글루코오스다이스테아레이트', '글리세릴스테아레이트', '하이드록시에틸아크릴레이트/소듐아크릴로일다이메틸타우레이트코폴리머', '카프릴릴글라이콜', '트로메타민', '소듐파이테이트', '판테놀', '스쿠알란', '토코페롤', '소듐카복시메틸베타-글루칸', '에틸헥실글리세린', '세테아릴알코올', '카보머', '사이클로헥사 실록세인', '하이 드로제네이티드폴리데센', '폴리글리 세릴-3메틸글루코오스다이스테아레이트', '펜타에리스 리틸테트라에틸헥사노에이트', '폴리 글리세릴-10스테아레이트', '세라마이드엔피*', '세테아릴 알코올', '펜타에리스리틸다이스테아레이트', '다이메티콘/ 비닐다이메티콘크로스폴리머', '소듐스테아로일글루타 메이트', '다시마추출물', '한련초잎추출물', '맥아추출물', '베타-글루칸', '에틸헥실글리세린', '귀리커넬추출물', '아티 초크잎추출물', '아데노신', '인도멀구슬나무꽃추출물', '프룩토올리고사카라이드', '녹차수', '인도멀구슬나무잎 추출물', '비사보롤', '울금뿌리추출물', '홀리바질잎추출물', '카카오씨추출물', '아르간커넬오일', '하이드롤라이즈드 하이알루로닉애씨드', '참산호말추출물', '센티드제라늄꽃 오일', '수크로오스다이스테아레이트', '피라칸타 포르투 네아나열매추출물', '콜레스테롤', '소듐하이알루로네이트', '엑토인', '세라마이드에이피*', '세라마이드에이에스*', '베르 가모트오일', '세라마이드엔에스*', '세라마이드엔지*', '글라 이코스핑고리피드', '글라이코리피드', '달맞이꽃오일', '세라마이드이오피*', '세라마이드이오에스*', '카프로오일 피토스핑고신', '카프로오일스핑고신', '살비아오일', '광곽향 오일', '토코페롤', '암모늄아크릴로일 다이메틸타우레이트/브이피코폴리머', '다이프로필렌 글라이콜', '아크릴레이트/C10-30알킬아크릴레이트 크로스폴리머', '트로메타민', '잔탄검', '덱스트린', '하이드로 제네이티드레시틴', '폴리쿼터늄-51', '다이카프릴릴카보 네이트', '글리세릴스테아레이트', '세테아레스-25', '세틸 알코올', '베헤닉애씨드', '다이소듐이디티에이', '페녹시 에탄올', '피토스핑고신', '아스코빌팔미테이트']",나이아신아마이드 글루코노락톤 아스코빌테트라이소팔미테이트 아데노신 카프릴로일살리실릭애씨드 판테놀 비파나무잎추출물 마데카소사이드 스피어민트추출물 비타민나무열매추출물 흑효모발효물 헥실레조시놀 베타인 세테아릴올리베이트 하이드록시에틸아크릴레이트/소듐아크릴로일다이메틸타우레이트코폴리머 폴리아크릴레이트크로스폴리머-6 솔비탄올리베이트 카프릴릴글라이콜 잔탄검 트로메타민 아크릴레이트/C10-30알킬아크릴레이트크로스폴리머 글루코실루틴 다이소듐이디티에이 에틸헥실글리세린 트루로즈오브예리코추출물 나이아신아마이드 비피다발효용해물 마카다미아씨오일 메도우폼씨오일 락토바실러스발효물 시어버터 퀸즈랜드넛오일 올리브오일 호호바씨오일 포도씨오일 소듐하이알루로네이트 카카오추출물 비피다발효여과물 수용성콜라겐 판테놀 하이드로제네이티드레시틴 소듐폴리아크릴로일다이메틸타우레이트 스쿠알란 수크로오스팔미테이트 트라이아이소스테아린 트로메타민 에틸헥실글리세린 아데노신 소듐다이라우미도글루타미드라이신 글루코실루틴 세라마이드엔피 폴리글리세릴-10라우레이트 폴리글리세릴-3메틸글루코오스다이스테아레이트 덱스트린 베타-글루칸 소듐아스코빌포스페이트 토코페롤 바쿠치올 트레할로오스 피토스핑고신 포스파티딜콜린 아시아티코사이드 아시아틱애씨드 글라이코리피드 마데카식애씨드 팔미토일트라이펩타이드-5 솔비톨 카보머 잔탄검 메도우폼씨오일 스쿠알란 폴리글리세릴-10스테아레이트 글리세릴스테아레이트시트레이트 소듐스테아로일글루타메이트 이눌린라우릴카바메이트 글리세릴카프릴레이트 에틸헥실글리세린 다이소듐이디티에이 카보머 만니톨 아크릴레이트/스테아릴메타크릴레이트코폴리머 흰목이버섯포자낭과추출물 하이알루로닉애씨드 녹차추출물 잔탄검 세라마이드엔피 동백나무꽃추출물 토코페롤 아세틸테트라펩타이드-11 퀸즈랜드넛오일 호호바에스터 아이리쉬모스추출물 사탕수수추출물 해수 하이알루로닉애씨드 하이드롤라이즈드하이알루로닉애씨드 소듐하이알루로네이트 폴리글리세릴-3메틸글루코오스다이스테아레이트 글리세릴스테아레이트 하이드록시에틸아크릴레이트/소듐아크릴로일다이메틸타우레이트코폴리머 카프릴릴글라이콜 트로메타민 소듐파이테이트 판테놀 스쿠알란 토코페롤 소듐카복시메틸베타-글루칸 에틸헥실글리세린 세테아릴알코올 카보머 사이클로헥사 실록세인 하이 드로제네이티드폴리데센 폴리글리 세릴-3메틸글루코오스다이스테아레이트 펜타에리스 리틸테트라에틸헥사노에이트 폴리 글리세릴-10스테아레이트 세라마이드엔피* 세테아릴 알코올 펜타에리스리틸다이스테아레이트 다이메티콘/ 비닐다이메티콘크로스폴리머 소듐스테아로일글루타 메이트 다시마추출물 한련초잎추출물 맥아추출물 베타-글루칸 에틸헥실글리세린 귀리커넬추출물 아티 초크잎추출물 아데노신 인도멀구슬나무꽃추출물 프룩토올리고사카라이드 녹차수 인도멀구슬나무잎 추출물 비사보롤 울금뿌리추출물 홀리바질잎추출물 카카오씨추출물 아르간커넬오일 하이드롤라이즈드 하이알루로닉애씨드 참산호말추출물 센티드제라늄꽃 오일 수크로오스다이스테아레이트 피라칸타 포르투 네아나열매추출물 콜레스테롤 소듐하이알루로네이트 엑토인 세라마이드에이피* 세라마이드에이에스* 베르 가모트오일 세라마이드엔에스* 세라마이드엔지* 글라 이코스핑고리피드 글라이코리피드 달맞이꽃오일 세라마이드이오피* 세라마이드이오에스* 카프로오일 피토스핑고신 카프로오일스핑고신 살비아오일 광곽향 오일 토코페롤 암모늄아크릴로일 다이메틸타우레이트/브이피코폴리머 다이프로필렌 글라이콜 아크릴레이트/C10-30알킬아크릴레이트 크로스폴리머 트로메타민 잔탄검 덱스트린 하이드로 제네이티드레시틴 폴리쿼터늄-51 다이카프릴릴카보 네이트 글리세릴스테아레이트 세테아레스-25 세틸 알코올 베헤닉애씨드 다이소듐이디티에이 페녹시 에탄올 피토스핑고신 아스코빌팔미테이트,2
F0024,"스킨 클리어링 데일리 솔루션,솔리드인 세라마이드 올데이 에센스",하이드라비오 토너,어성초 70 데일리 로션,DMT 페이셜 크림,"스킨 클리어링 데일리 솔루션,솔리드인 세라마이드 올데이 에센스,하이드라비오 토너,어성초 70 데일리 로션,DMT 페이셜 크림","['프로판디올', '피피지-26-부테스-26', '피이지-40하이드로제네이티드캐스터오일', '티트리잎오일', '카프릴릴글라이콜', '암모늄아크릴로일디메칠타우레이트/브이피코폴리머', '잔탄검', '호동씨오일', '트리소듐에칠렌디아민디석시네이트', '자주개자리추출물', '포타슘하이드록사이드', '알로에베라잎즙가루', '소듐하이알루로네이트', '시트랄', '리날룰', '시트로넬올', '레몬향티트리오일', '토코페롤', '판테놀', '세라마이드엔피', '세라마이드엔에스', '세라마이드에이에스', '세라마이드이오피', '세라마이드에이피', '마트리카리아잎추출물', '녹차추출물', '타임추출물', '애플민트잎추출물', '알란토인', '소듐하이알루로네이트', '트레할로오스', '수크로오스', '콜레스테롤', '글리세레스-26', 'C14-22알코올', 'C12-20알킬글루코사이드', '피브이엠/엠에이코폴리머', '아크릴레이트/C10-30알킬아크릴레이트크로스폴리머', '글리세릴아크릴레이트/아크릴릭애씨드코폴리머', '하이드로제네이티드레시틴', '트로메타민', '토코페롤', '잇꽃꽃추출물', '바오밥나무씨오일', '잔탄검', '스테아릭애씨드', '다이소듐이디티에이', '에틸헥실글리세린', '폴리솔베이트20', '다이소듐이디티에이', '향료', '나이아신아마이드', '자일리톨', '알란토인', '프룩토올리고사카라이드', '만니톨', '헥실데칸올', '소듐하이드록사이드', '시트릭애씨드', '람노오스', '사과씨추출물', '유채스테롤', '토코페롤', '약모밀추출물(70%)', '에틸헥실스테아레이트', '하이드로제네이티드폴리(C6-14올레핀)', '폴리글리세릴-3다이스테아레이트', '물푸레나무추출물', '바질꽃/잎/줄기추출물', '당느릅나무뿌리추출물', '줄맨드라미씨추출물', '하이드로제네이티드레시틴', '소듐하이알루로네이트', '글리세릴글루코사이드', '글리세릴스테아레이트', '트레할로오스', '알지닌', '카보머', '글리세릴스테아레이트시트레이트', '소듐스테아로일글루타메이트', '글루코오스', '다이소듐이디티에이', '베타인', '하이드롤라이즈드하이알루로닉애씨드', '소듐아세틸레이티드하이알루로네이트', '에틸헥실글리세린', '코코넛야자오일', '하이드로제네이티드레시틴', '시어버터', '하이드록시에틸셀룰로오스', '스쿠알란', '카보머', '잔탄검', '소듐카보머', '세라마이드엔피']",프로판디올 피피지-26-부테스-26 피이지-40하이드로제네이티드캐스터오일 티트리잎오일 카프릴릴글라이콜 암모늄아크릴로일디메칠타우레이트/브이피코폴리머 잔탄검 호동씨오일 트리소듐에칠렌디아민디석시네이트 자주개자리추출물 포타슘하이드록사이드 알로에베라잎즙가루 소듐하이알루로네이트 시트랄 리날룰 시트로넬올 레몬향티트리오일 토코페롤 판테놀 세라마이드엔피 세라마이드엔에스 세라마이드에이에스 세라마이드이오피 세라마이드에이피 마트리카리아잎추출물 녹차추출물 타임추출물 애플민트잎추출물 알란토인 소듐하이알루로네이트 트레할로오스 수크로오스 콜레스테롤 글리세레스-26 C14-22알코올 C12-20알킬글루코사이드 피브이엠/엠에이코폴리머 아크릴레이트/C10-30알킬아크릴레이트크로스폴리머 글리세릴아크릴레이트/아크릴릭애씨드코폴리머 하이드로제네이티드레시틴 트로메타민 토코페롤 잇꽃꽃추출물 바오밥나무씨오일 잔탄검 스테아릭애씨드 다이소듐이디티에이 에틸헥실글리세린 폴리솔베이트20 다이소듐이디티에이 향료 나이아신아마이드 자일리톨 알란토인 프룩토올리고사카라이드 만니톨 헥실데칸올 소듐하이드록사이드 시트릭애씨드 람노오스 사과씨추출물 유채스테롤 토코페롤 약모밀추출물(70%) 에틸헥실스테아레이트 하이드로제네이티드폴리(C6-14올레핀) 폴리글리세릴-3다이스테아레이트 물푸레나무추출물 바질꽃/잎/줄기추출물 당느릅나무뿌리추출물 줄맨드라미씨추출물 하이드로제네이티드레시틴 소듐하이알루로네이트 글리세릴글루코사이드 글리세릴스테아레이트 트레할로오스 알지닌 카보머 글리세릴스테아레이트시트레이트 소듐스테아로일글루타메이트 글루코오스 다이소듐이디티에이 베타인 하이드롤라이즈드하이알루로닉애씨드 소듐아세틸레이티드하이알루로네이트 에틸헥실글리세린 코코넛야자오일 하이드로제네이티드레시틴 시어버터 하이드록시에틸셀룰로오스 스쿠알란 카보머 잔탄검 소듐카보머 세라마이드엔피,2
F0025,"알로에 에센셜 중건성용,앰플&토너 수분진정",어성초 77 수딩 토너,모이스처 플루이드,어린쑥 수분진정크림,"알로에 에센셜 중건성용,앰플&토너 수분진정,어성초 77 수딩 토너,모이스처 플루이드,어린쑥 수분진정크림","['알로에베라잎즙(46%)', '소듐하이알루로네이트', '하이드롤라이즈드콜라겐', '카퍼트라이펩타이드-1', '카프릴릴글라이콜', '베타-글루칸', '락토바실러스/콩발효추출물', '흰버드나무껍질추출물(구명칭:화이트윌로우껍질추출물)', '육계나무껍질추출물', '오레가노잎추출물', '편백잎추출물', '황금추출물', '쇠비름추출물(구명칭:마치현추출물)', '바위손추출물(구명칭:권백추출물)', '관중추출물', '실새삼씨추출물', '알란토인', '알지닌', '소듐카보머', '카보머', '버지니아풍년화추출물', '하이드롤라이즈드콜라겐', '약모밀추출물(77%)', '베타인', '병풀추출물', '체이스트트리추출물', '우엉뿌리추출물', '진흙버섯추출물', '쇠비름추출물', '포도추출물', '사과추출물', '사탕수수추출물', '판테놀', '마트리카리아꽃추출물', '소듐하이알루로네이트', '하이드록시프로필트라이모늄하이알루로네이트', '하이드롤라이즈드하이알루로닉애씨드', '소듐아세틸레이티드하이알루로네이트', '하이알루로닉애씨드', '소듐하이알루로네이트크로스폴리머', '포타슘하이알루로네이트', '아크릴레이트/C10-30알킬아크릴레이트크로스폴리머', '트로메타민', '다이소듐이디티에이', '정제수*', '글리세린*', '페닐트라이메티콘', '1*2-헥산다이올*', '판테놀', '부틸렌글라이콜*', '네오펜틸글라이콜다이헵타노에이트', '암모늄아크릴로일다이메틸타우레이트/브이피코폴리머', '솔비탄아이소스테아레이트', '마이크로크리스탈린셀룰로오스', '아크릴레이트/C10-30알킬아크릴레이트크로스폴리머', '트로메타민', '하이드록시프로필메틸셀룰로오스스테아록시에터', '셀룰로오스검', '레시틴', '소듐하이알루로네이트', '에틸헥실글리세린', '해바라기씨오일', '퀸즈랜드넛오일*', '스쿠알란*', '티트리잎추출물', '폴리글리세릴-10올리에이트*', '피토스테릴/베헤닐/옥틸도데실라우로일글루타메이트*', '콜레스테롤*', '알루미늄수크로오스옥타설페이트*', '유채스테롤*', '소듐서팩틴*', '셀룰로오스*', '병풀추출물', '약모밀추출물', '하이드로제네이티드레시틴*', '화이트루핀씨추출물', '소듐하이알루로네이트크로스폴리머', '하이드롤라이즈드글라이코사미노글리칸', '토코페롤', '소듐하이드록사이드', '하이드롤라이즈드하이알루로닉애씨드', '다이소듐이디티에이*', '징크옥사이드*', '하이알루로닉애씨드', '라즈베리케톤', '황해쑥잎수(35', '724ppm)', '']",알로에베라잎즙(46%) 소듐하이알루로네이트 하이드롤라이즈드콜라겐 카퍼트라이펩타이드-1 카프릴릴글라이콜 베타-글루칸 락토바실러스/콩발효추출물 흰버드나무껍질추출물(구명칭:화이트윌로우껍질추출물) 육계나무껍질추출물 오레가노잎추출물 편백잎추출물 황금추출물 쇠비름추출물(구명칭:마치현추출물) 바위손추출물(구명칭:권백추출물) 관중추출물 실새삼씨추출물 알란토인 알지닌 소듐카보머 카보머 버지니아풍년화추출물 하이드롤라이즈드콜라겐 약모밀추출물(77%) 베타인 병풀추출물 체이스트트리추출물 우엉뿌리추출물 진흙버섯추출물 쇠비름추출물 포도추출물 사과추출물 사탕수수추출물 판테놀 마트리카리아꽃추출물 소듐하이알루로네이트 하이드록시프로필트라이모늄하이알루로네이트 하이드롤라이즈드하이알루로닉애씨드 소듐아세틸레이티드하이알루로네이트 하이알루로닉애씨드 소듐하이알루로네이트크로스폴리머 포타슘하이알루로네이트 아크릴레이트/C10-30알킬아크릴레이트크로스폴리머 트로메타민 다이소듐이디티에이 정제수* 글리세린* 페닐트라이메티콘 1*2-헥산다이올* 판테놀 부틸렌글라이콜* 네오펜틸글라이콜다이헵타노에이트 암모늄아크릴로일다이메틸타우레이트/브이피코폴리머 솔비탄아이소스테아레이트 마이크로크리스탈린셀룰로오스 아크릴레이트/C10-30알킬아크릴레이트크로스폴리머 트로메타민 하이드록시프로필메틸셀룰로오스스테아록시에터 셀룰로오스검 레시틴 소듐하이알루로네이트 에틸헥실글리세린 해바라기씨오일 퀸즈랜드넛오일* 스쿠알란* 티트리잎추출물 폴리글리세릴-10올리에이트* 피토스테릴/베헤닐/옥틸도데실라우로일글루타메이트* 콜레스테롤* 알루미늄수크로오스옥타설페이트* 유채스테롤* 소듐서팩틴* 셀룰로오스* 병풀추출물 약모밀추출물 하이드로제네이티드레시틴* 화이트루핀씨추출물 소듐하이알루로네이트크로스폴리머 하이드롤라이즈드글라이코사미노글리칸 토코페롤 소듐하이드록사이드 하이드롤라이즈드하이알루로닉애씨드 다이소듐이디티에이* 징크옥사이드* 하이알루로닉애씨드 라즈베리케톤 황해쑥잎수(35 724ppm) ,1
F0026,"어성초 앰플,에이씨컬렉션 블레미쉬 스팟 클리어링 세럼",티트리시카 수딩 토너,DMT 데일리보습 로션,워터뱅크 모이스춰 크림,"어성초 앰플,에이씨컬렉션 블레미쉬 스팟 클리어링 세럼,티트리시카 수딩 토너,DMT 데일리보습 로션,워터뱅크 모이스춰 크림","['약모밀추출물(20%)', '판테놀', '베타인', '백미꽃추출물', '월계수잎추출물', '유칼립투스잎추출물', '마데카소사이드', '아시아티코사이드', '도금양열매추출물', '병풀추출물', '녹차추출물', '황금추출물', '마트리카리아꽃추출물', '동충하초추출물', '폴리글리세릴-10라우레이트', '폴리글리세릴-10미리스테이트', '덱스트린', '스클레로튬검', '잔탄검', '에틸헥실글리세린', '유향나무오일', '프로폴리스추출물', '나이아신아마이드', '판테놀', '하이드록시에틸아크릴레이트/소듐아크릴로일다이메틸타우레이트코폴리머', '엑토인', '에틸헥실글리세린', '폴리글리세릴-10미리스테이트', '폴리글리세릴-10라우레이트', '알란토인', '소듐하이알루로네이트', '아시아티코사이드', '아시아틱애씨드', '마데카식애씨드', '해바라기씨오일', '마카다미아씨오일', '티트리잎오일', '수크로오스다이스테아레이트', '글리세릴스테아레이트', '하이드로제네이티드레시틴', '세라마이드엔피', '티트리추출물(381', '680ppm)', '티트리잎추출물(57', '200ppm)', '티트리잎수(57', '200ppm)', '병풀추출물(30', '380ppm)', '티트리꽃/잎/줄기추출물(13', '000ppm)', '베타인', '판테놀', '옥틸도데세스-16', '소듐시트레이트', '시트릭애씨드', '티트리잎오일(720ppm)', '베타인살리실레이트', '잔탄검', '■ 정제수', '카프릴릭/카프릭트리글리세라이드', '', '코코넛오일', '기름야자오일', '쉐어버터', '올리브오일', '하이드로제네이티드레시틴', '하이드록시에칠셀룰로오스', '카프릴릴글라이콜', '잔탄검', '스쿠알란', '카보머', '소듐카보머', '세라마이드3', '스쿠알란', '']",약모밀추출물(20%) 판테놀 베타인 백미꽃추출물 월계수잎추출물 유칼립투스잎추출물 마데카소사이드 아시아티코사이드 도금양열매추출물 병풀추출물 녹차추출물 황금추출물 마트리카리아꽃추출물 동충하초추출물 폴리글리세릴-10라우레이트 폴리글리세릴-10미리스테이트 덱스트린 스클레로튬검 잔탄검 에틸헥실글리세린 유향나무오일 프로폴리스추출물 나이아신아마이드 판테놀 하이드록시에틸아크릴레이트/소듐아크릴로일다이메틸타우레이트코폴리머 엑토인 에틸헥실글리세린 폴리글리세릴-10미리스테이트 폴리글리세릴-10라우레이트 알란토인 소듐하이알루로네이트 아시아티코사이드 아시아틱애씨드 마데카식애씨드 해바라기씨오일 마카다미아씨오일 티트리잎오일 수크로오스다이스테아레이트 글리세릴스테아레이트 하이드로제네이티드레시틴 세라마이드엔피 티트리추출물(381 680ppm) 티트리잎추출물(57 200ppm) 티트리잎수(57 200ppm) 병풀추출물(30 380ppm) 티트리꽃/잎/줄기추출물(13 000ppm) 베타인 판테놀 옥틸도데세스-16 소듐시트레이트 시트릭애씨드 티트리잎오일(720ppm) 베타인살리실레이트 잔탄검 ■ 정제수 카프릴릭/카프릭트리글리세라이드  코코넛오일 기름야자오일 쉐어버터 올리브오일 하이드로제네이티드레시틴 하이드록시에칠셀룰로오스 카프릴릴글라이콜 잔탄검 스쿠알란 카보머 소듐카보머 세라마이드3 스쿠알란 ,1
F0027,"울트라 화이트닝 퍼스트 에센스 오리진,유자씨 잡티 맑음 세럼",크림스킨,더 심플 데일리 로션,어린쑥 수분진정크림,"울트라 화이트닝 퍼스트 에센스 오리진,유자씨 잡티 맑음 세럼,크림스킨,더 심플 데일리 로션,어린쑥 수분진정크림","['나이아신아마이드', '베타인', '판테놀', '글리세레스-25피씨에이아이소스테아레이트', '잔탄검', '다이포타슘글리시리제이트', '맥아추출물', '자몽껍질오일', '소듐하이알루로네이트', '하이드롤라이즈드하이알루로닉애씨드', '베타-글루칸', '진흙버섯추출물', '카프릴릴글라이콜', '오렌지껍질오일', '소듐아세틸레이티드하이알루로네이트', '멕시칸주니퍼오일', '고수열매오일', '스피어민트잎오일', '락토바실러스/쌀발효물', '페퍼민트잎추출물', '노니열매추출물', '매실추출물', '사막장미잎세포추출물', '오이열매추출물', '병풀추출물', '녹차추출물', '키위추출물', '알로에잎추출물', '카룸 페트로셀리눔추출물', '케일잎추출물', '바오밥나무씨추출물', '티트리추출물', '아티초크잎추출물', '오죽잎추출물', '브루셀스프라우트추출물', '멜론추출물', '라임추출물', '효모베타-글루칸', '다시마추출물', '유자추출물', '나이아신아마이드', '소듐폴리아크릴로일다이메틸타우레이트', '피피지-13-데실테트라데세스-24', '소듐아스코빌포스페이트', '다이포타슘글리시리제이트', '알란토인', '카보머', '판테놀', '에틸헥실글리세린', '트로메타민', '베르가모트오일', '소듐파이테이트', '유자껍질추출물', '비타민나무열매추출물', '왕귤껍질오일', '소듐하이알루로네이트', '멕시칸주니퍼오일', '카라멜', '리날룰', '메도우폼씨오일', '스쿠알란', '폴리글리세릴-10스테아레이트', '글리세릴스테아레이트시트레이트', '소듐스테아로일글루타메이트', '이눌린라우릴카바메이트', '글리세릴카프릴레이트', '에틸헥실글리세린', '다이소듐이디티에이', '카보머', '만니톨', '아크릴레이트/스테아릴메타크릴레이트코폴리머', '흰목이버섯포자낭과추출물', '하이알루로닉애씨드', '녹차추출물', '잔탄검', '세라마이드엔피', '동백나무꽃추출물', '토코페롤', '아세틸테트라펩타이드-11', '비닐다이메티콘', '세틸에칠헥사노에이트', '알바수련꽃추출물', '알로에베라잎즙', '마데카소사이드', '세테아릴올리베이트', '카보머', '솔비탄올리베이트', '트로메타민', '소듐하이알루로네이트', '황해쑥잎수(35', '724ppm)', '']",나이아신아마이드 베타인 판테놀 글리세레스-25피씨에이아이소스테아레이트 잔탄검 다이포타슘글리시리제이트 맥아추출물 자몽껍질오일 소듐하이알루로네이트 하이드롤라이즈드하이알루로닉애씨드 베타-글루칸 진흙버섯추출물 카프릴릴글라이콜 오렌지껍질오일 소듐아세틸레이티드하이알루로네이트 멕시칸주니퍼오일 고수열매오일 스피어민트잎오일 락토바실러스/쌀발효물 페퍼민트잎추출물 노니열매추출물 매실추출물 사막장미잎세포추출물 오이열매추출물 병풀추출물 녹차추출물 키위추출물 알로에잎추출물 카룸 페트로셀리눔추출물 케일잎추출물 바오밥나무씨추출물 티트리추출물 아티초크잎추출물 오죽잎추출물 브루셀스프라우트추출물 멜론추출물 라임추출물 효모베타-글루칸 다시마추출물 유자추출물 나이아신아마이드 소듐폴리아크릴로일다이메틸타우레이트 피피지-13-데실테트라데세스-24 소듐아스코빌포스페이트 다이포타슘글리시리제이트 알란토인 카보머 판테놀 에틸헥실글리세린 트로메타민 베르가모트오일 소듐파이테이트 유자껍질추출물 비타민나무열매추출물 왕귤껍질오일 소듐하이알루로네이트 멕시칸주니퍼오일 카라멜 리날룰 메도우폼씨오일 스쿠알란 폴리글리세릴-10스테아레이트 글리세릴스테아레이트시트레이트 소듐스테아로일글루타메이트 이눌린라우릴카바메이트 글리세릴카프릴레이트 에틸헥실글리세린 다이소듐이디티에이 카보머 만니톨 아크릴레이트/스테아릴메타크릴레이트코폴리머 흰목이버섯포자낭과추출물 하이알루로닉애씨드 녹차추출물 잔탄검 세라마이드엔피 동백나무꽃추출물 토코페롤 아세틸테트라펩타이드-11 비닐다이메티콘 세틸에칠헥사노에이트 알바수련꽃추출물 알로에베라잎즙 마데카소사이드 세테아릴올리베이트 카보머 솔비탄올리베이트 트로메타민 소듐하이알루로네이트 황해쑥잎수(35 724ppm) ,1
F0028,"익스트림 크림 앰플,하이드라스킨 세럼",어성초 77 수딩 토너,그린티 히알루론산 로션,힐러 턴오버 액티브 크림,"익스트림 크림 앰플,하이드라스킨 세럼,어성초 77 수딩 토너,그린티 히알루론산 로션,힐러 턴오버 액티브 크림","['폴리글리세릴-10스테아레이트', '판테놀', '하이드로제네이티드레시틴', '메도우폼씨오일', '비닐다이메티콘', '식물성스쿠알란', '호호바씨오일', '포타슘세틸포스페이트', '미리스토일/팔미토일옥소스테아라마이드/아라카마이드엠이에이', '세라마이드엔피', '비스-카프릴로일옥시팔미타미도아이소프로판올', '아데노신', '다이포타슘글리시리제이트', '마데카소사이드', '알란토인', '하이드롤라이즈드하이알루로닉애씨드', '글리세릴스테아레이트', '피토스테릴/이소스테아릴/세틸/스테아릴/베헤닐다이머디리놀리에이트', '솔비탄스테아레이트', '세테아릴알코올', '피토스테롤', '잔탄검', '소듐하이알루로네이트', '하이드록시프로필메틸셀룰로오스', '솔비탄라우레이트', '하이드록시에틸셀룰로오스', '아세틸다이펩타이드-1세틸에스터', '알파-비사보롤', '글리세릴글루코사이드', '글루코오스', '자일리틸글루코사이드', '안하이드로자일리톨', '자일리톨', '글라이코스핑고리피드', '포스포리피드', '스피어민트잎오일', '스피어민트추출물', '필리핀오렌지껍질오일', '센티드제라늄꽃오일', '타임오일', '유칼립투스잎오일', '바추잎잎추출물', '카프릴릴글라이콜', '카보머', '다이소듐이디티에이', '알지닌', '글리세릴베헤네이트', '폴리글리세릴-6옥타스테아레이트', '스테아릭애씨드', '프로판디올', '메칠글루세스-20', '피이지-40하이드로제네이티드캐스터오일', '모근추출물', '석류나무추출물', '말라카이트추출물', '소듐하이알루로네이트', '토코페롤', '에칠헥실글리세린', '하이알루로닉애씨드', '트레할로스', '카프릴릴글라이콜', '소듐피씨에이', '소듐폴리아크릴레이트', '1', '2-헥산디올', '폴리쿼터늄-51', '우레아', '카보머', '소듐카보머', '향료', '부틸페닐메칠프로피오날', '하이드록시이소헥실3-사이클로헥센카복스알데하이드', '헥실신남알', '알파-이소메칠이오논', '리날룰', '하이드록시시트로넬알', '테트라소듐이디티에이', '포타슘소르베이트', '청색1호 (ILN36174)', '약모밀추출물(77%)', '베타인', '병풀추출물', '체이스트트리추출물', '우엉뿌리추출물', '진흙버섯추출물', '쇠비름추출물', '포도추출물', '사과추출물', '사탕수수추출물', '판테놀', '마트리카리아꽃추출물', '소듐하이알루로네이트', '하이드록시프로필트라이모늄하이알루로네이트', '하이드롤라이즈드하이알루로닉애씨드', '소듐아세틸레이티드하이알루로네이트', '하이알루로닉애씨드', '소듐하이알루로네이트크로스폴리머', '포타슘하이알루로네이트', '아크릴레이트/C10-30알킬아크릴레이트크로스폴리머', '트로메타민', '다이소듐이디티에이', '펜타에리스리틸테트라에틸헥사노에이트', '다이아이소스테아릴말레이트', '나이아신아마이드', 'C14-22알코올', '카보머', '트로메타민', 'C12-20알킬글루코사이드', '락토바실러스발효용해물', '소듐스테아로일글루타메이트', '소듐메타포스페이트', '에틸헥실글리세린', '녹차추출물', '하이알루로닉애씨드', '판테놀', '알지닌', '아스파틱애씨드', '글루타믹애씨드', '글루코노락톤', '소듐하이알루로네이트', '하이드롤라이즈드하이알루로닉애씨드', '소듐하이알루로네이트크로스폴리머', '토코페롤', '소듐아세틸레이티드하이알루로네이트', '메틸하이드로제네이티드로지네이트', '다이스타치포스페이트', '다이카프릴릴카보네이트', '세테아릴알코올', '나이아신아마이드', '폴리그리세릴-3메틸글루코오스다이스테아레이트', '클로렐라 불가리스추출물', '백미꽃추출물', '타라열매추출물', '접시꽃추출물', '코토니추출물', '스위트아몬드추출물', '소듐하이알루로네이트', '비스-다이글리세릴폴리아실아디페이트-2', '하이드록시에틸아크릴레이트/소듐아크릴로일다이메틸타우레이트코폴리머', 'C12-15알킬아크릴레이트크로스폴리머', '트로메타민', '프룩토올리고사카라이드', '프룩토오스', '판테놀', '세테아릴글루코사이드', '아데노신', '소듐파이테이트', '토코페롤', '에틸헥실글리세린', '트레할로오스', '우레아', '글리세릴폴리아크릴레이트', '세린', '카프릴릴글라이콜', '알진', '풀루란', '다이소듐포스페이트', '']",폴리글리세릴-10스테아레이트 판테놀 하이드로제네이티드레시틴 메도우폼씨오일 비닐다이메티콘 식물성스쿠알란 호호바씨오일 포타슘세틸포스페이트 미리스토일/팔미토일옥소스테아라마이드/아라카마이드엠이에이 세라마이드엔피 비스-카프릴로일옥시팔미타미도아이소프로판올 아데노신 다이포타슘글리시리제이트 마데카소사이드 알란토인 하이드롤라이즈드하이알루로닉애씨드 글리세릴스테아레이트 피토스테릴/이소스테아릴/세틸/스테아릴/베헤닐다이머디리놀리에이트 솔비탄스테아레이트 세테아릴알코올 피토스테롤 잔탄검 소듐하이알루로네이트 하이드록시프로필메틸셀룰로오스 솔비탄라우레이트 하이드록시에틸셀룰로오스 아세틸다이펩타이드-1세틸에스터 알파-비사보롤 글리세릴글루코사이드 글루코오스 자일리틸글루코사이드 안하이드로자일리톨 자일리톨 글라이코스핑고리피드 포스포리피드 스피어민트잎오일 스피어민트추출물 필리핀오렌지껍질오일 센티드제라늄꽃오일 타임오일 유칼립투스잎오일 바추잎잎추출물 카프릴릴글라이콜 카보머 다이소듐이디티에이 알지닌 글리세릴베헤네이트 폴리글리세릴-6옥타스테아레이트 스테아릭애씨드 프로판디올 메칠글루세스-20 피이지-40하이드로제네이티드캐스터오일 모근추출물 석류나무추출물 말라카이트추출물 소듐하이알루로네이트 토코페롤 에칠헥실글리세린 하이알루로닉애씨드 트레할로스 카프릴릴글라이콜 소듐피씨에이 소듐폴리아크릴레이트 1 2-헥산디올 폴리쿼터늄-51 우레아 카보머 소듐카보머 향료 부틸페닐메칠프로피오날 하이드록시이소헥실3-사이클로헥센카복스알데하이드 헥실신남알 알파-이소메칠이오논 리날룰 하이드록시시트로넬알 테트라소듐이디티에이 포타슘소르베이트 청색1호 (ILN36174) 약모밀추출물(77%) 베타인 병풀추출물 체이스트트리추출물 우엉뿌리추출물 진흙버섯추출물 쇠비름추출물 포도추출물 사과추출물 사탕수수추출물 판테놀 마트리카리아꽃추출물 소듐하이알루로네이트 하이드록시프로필트라이모늄하이알루로네이트 하이드롤라이즈드하이알루로닉애씨드 소듐아세틸레이티드하이알루로네이트 하이알루로닉애씨드 소듐하이알루로네이트크로스폴리머 포타슘하이알루로네이트 아크릴레이트/C10-30알킬아크릴레이트크로스폴리머 트로메타민 다이소듐이디티에이 펜타에리스리틸테트라에틸헥사노에이트 다이아이소스테아릴말레이트 나이아신아마이드 C14-22알코올 카보머 트로메타민 C12-20알킬글루코사이드 락토바실러스발효용해물 소듐스테아로일글루타메이트 소듐메타포스페이트 에틸헥실글리세린 녹차추출물 하이알루로닉애씨드 판테놀 알지닌 아스파틱애씨드 글루타믹애씨드 글루코노락톤 소듐하이알루로네이트 하이드롤라이즈드하이알루로닉애씨드 소듐하이알루로네이트크로스폴리머 토코페롤 소듐아세틸레이티드하이알루로네이트 메틸하이드로제네이티드로지네이트 다이스타치포스페이트 다이카프릴릴카보네이트 세테아릴알코올 나이아신아마이드 폴리그리세릴-3메틸글루코오스다이스테아레이트 클로렐라 불가리스추출물 백미꽃추출물 타라열매추출물 접시꽃추출물 코토니추출물 스위트아몬드추출물 소듐하이알루로네이트 비스-다이글리세릴폴리아실아디페이트-2 하이드록시에틸아크릴레이트/소듐아크릴로일다이메틸타우레이트코폴리머 C12-15알킬아크릴레이트크로스폴리머 트로메타민 프룩토올리고사카라이드 프룩토오스 판테놀 세테아릴글루코사이드 아데노신 소듐파이테이트 토코페롤 에틸헥실글리세린 트레할로오스 우레아 글리세릴폴리아크릴레이트 세린 카프릴릴글라이콜 알진 풀루란 다이소듐포스페이트 ,2
F0029,"허니 세럼,알로에 에센셜 중건성용",더모이스처 배리어 D 리퀴드,레드수딩 AI 진정보습 로션,콜라겐 아이크림 부활초 튜브,"허니 세럼,알로에 에센셜 중건성용,더모이스처 배리어 D 리퀴드,레드수딩 AI 진정보습 로션,콜라겐 아이크림 부활초 튜브","['다이메티콘', '나이아신아마이드', '피이지/피피지-18/18다이메티콘', '운데케인', '트라이데케인', '소듐클로라이드', '다이메티콘/비닐다이메티콘크로스폴리머', '피이지-10다이메티콘', '다이스테아다이모늄헥토라이트', '보스웰리아수지추출물', '꿀추출물', '아데노신', '육계나무껍질추출물', '울금뿌리추출물', '레반', '데실글루코사이드', '올리브나무잎추출물', '에틸헥실글리세린', '다이소듐이디티에이', '꽃가루추출물', '페네틸알코올', '대추나무씨추출물', '병풀추출물', '로얄젤리추출물', '프로폴리스추출물', '벌독', '시트릭애씨드', '아스코빅애씨드', '마데카소사이드', '향료', '부틸페닐메틸프로피오날', '제라니올', '시트랄', '리날룰', '알로에베라잎즙(46%)', '소듐하이알루로네이트', '하이드롤라이즈드콜라겐', '카퍼트라이펩타이드-1', '카프릴릴글라이콜', '베타-글루칸', '락토바실러스/콩발효추출물', '흰버드나무껍질추출물(구명칭:화이트윌로우껍질추출물)', '육계나무껍질추출물', '오레가노잎추출물', '편백잎추출물', '황금추출물', '쇠비름추출물(구명칭:마치현추출물)', '바위손추출물(구명칭:권백추출물)', '관중추출물', '실새삼씨추출물', '알란토인', '알지닌', '소듐카보머', '카보머', '글리세레스-26', '베타인', '다이페닐다이메티콘', '트라이에틸헥사노인', '카보머', '카프릴릴글라이콜', 'C12-13파레스-9', '하이드로제네이티드레시틴', '판테놀', '아이소말트', '에틸헥실글리세린', '다이소듐이디티에이', '트로메타민', '폴리글리세릴-10스테아레이트', '폴리글리세릴-10올리에이트', '소듐하이알루로네이트', '세라마이드엔피', '올리브오일불검화물', '밀배아오일불검화물', '알루미늄/마그네슘하이드록사이드스테아레이트', '돌콩오일불검화물', '콜레스테롤', '팔미틱애씨드', '소듐스테아로일글루타메이트', '7-데하이드로콜레스테롤', '꽃가루추출물', '영하구기자추출물', '레시틴', '칼슘클로라이드', '피톨', '카프릴릭/카프릭트리글리세라이드', '쉐어버 터', '하이드로제네이티드레시틴', '팔미타마이드엠이에이', '하이드록시에칠셀룰로 오스', '카프릴릴글라이콜', '잔탄검', '베타인', '스쿠알란', '사코신', '아세트아마이드엠 이에이', '소듐카보머', '카보머', '세라마이드엔피(세라마이드3)', '나이아신아마이드', '카프릴릴메티콘', '펜타에리스리틸테트라에틸헥사노에이트', '폴리글리세릴-3메틸글루코오스다이스테아레이트', '베헤닐알코올', '폴리메틸실세스퀴옥세인', '트루로즈오브예리코추출물', '콜라겐추출물', '판테놀', '퀸즈랜드넛오일', '망고씨버터', '락토바실러스발효물', '비타민나무오일', '소듐하이알루로네이트', '마카다미아씨오일', '비피다발효여과물', '세테아릴올리베이트', '하이드록시에틸아크릴레이트/소듐아크릴로일다이메틸타우레이트코폴리머', '솔비탄올리베이트', '글리세릴스테아레이트', '폴리글리세릴-3다이스테아레이트', '암모늄아크릴로일다이메틸타우레이트/브이피코폴리머', '비스-다이글리세릴폴리아실아디페이트-2', '카프릴릴글라이콜', '세테아릴글루코사이드', '스쿠알란', '에틸헥실글리세린', '다이포타슘글리시리제이트', '솔비탄아이소스테아레이트', '아데노신', '알란토인', '글리세릴스테아레이트시트레이트', '트라이소듐에틸렌다이아민다이석시네이트', '하이드로제네이티드레시틴', '세라마이드엔피', '토코페롤', '바쿠치올', '트레할로오스', '폴리글리세릴-10라우레이트', '포스파티딜콜린', '아시아티코사이드', '피토스핑고신', '아시아틱애씨드', '글라이코리피드', '마데카식애씨드', '팔미토일트라이펩타이드-5', '솔비톨', '세테아릴알코올', '스테아릴알코올', '잔탄검', '카페인']",다이메티콘 나이아신아마이드 피이지/피피지-18/18다이메티콘 운데케인 트라이데케인 소듐클로라이드 다이메티콘/비닐다이메티콘크로스폴리머 피이지-10다이메티콘 다이스테아다이모늄헥토라이트 보스웰리아수지추출물 꿀추출물 아데노신 육계나무껍질추출물 울금뿌리추출물 레반 데실글루코사이드 올리브나무잎추출물 에틸헥실글리세린 다이소듐이디티에이 꽃가루추출물 페네틸알코올 대추나무씨추출물 병풀추출물 로얄젤리추출물 프로폴리스추출물 벌독 시트릭애씨드 아스코빅애씨드 마데카소사이드 향료 부틸페닐메틸프로피오날 제라니올 시트랄 리날룰 알로에베라잎즙(46%) 소듐하이알루로네이트 하이드롤라이즈드콜라겐 카퍼트라이펩타이드-1 카프릴릴글라이콜 베타-글루칸 락토바실러스/콩발효추출물 흰버드나무껍질추출물(구명칭:화이트윌로우껍질추출물) 육계나무껍질추출물 오레가노잎추출물 편백잎추출물 황금추출물 쇠비름추출물(구명칭:마치현추출물) 바위손추출물(구명칭:권백추출물) 관중추출물 실새삼씨추출물 알란토인 알지닌 소듐카보머 카보머 글리세레스-26 베타인 다이페닐다이메티콘 트라이에틸헥사노인 카보머 카프릴릴글라이콜 C12-13파레스-9 하이드로제네이티드레시틴 판테놀 아이소말트 에틸헥실글리세린 다이소듐이디티에이 트로메타민 폴리글리세릴-10스테아레이트 폴리글리세릴-10올리에이트 소듐하이알루로네이트 세라마이드엔피 올리브오일불검화물 밀배아오일불검화물 알루미늄/마그네슘하이드록사이드스테아레이트 돌콩오일불검화물 콜레스테롤 팔미틱애씨드 소듐스테아로일글루타메이트 7-데하이드로콜레스테롤 꽃가루추출물 영하구기자추출물 레시틴 칼슘클로라이드 피톨 카프릴릭/카프릭트리글리세라이드 쉐어버 터 하이드로제네이티드레시틴 팔미타마이드엠이에이 하이드록시에칠셀룰로 오스 카프릴릴글라이콜 잔탄검 베타인 스쿠알란 사코신 아세트아마이드엠 이에이 소듐카보머 카보머 세라마이드엔피(세라마이드3) 나이아신아마이드 카프릴릴메티콘 펜타에리스리틸테트라에틸헥사노에이트 폴리글리세릴-3메틸글루코오스다이스테아레이트 베헤닐알코올 폴리메틸실세스퀴옥세인 트루로즈오브예리코추출물 콜라겐추출물 판테놀 퀸즈랜드넛오일 망고씨버터 락토바실러스발효물 비타민나무오일 소듐하이알루로네이트 마카다미아씨오일 비피다발효여과물 세테아릴올리베이트 하이드록시에틸아크릴레이트/소듐아크릴로일다이메틸타우레이트코폴리머 솔비탄올리베이트 글리세릴스테아레이트 폴리글리세릴-3다이스테아레이트 암모늄아크릴로일다이메틸타우레이트/브이피코폴리머 비스-다이글리세릴폴리아실아디페이트-2 카프릴릴글라이콜 세테아릴글루코사이드 스쿠알란 에틸헥실글리세린 다이포타슘글리시리제이트 솔비탄아이소스테아레이트 아데노신 알란토인 글리세릴스테아레이트시트레이트 트라이소듐에틸렌다이아민다이석시네이트 하이드로제네이티드레시틴 세라마이드엔피 토코페롤 바쿠치올 트레할로오스 폴리글리세릴-10라우레이트 포스파티딜콜린 아시아티코사이드 피토스핑고신 아시아틱애씨드 글라이코리피드 마데카식애씨드 팔미토일트라이펩타이드-5 솔비톨 세테아릴알코올 스테아릴알코올 잔탄검 카페인,1
F0030,"어성초 앰플,부활초 비피다 세럼 퍼밍 드롭",미나리 토너,더 심플 데일리 로션,노스카나인 트러블 흔적 리페어 크림,"어성초 앰플,부활초 비피다 세럼 퍼밍 드롭,미나리 토너,더 심플 데일리 로션,노스카나인 트러블 흔적 리페어 크림","['약모밀추출물(20%)', '판테놀', '베타인', '백미꽃추출물', '월계수잎추출물', '유칼립투스잎추출물', '마데카소사이드', '아시아티코사이드', '도금양열매추출물', '병풀추출물', '녹차추출물', '황금추출물', '마트리카리아꽃추출물', '동충하초추출물', '폴리글리세릴-10라우레이트', '폴리글리세릴-10미리스테이트', '덱스트린', '스클레로튬검', '잔탄검', '에틸헥실글리세린', '유향나무오일', '트루로즈오브예리코추출물', '나이아신아마이드', '비피다발효용해물', '마카다미아씨오일', '메도우폼씨오일', '락토바실러스발효물', '시어버터', '퀸즈랜드넛오일', '올리브오일', '호호바씨오일', '포도씨오일', '소듐하이알루로네이트', '카카오추출물', '비피다발효여과물', '수용성콜라겐', '판테놀', '하이드로제네이티드레시틴', '소듐폴리아크릴로일다이메틸타우레이트', '스쿠알란', '수크로오스팔미테이트', '트라이아이소스테아린', '트로메타민', '에틸헥실글리세린', '아데노신', '소듐다이라우미도글루타미드라이신', '글루코실루틴', '세라마이드엔피', '폴리글리세릴-10라우레이트', '폴리글리세릴-3메틸글루코오스다이스테아레이트', '덱스트린', '베타-글루칸', '소듐아스코빌포스페이트', '토코페롤', '바쿠치올', '트레할로오스', '피토스핑고신', '포스파티딜콜린', '아시아티코사이드', '아시아틱애씨드', '글라이코리피드', '마데카식애씨드', '팔미토일트라이펩타이드-5', '솔비톨', '카보머', '잔탄검', '미나리추출물', '소듐시트레이트', '베타인', '피피지-13-데실테트라데세스-24', '에틸헥실글리세린', '시트릭애씨드', '자일리틸글루코사이드', '안하이드로자일리톨', '알란토인', '판테놀', '병풀추출물', '살비아잎추출물', '마트리카리아추출물', '다이페닐다이메티콘', '자일리톨', '트라이에틸헥사노인', '소듐파이테이트', '글루코오스', '다이포타슘글리시리제이트', '포스포리피드', '폴리글리세릴-10올리에이트', '하이드로제네이티드레시틴', '도금양열매추출물', '유칼립투스잎오일', '류코노스톡/무발효여과물', '베르가모트오일', '해바라기씨오일', '판토테닉애씨드', '살비아오일', '클레리오일', '비닐다이메티콘', '세틸에칠헥사노에이트', '알바수련꽃추출물', '알로에베라잎즙', '마데카소사이드', '세테아릴올리베이트', '카보머', '솔비탄올리베이트', '트로메타민', '소듐하이알루로네이트', '비타민나무열매추출물', '쑥잎추출물', '다이아이소스테아릴말레이트', '다이글리세린', '스쿠알란', '나이아신아마이드', '폴리글리세릴-3메틸글루코오스다이스테아레이트', '트라넥사믹애씨드', '판테놀', '호호바에스터', '하이드록시에틸아크릴레이트/소듐아크릴로일다이메틸타우레이트코폴리머', '세테아릴올리베이트', '아크릴레이트/C10-30알킬아크릴레이트크로스폴리머', '솔비탄올리베이트', '트로메타민', '폴리메틸실세스퀴옥세인', '하이드로제네이티드쌀겨오일', '에틸헥실글리세린', '하이드로제네이티드레시틴', '아데노신', '알란토인', '솔비탄아이소스테아레이트', '하이드록시아세토페논', '소듐파이테이트', '구아검', '아가', '다이포타슘글리시리제이트', '폴리글리세릴-10라우레이트', '인도멀구슬나무잎추출물', '인도멀구슬나무꽃추출물', '소듐헤파린', '아이비고드열매추출물', '폴리글리세릴-10스테아레이트', '호박가루', '비사보롤', '가지열매추출물', '윈터체리뿌리추출물', '울금뿌리추출물', '홀리바질잎추출물', '잔탄검', '참산호말추출물', '드럼스틱씨오일', '토코페롤', '알파-알부틴', '카페인', '페룰릭애씨드', '글루타티온', '인디안구스베리열매추출물', '징크피씨에이', '호동씨오일', '포도세포추출물', '당호박추출물', '카카두플럼추출물', '케이프알로에잎추출물', '밤부사 불가리스수', '소듐아스코빌포스페이트', '토코페릴아세테이트', '글리세릴아라키도네이트', '글리세릴리놀리네이트', '바이오틴', '레티닐팔미테이트']",약모밀추출물(20%) 판테놀 베타인 백미꽃추출물 월계수잎추출물 유칼립투스잎추출물 마데카소사이드 아시아티코사이드 도금양열매추출물 병풀추출물 녹차추출물 황금추출물 마트리카리아꽃추출물 동충하초추출물 폴리글리세릴-10라우레이트 폴리글리세릴-10미리스테이트 덱스트린 스클레로튬검 잔탄검 에틸헥실글리세린 유향나무오일 트루로즈오브예리코추출물 나이아신아마이드 비피다발효용해물 마카다미아씨오일 메도우폼씨오일 락토바실러스발효물 시어버터 퀸즈랜드넛오일 올리브오일 호호바씨오일 포도씨오일 소듐하이알루로네이트 카카오추출물 비피다발효여과물 수용성콜라겐 판테놀 하이드로제네이티드레시틴 소듐폴리아크릴로일다이메틸타우레이트 스쿠알란 수크로오스팔미테이트 트라이아이소스테아린 트로메타민 에틸헥실글리세린 아데노신 소듐다이라우미도글루타미드라이신 글루코실루틴 세라마이드엔피 폴리글리세릴-10라우레이트 폴리글리세릴-3메틸글루코오스다이스테아레이트 덱스트린 베타-글루칸 소듐아스코빌포스페이트 토코페롤 바쿠치올 트레할로오스 피토스핑고신 포스파티딜콜린 아시아티코사이드 아시아틱애씨드 글라이코리피드 마데카식애씨드 팔미토일트라이펩타이드-5 솔비톨 카보머 잔탄검 미나리추출물 소듐시트레이트 베타인 피피지-13-데실테트라데세스-24 에틸헥실글리세린 시트릭애씨드 자일리틸글루코사이드 안하이드로자일리톨 알란토인 판테놀 병풀추출물 살비아잎추출물 마트리카리아추출물 다이페닐다이메티콘 자일리톨 트라이에틸헥사노인 소듐파이테이트 글루코오스 다이포타슘글리시리제이트 포스포리피드 폴리글리세릴-10올리에이트 하이드로제네이티드레시틴 도금양열매추출물 유칼립투스잎오일 류코노스톡/무발효여과물 베르가모트오일 해바라기씨오일 판토테닉애씨드 살비아오일 클레리오일 비닐다이메티콘 세틸에칠헥사노에이트 알바수련꽃추출물 알로에베라잎즙 마데카소사이드 세테아릴올리베이트 카보머 솔비탄올리베이트 트로메타민 소듐하이알루로네이트 비타민나무열매추출물 쑥잎추출물 다이아이소스테아릴말레이트 다이글리세린 스쿠알란 나이아신아마이드 폴리글리세릴-3메틸글루코오스다이스테아레이트 트라넥사믹애씨드 판테놀 호호바에스터 하이드록시에틸아크릴레이트/소듐아크릴로일다이메틸타우레이트코폴리머 세테아릴올리베이트 아크릴레이트/C10-30알킬아크릴레이트크로스폴리머 솔비탄올리베이트 트로메타민 폴리메틸실세스퀴옥세인 하이드로제네이티드쌀겨오일 에틸헥실글리세린 하이드로제네이티드레시틴 아데노신 알란토인 솔비탄아이소스테아레이트 하이드록시아세토페논 소듐파이테이트 구아검 아가 다이포타슘글리시리제이트 폴리글리세릴-10라우레이트 인도멀구슬나무잎추출물 인도멀구슬나무꽃추출물 소듐헤파린 아이비고드열매추출물 폴리글리세릴-10스테아레이트 호박가루 비사보롤 가지열매추출물 윈터체리뿌리추출물 울금뿌리추출물 홀리바질잎추출물 잔탄검 참산호말추출물 드럼스틱씨오일 토코페롤 알파-알부틴 카페인 페룰릭애씨드 글루타티온 인디안구스베리열매추출물 징크피씨에이 호동씨오일 포도세포추출물 당호박추출물 카카두플럼추출물 케이프알로에잎추출물 밤부사 불가리스수 소듐아스코빌포스페이트 토코페릴아세테이트 글리세릴아라키도네이트 글리세릴리놀리네이트 바이오틴 레티닐팔미테이트,0
