제품명,브랜드,가격,상품정보,썸네일
[리쥬란 독자소재_저자극 안심성분]리쥬란 더마 힐러 트리트먼트 에센스 70g 기획,리쥬란,"40,000","['내용물의 용량 또는 중량 70g', '제품 주요 사양 모든피부용', '사용기한(또는 개봉 후 사용기간) 제조일로부터 36개월', '사용방법 세안 후 토너로 피부 결을 정돈하고, 적당량을 취해 피부 결을 따라 부드럽게 발라 흡수시켜줍니다.', '화장품제조업자,화장품책임판매업자 및 맞춤형화장품판매업자 (주)파마리서치', '제조국 대한민국', '화장품법에 따라 기재해야 하는 모든 성분 정제수, 페닐트라이메티콘, 부틸렌글라이콜, 1,2-헥산다이올, 글리세린, 나이아신아마이드, 알로에베라잎즙, 귀리커넬추출물, 포트마리골드추출물, 오이열매추출물, 하이드롤라이즈드디엔에이, 폴리아크릴레이트크로스폴리머-6, 아크릴레이트/C10-30알킬아크릴레이트크로스폴리머, 트로메타민, 호호바씨오일, 라미나리아 오크롤레우카추출물, 아데노신, 아모다이메티콘, 카프릴릭/카프릭트라이글리세라이드, 멕시칸주니퍼오일, 글라이신, 세린, 글루타믹애씨드, 아스파틱애씨드, 류신, 알라닌, 라이신, 알지닌, 타이로신, 페닐알라닌, 프롤린, 트레오닌, 발린, 아이소류신, 히스티딘, 시스테인, 메티오닌, 세라마이드엔피, 콜레스테롤, 팔미틱애씨드', '기능성 화장품 식품의약품안전처 심사필 여부 화장품법에 따른 기능성 화장품 심사(또는 보고)를 필함', '사용할 때의 주의사항 1) 화장품 사용 시 또는 사용 후 직사광선에 의하여 사용부위가 붉은 반점, 부어오름 또는 가려움증 등의 이상 증상이나 부작용이 있는 경우 전문의 등과 상담할 것.', '2) 상처가 있는 부위 등에는 사용을 자제할 것.', '3) 보관 및 취급 시의 주의사항.', '가) 어린이의 손이 닿지 않는 곳에 보관할 것. 나) 직사광선을 피해서 보관할 것.', ""품질보증기준 본 상품에 이상이 있을 경우 공정거래위원회 고시 '소비자분쟁 해결기준'에 의거 보상해 드립니다."", '소비자상담 전화번호 031-8039-1500']","['./prdimgs/page_21_prd_0_thumb1.jpg', './prdimgs/page_21_prd_0_thumb2.jpg', './prdimgs/page_21_prd_0_thumb3.jpg']"
헤라 옴므 파워부스팅 페이스 트리트먼트 110ML,헤라,"75,000","['내용물의 용량 또는 중량 110ML', '제품 주요 사양 모든 피부타입', '사용기한(또는 개봉 후 사용기간) 제조일로부터 36개월, 개봉후 12개월.', '사용방법 헤라 파워부스팅 토너와 모이스춰라이저 제품 사용 후 적당량을 손바닥에 덜어 피부결에 따라 얼굴과 목에 고르게 펴 바르고 가볍게 두드리듯 흡수시킨다.', '화장품제조업자,화장품책임판매업자 및 맞춤형화장품판매업자 아모레퍼시픽', '제조국 대한민국', '화장품법에 따라 기재해야 하는 모든 성분 정제수, 글리세린, 부틸렌글라이콜, 베타인, 나이아신아마이드, 메틸글루세스-20, 변성알코올, 1,2-헥산다이올, 스쿠알란, 다이메티콘, 메틸트라이메티콘, 세테아릴올리베이트, 카페인, 솔비탄올리베이트, 아크릴레이트/C10-30알킬아크릴레이트크로스폴리머, 암모늄아크릴로일다이메틸타우레이트/브이피코폴리머, 글리세릴카프릴레이트, 폴리아크릴레이트-13, 다이소듐이디티에이, 트로메타민, 에틸헥실글리세린, 향료, 아데노신, 폴리아이소부텐, 마데카소사이드, 타우린, 리모넨, 폴리솔베이트20, 솔비탄아이소스테아레이트, 하이드롤라이즈드옥수수전분, 소나무잎추출물, 리날룰, 프로판다이올, 소듐하이알루로네이트, 하이알루로닉애씨드, 토코페롤, 아크릴레이트/스테아릴메타크릴레이트코폴리머, 하이드롤라이즈드하이알루로닉애씨드, 흰목이버섯포자낭과추출물, 소듐하이알루로네이트크로스폴리머, 잔탄검, 세라마이드엔피, 소듐아세틸레이티드하이알루로네이트', '기능성 화장품 식품의약품안전처 심사필 여부 화장품법에 따른 기능성 화장품 심사(또는 보고)를 필함', '사용할 때의 주의사항 1. 화장품 사용 시 또는 사용 후 직사광선에 의하여 사용부위가 붉은 반점, 부어오름 또는 가려움증 등의 이상 증상이나 부작용이 있는 경우에는 전문의 등과 상담할 것', '2. 상처가 있는 부위 등에는 사용을 자제할 것', '3. 보관 및 취급 시 주의사항', '가) 어린이의 손이 닿지 않는 곳에 보관할 것', '나) 직사광선을 피해서 보관할 것', '4. 만 3세 이하 어린이에게는 사용하지 말 것', '품질보증기준 본 제품에 이상이 있을 경우, 공정거래위원회 고시 소비자분쟁해결기준에 의거 보상해 드립니다.', '소비자상담 전화번호 아모레퍼시픽 고객센터 080-023-5454']","['./prdimgs/page_21_prd_1_thumb1.jpg', './prdimgs/page_21_prd_1_thumb2.jpg', './prdimgs/page_21_prd_1_thumb3.jpg', './prdimgs/page_21_prd_1_thumb4.jpg']"
토리든 밸런스풀 시카 진정 세럼 50ml,토리든,"23,000","['내용물의 용량 또는 중량 50ml', '제품 주요 사양 모든피부타입', '사용기한(또는 개봉 후 사용기간) 제조일로부터 36개월 / 개봉 후 12개월', '사용방법 본 제품의 적당량을 덜어 피부에 골고루 펴 바른 후 톡톡 두드려 흡수시켜 줍니다.', '화장품제조업자,화장품책임판매업자 및 맞춤형화장품판매업자 ㈜에이텍 / ㈜토리든', '제조국 대한민국', '화장품법에 따라 기재해야 하는 모든 성분 정제수, 부틸렌글라이콜, 글리세린, 다이프로필렌글라이콜, 1,2-헥산다이올, 글리세레스-26, 판테놀(11,000ppm), 병풀추출물, 마데카식애씨드, 아시아티코사이드(1,800ppb), 아시아틱애씨드, 마데카소사이드, 알란토인, 쓴풀추출물, 푸른연꽃추출물, 락토바실러스발효물, 접시꽃추출물, 소듐하이알루로네이트, 하이드롤라이즈드하이알루로닉애씨드, 하이알루로닉애씨드, 하이드록시프로필트라이모늄하이알루로네이트, 포타슘하이알루로네이트, 소듐하이알루로네이트크로스폴리머, 소듐아세틸레이티드하이알루로네이트, 베타인, 카프릴로일살리실릭애씨드, 다이펩타이드-2, 다이포타슘글리시리제이트, 펜틸렌글라이콜, 소듐스테아로일글루타메이트, 프로판다이올, 아이소펜틸다이올, 글리세릴아크릴레이트/아크릴릭애씨드코폴리머, 피브이엠/엠에이코폴리머, 카프로익애씨드, 폴리글리세릴-4올리에이트, 소듐서팩틴, 카보머, 잔탄검, 트로메타민, 소듐아세테이트, 인도멀구슬나무잎추출물, 인도멀구슬나무꽃추출물, 다이소듐이디티에이, 에틸헥실글리세린', '기능성 화장품 식품의약품안전처 심사필 여부 해당사항 없음', '사용할 때의 주의사항 가. 화장품 사용 시 또는 사용 후 직사광선에 의하여 사용부위가 붉은 반점, 부어오름 또는 가려움증 등의', '이상 증상이나 부작용이 있는 경우에는 전문의 등과 상담할 것', '나. 상처가 있는 부위 등에는 사용을 자제할 것', '다. 보관 및 취급 시 주의사항', '1) 어린이의 손이 닿지 않는 곳에 보관할 것', '2) 직사광선을 피해서 보관할 것', '품질보증기준 본 제품은 공정거래위원회고시 소비자분쟁해결 기준에 의거 교환 또는 보상 받을 수 있습니다.', '소비자상담 전화번호 1600-3584']","['./prdimgs/page_21_prd_2_thumb1.jpg', './prdimgs/page_21_prd_2_thumb2.jpg']"
에스티 로더 마이크로 에센스 트리트먼트 로션 프레시 100ml,에스티로더,"95,000","['내용물의 용량 또는 중량 100ml', '제품 주요 사양 모든 피부 타입', '사용기한(또는 개봉 후 사용기간) 제조일로부터 36개월', '사용방법 매일 아침/저녁, 세안 후 손으로 직접 바르거나 필요에 따라 화장솜에 덜어 사용합니다.', '화장품제조업자,화장품책임판매업자 및 맞춤형화장품판매업자 ELCA / 이엘씨에이한국(유)', '제조국 일본/미국', '화장품법에 따라 기재해야 하는 모든 성분 정제수,비피다발효용해물,프로판다이올,피이지-75,락토바실러스발효물,아세틸헥사펩타이드-8,아세틸글루코사민,소듐하이알루로네이트,캐모마일꽃추출물,카페인,다이포타슘글리시리제이트,하이드롤라이즈드쌀추출물,베타인,말토덱스트린,카보머,트로메타민,시트릭애씨드,트레할로오스,부틸렌글라이콜,카프릴릴글라이콜,피피지-5-세테스-20,펜틸렌글라이콜,다이소듐이디티에이,소듐시트레이트,페녹시에탄올,포타슘솔베이트 [ILN49455] 제공된 성분은 동일 제품이라도 경우에 따라 변경될 수 있습니다. 최신정보는 제품 포장의 성분을 참고하시거나 본사 고객관리지원팀으로 연락 부탁 드립니다.', '기능성 화장품 식품의약품안전처 심사필 여부 해당사항 없음', '사용할 때의 주의사항 1. 화장품 사용 시 또는 사용 후 직사광선에 의하여 사용부위가 붉은 반점,', '부어오름 또는 가려움증 등의 이상 증상이나 부작용이 있는 경우 전문의 등과 상담할 것', '2. 상처가 있는 부위 등에는 사용을 자제할 것', '3. 보관 및 취급 시의 주의사항', '1) 어린이의 손이 닿지 않는 곳에 보관할 것', '2) 직사광선을 피해서 보관할 것', '품질보증기준 관련 법 및 소비자 분쟁해결 규정에 따름', '소비자상담 전화번호 에스티 로더 고객관리지원팀 02-6971-3203']",['./prdimgs/page_21_prd_3_thumb1.jpg']
에스티 로더 마이크로 에센스 트리트먼트 로션 100ml,에스티로더,"95,000","['내용물의 용량 또는 중량 100ml', '제품 주요 사양 모든 피부 타입', '사용기한(또는 개봉 후 사용기간) 제조일로부터 36개월', '사용방법 매일 아침/저녁, 세안 후 손으로 직접 바르거나 필요에 따라 화장솜에 덜어 사용합니다.', '화장품제조업자,화장품책임판매업자 및 맞춤형화장품판매업자 ELCA / 이엘씨에이한국(유)', '제조국 일본/미국', '화장품법에 따라 기재해야 하는 모든 성분 정제수,비피다발효용해물,프로판다이올,피이지-75,락토바실러스발효물,아세틸헥사펩타이드-8,아세틸글루코사민,소듐하이알루로네이트,캐모마일꽃추출물,카페인,다이포타슘글리시리제이트,하이드롤라이즈드쌀추출물,베타인,말토덱스트린,카보머,트로메타민,시트릭애씨드,트레할로오스,부틸렌글라이콜,카프릴릴글라이콜,피피지-5-세테스-20,펜틸렌글라이콜,다이소듐이디티에이,소듐시트레이트,페녹시에탄올,포타슘솔베이트 [ILN49455] 제공된 성분은 동일 제품이라도 경우에 따라 변경될 수 있습니다. 최신정보는 제품 포장의 성분을 참고하시거나 본사 고객관리지원팀으로 연락 부탁 드립니다.', '기능성 화장품 식품의약품안전처 심사필 여부 해당사항 없음', '사용할 때의 주의사항 1. 화장품 사용 시 또는 사용 후 직사광선에 의하여 사용부위가 붉은 반점,', '부어오름 또는 가려움증 등의 이상 증상이나 부작용이 있는 경우 전문의 등과 상담할 것', '2. 상처가 있는 부위 등에는 사용을 자제할 것', '3. 보관 및 취급 시의 주의사항', '1) 어린이의 손이 닿지 않는 곳에 보관할 것', '2) 직사광선을 피해서 보관할 것', '품질보증기준 관련 법 및 소비자 분쟁해결 규정에 따름', '소비자상담 전화번호 에스티 로더 고객관리지원팀 02-6971-3203']",['./prdimgs/page_21_prd_4_thumb1.jpg']
[리쥬란 독자소재_저자극 안심성분]리쥬란 더마힐러 모이스처 트리트먼트 앰플 30ml,리쥬란,"45,000","['내용물의 용량 또는 중량 30mL', '제품 주요 사양 모든피부용', '사용기한(또는 개봉 후 사용기간) 제조일로부터 30개월 이내', '사용방법 앰플 단계에서 피부결을 따라 부드럽게 펴 바른 후 두드리며 흡수시켜 줍니다.', '화장품제조업자,화장품책임판매업자 및 맞춤형화장품판매업자 (주)에치엔지 / (주)파마리서치', '제조국 대한민국', '화장품법에 따라 기재해야 하는 모든 성분 정제수,서양산딸기잎추출물,부틸렌글라이콜,글리세린,포트마리골드추출물,다이프로필렌글라이콜,알로에베라잎즙,검은뽕나무열매추출물,소듐하이알루로네이트,나이아신아마이드,오이열매추출물,귀리커넬추출물,하이드롤라이즈드디엔에이,잔탄검,자몽껍질오일,1,2-헥산다이올,라미나리아 오크롤레우카추출물,에틸헥실글리세린,아데노신,스쿠알란,카프릴릭/카프릭트라이글리세라이드,세라마이드엔피,하이드로제네이티드레시틴,펜틸렌글라이콜,팔미틱애씨드,콜레스테롤,올레익애씨드,이눌린라우릴카바메이트', '기능성 화장품 식품의약품안전처 심사필 여부 화장품법에 따른 기능성 화장품 심사(또는 보고)를 필함', '사용할 때의 주의사항 1) 화장품 사용 시 또는 사용 후 직사광선에 의하여 사용부위가 붉은 반점, 부어오름 또는 가려움증 등의 이상 증상이나 부작용이 있는 경우 전문의 등과 상담할 것. 2) 상처가 있는 부위 등에는 사용을 자제할 것. 3) 보관 및 취급 시의 주의사항 가) 어린이의 손이 닿지 않는 곳에 보관할 것. 나) 직사광선을 피해서 보관할 것.', '품질보증기준 본 제품에 이상이 있을 경우 공정거래위원회 고시에 의거 보상해 드립니다.', '소비자상담 전화번호 031-8039-1500']","['./prdimgs/page_21_prd_5_thumb1.jpg', './prdimgs/page_21_prd_5_thumb2.jpg', './prdimgs/page_21_prd_5_thumb3.jpg']"
[리쥬란 독자소재_저자극 안심성분] 리쥬란 더마 힐러 모이스처 트리트먼트 에센스 70g,리쥬란,"40,000","['내용물의 용량 또는 중량 70g', '제품 주요 사양 모든피부용', '사용기한(또는 개봉 후 사용기간) 제조일로부터 36개월', '사용방법 세안 후 토너로 피부 결을 정돈하고, 적당량을 취해 피부 결을 따라 부드럽게 발라 흡수시켜줍니다.', '화장품제조업자,화장품책임판매업자 및 맞춤형화장품판매업자 (주)파마리서치', '제조국 대한민국', '화장품법에 따라 기재해야 하는 모든 성분 정제수, 페닐트라이메티콘, 부틸렌글라이콜, 1,2-헥산다이올, 글리세린, 나이아신아마이드, 알로에베라잎즙, 귀리커넬추출물, 포트마리골드추출물, 오이열매추출물, 하이드롤라이즈드디엔에이, 폴리아크릴레이트크로스폴리머-6, 아크릴레이트/C10-30알킬아크릴레이트크로스폴리머, 트로메타민, 호호바씨오일, 라미나리아 오크롤레우카추출물, 아데노신, 아모다이메티콘, 카프릴릭/카프릭트라이글리세라이드, 멕시칸주니퍼오일, 글라이신, 세린, 글루타믹애씨드, 아스파틱애씨드, 류신, 알라닌, 라이신, 알지닌, 타이로신, 페닐알라닌, 프롤린, 트레오닌, 발린, 아이소류신, 히스티딘, 시스테인, 메티오닌, 세라마이드엔피, 콜레스테롤, 팔미틱애씨드', '기능성 화장품 식품의약품안전처 심사필 여부 화장품법에 따른 기능성 화장품 심사(또는 보고)를 필함', '사용할 때의 주의사항 1) 화장품 사용 시 또는 사용 후 직사광선에 의하여 사용부위가 붉은 반점, 부어오름 또는 가려움증 등의 이상 증상이나 부작용이 있는 경우에는 전문의 등과 상담할 것. 2) 상처가 있는 부위 등에는 사용을 자제할 것. 3) 보관 및 취급 시 주의사항 가) 어린이의 손이 닿지 않는 곳에 보관할 것. 나) 직사광선을 피해서 보관할 것.', ""품질보증기준 본 상품에 이상이 있을 경우 공정거래위원회 고시 '소비자분쟁 해결기준'에 의거 보상해 드립니다."", '소비자상담 전화번호 031-8039-1500']","['./prdimgs/page_21_prd_6_thumb1.jpg', './prdimgs/page_21_prd_6_thumb2.jpg']"
시드물 알로에 에센셜 중건성용 165ml,시드물,"8,900","['내용물의 용량 또는 중량 165ml', '제품 주요 사양 모든 피부용', '사용기한(또는 개봉 후 사용기간) 제조년월일: 2022년 07월 19일(730일)', '사용방법 적당량을 덜은 후 피부에 바르시고, 살살 두드려 흡수시켜 줍니다. 건조하고,민감한 부분에는 수회 덧발라 줍니다.(단,사용량이 너무 많은 경우 밀리는 현상이 생길 수 있습니다.)', '화장품제조업자,화장품책임판매업자 및 맞춤형화장품판매업자 화장품제조업자 : (주)더원코스메틱 , 화장품책임판매업자 : (주)시드물', '제조국 대한민국', '화장품법에 따라 기재해야 하는 모든 성분 알로에베라잎즙(46%),정제수,부틸렌글라이콜,글리세린,소듐하이알루로네이트,하이드롤라이즈드콜라겐,카퍼트라이펩타이드-1,1,2-헥산다이올,펜틸렌글라이콜,카프릴릴글라이콜,베타-글루칸,락토바실러스/콩발효추출물,흰버드나무껍질추출물(구명칭:화이트윌로우껍질추출물),육계나무껍질추출물,오레가노잎추출물,편백잎추출물,황금추출물,쇠비름추출물(구명칭:마치현추출물),바위손추출물(구명칭:권백추출물),관중추출물,실새삼씨추출물,알란토인,알지닌,소듐카보머,카보머', '기능성 화장품 식품의약품안전처 심사필 여부 해당사항 없음', '사용할 때의 주의사항 1) 화장품 사용 시 또는 사용 후 직사광선에 의하여 사용부위가 붉은 반점, 부어오름 또는 가려움증 등의 이상 증상이나 부작용이 있는 경우에는 전문의 등과 상담할 것.', '2) 상처가 있는 부위 등에는 사용을 자제할 것.', '3)보관 및 취급시 주의사항', '가) 어린이의 손이 닿지 않는 곳에 보관할 것.', '나) 직사광선을 피해서 보관할 것', '품질보증기준 본 상품에 이상이 있을 경우 공정거래위원회 고시에 의거 보상해 드립니다.', '소비자상담 전화번호 시드물 고객 상담실 1577-9638']",['./prdimgs/page_21_prd_7_thumb1.jpg']
시드물 알로에 에센셜 지성용 165ml,시드물,"8,900","['내용물의 용량 또는 중량 165ml', '제품 주요 사양 모든 피부용', '사용기한(또는 개봉 후 사용기간) 제조년월일: 2022년 08월 02일(730일)', '사용방법 적당량을 덜은 후 피부에 바르시고, 살살 두드려 흡수시켜 줍니다. 건조하고,민감한 부분에는 수회 덧발라 줍니다.(단,사용량이 너무 많은 경우 밀리는 현상이 생길 수 있습니다.)', '화장품제조업자,화장품책임판매업자 및 맞춤형화장품판매업자 화장품제조업자 : (주)코스모바이오 , 화장품책임판매업자 : (주)시드물', '제조국 대한민국', '화장품법에 따라 기재해야 하는 모든 성분 알로에베라잎수(제주산,40%),정제수,알로에베라잎즙(10%),부틸렌글라이콜,글리세린,소듐하이알루로네이트,알란토인,카페오일트라이펩타이드-1,하이드롤라이즈드콜라겐,치마버섯균사체발효여과추출물,알지닌,바위손추출물(구명칭:권백추출물),관중추출물,실새삼씨추출물,락토바실러스/콩발효추출물,흰버드나무껍질추출물(구명칭:화이트윌로우껍질추출물),육계나무껍질추출물(구명칭:육계추출물),오레가노잎추출물,편백잎추출물(구명칭:편백나무잎추출물),황금추출물,쇠비름추출물(구명칭:마치현추출물),카보머,1,2-헥산다이올', '기능성 화장품 식품의약품안전처 심사필 여부 해당사항 없음', '사용할 때의 주의사항 1) 화장품 사용 시 또는 사용 후 직사광선에 의하여 사용부위가 붉은 반점, 부어오름 또는 가려움증 등의 이상 증상이나 부작용이 있는 경우에는 전문의 등과 상담할 것.', '2) 상처가 있는 부위 등에는 사용을 자제할 것.', '3)보관 및 취급시 주의사항', '가) 어린이의 손이 닿지 않는 곳에 보관할 것.', '나) 직사광선을 피해서 보관할 것', '품질보증기준 본 상품에 이상이 있을 경우 공정거래위원회 고시에 의거 보상해 드립니다.', '소비자상담 전화번호 시드물 고객 상담실 1577-9638']",['./prdimgs/page_21_prd_8_thumb1.jpg']
센텔리안24 피디알엔 퍼밍 부스팅 앰플 (업체배송),센텔리안24,"43,000","['내용물의 용량 또는 중량 30ml', '제품 주요 사양 모든 피부용', '사용기한(또는 개봉 후 사용기간) 제조일로부터 30개월 / 개봉 후 12개월', '사용방법 1. 본품 적당량을 취해 피부에 골고루 펴 바릅니다.', '2. 스포이드로 앰플 적당량을 덜어 피부 결 안쪽에서 바깥쪽으로 얼굴 전체에 골고루 펴 발라 흡수시켜 줍니다.', '화장품제조업자,화장품책임판매업자 및 맞춤형화장품판매업자 한국콜마(주) / 동국제약(주)', '제조국 대한민국', '화장품법에 따라 기재해야 하는 모든 성분 [센텔리안24 피디알엔 퍼밍 부스팅 앰플]', '정제수,글리세린,비스-피이지-18메틸에터다이메틸실레인,프로판다이올,메틸프로판다이올,다이프로필렌글라이콜,글리세레스-26,부틸렌글라이콜,나이아신아마이드,메틸글루세스-20,1,2-헥산다이올,라피노오스,사이클로헥사실록세인,트레할로오스,펜틸렌글라이콜,울금뿌리추출물,참마뿌리추출물,카카오씨추출물,인삼추출물,하이드로제네이티드레시틴,포트마리골드꽃오일,하이드롤라이즈드콜라겐,하이드롤라이즈드엘라스틴,소듐디엔에이,락토바실러스발효물,세라마이드엔피,인삼소포,글리세릴폴리메타크릴레이트,글라이코실트레할로오스,소듐폴리아크릴레이트,피브이엠/엠에이코폴리머,하이드로제네이티드스타치하이드롤리세이트,덱스트린,다이메티콘/비닐다이메티콘크로스폴리머,수크로오스다이스테아레이트,레시틴,폴리쿼터늄-51,글리세릴스테아레이트,사이아노코발아민,바이오사카라이드검-1,아크릴레이트/C10-30알킬아크릴레이트크로스폴리머,잔탄검,아데노신,팔미토일펜타펩타이드-4,카르노신,레티놀,카보머,트로메타민,폴리솔베이트20,에틸헥실글리세린', '기능성 화장품 식품의약품안전처 심사필 여부 화장품법에 따른 기능성 화장품 심사(또는 보고)를 필함', '사용할 때의 주의사항 1. 화장품 사용 시 또는 사용 후 직사광선에 의하여 사용부위가 붉은 반점, 부어오름 또는 가려움증 등의 이상 증상이나 부작용이 있는 경우에는 전문의 등과 상담할 것.', '2. 상처가 있는 부위 등에는 사용을 자제할 것.', '3. 보관 및 취급시 주의사항', '가. 어린이의 손에 닿지 않는 곳에 보관할 것.', '나. 직사광선을 피해서 보관할 것.', '품질보증기준 공정거래위원회 고시(소비자분쟁해결기준)에 의해 보상해 드립니다.', '소비자상담 전화번호 080-569-8607 (수신자 부담)']",['./prdimgs/page_21_prd_9_thumb1.jpg']
스킨앤랩 베리어덤 밀키 세럼 50ml,스킨앤랩,"27,000","['내용물의 용량 또는 중량 50ml', '제품 주요 사양 모든피부타입', '사용기한(또는 개봉 후 사용기간) 제조년월로부터 3년, 개봉 후 12개월 이내', '사용방법 세럼 적당량을 피부에 덜어 부드럽게 롤링한 뒤 흡수시켜 줍니다.', '화장품제조업자,화장품책임판매업자 및 맞춤형화장품판매업자 코스맥스(주) / 랩앤컴퍼니(주)', '제조국 대한민국', '화장품법에 따라 기재해야 하는 모든 성분 정제수, 부틸렌글라이콜, 스쿠알란, 베타인, 다이펜타에리스리틸헥사C5-9애씨드에스터, 글리세레스-26, 글리세린, 1,2-헥산다이올, 펜틸렌글라이콜, 클로렐라 불가리스추출물, 우유단백질추출물, 글루코오스, 하이드로제네이티드레시틴, 아크릴레이트/C10-30알킬아크릴레이트크로스폴리머, 프룩토올리고사카라이드, 프룩토오스, 트로메타민, 다이페닐다이메티콘, 판테놀, 트라이에틸헥사노인, 소듐다이라우미도글루타미드라이신, 에틸헥실글리세린, 시트릭애씨드, 세린, 글라이신, 레시틴, 알지닌, 히스티딘, 다이포타슘글리시리제이트, 카프릴릴글라이콜, 토코페롤, 스테아릭애씨드, 세라마이드엔피, 세라마이드엔에스, 콜레스테롤, 피토스핑고신, 세라마이드에이피, 세라마이드에이에스, 세라마이드이오피, 잔탄검, 세테아릴알코올', '기능성 화장품 식품의약품안전처 심사필 여부 해당사항 없음', '사용할 때의 주의사항 1) 화장품 사용 시 또는 사용 후 직사광선에 의하여 사용부위가 붉은 반점, 부어오름 또는 가려움증 등의 이상 증상이나 부작용이 있는 경우에는 전문의 등과 상담할 것', '2) 상처가 있는 부위 등에는 사용을 자제할 것', '3) 취급 시 주의사항', '가) 어린이의 손이 닿지 않는 곳에 보관할 것', '나) 직사광선을 피해서 보관할 것', ""품질보증기준 본 상품에 이상이 있을 경우, 공정거래위원회 고시 '소비자 분쟁 해결 기준' 에 의거 보상해 드립니다."", '소비자상담 전화번호 랩앤컴퍼니(주) 1644-5190']","['./prdimgs/page_21_prd_10_thumb1.jpg', './prdimgs/page_21_prd_10_thumb2.jpg']"
시드물 스킨소스 D-판테놀 앰플12ml,시드물,"9,800","['내용물의 용량 또는 중량 12ml', '제품 주요 사양 모든 피부용', '사용기한(또는 개봉 후 사용기간) 제조년월일: 2022년 08월 31일(730일)', '사용방법 적당량을 덜어 피부결을 따라 바르신 후 톡톡 두드려 흡수시켜 주세요.', '화장품제조업자,화장품책임판매업자 및 맞춤형화장품판매업자 화장품제조업자 : (주)코스모바이오 , 화장품책임판매업자 : (주)시드물', '제조국 대한민국', '화장품법에 따라 기재해야 하는 모든 성분 정제수,판테놀(30%),판토락톤,잔탄검,황금추출물,모란뿌리추출물', '기능성 화장품 식품의약품안전처 심사필 여부 해당사항 없음', '사용할 때의 주의사항 1) 화장품 사용 시 또는 사용 후 직사광선에 의하여 사용부위가 붉은 반점, 부어오름 또는 가려움증 등의 이상 증상이나 부작용이 있는 경우에는 전문의 등과 상담할 것.', '2) 상처가 있는 부위 등에는 사용을 자제할 것.', '3)보관 및 취급시 주의사항', '가) 어린이의 손이 닿지 않는 곳에 보관할 것.', '나) 직사광선을 피해서 보관할 것', '품질보증기준 본 상품에 이상이 있을 경우 공정거래위원회 고시에 의거 보상해 드립니다.', '소비자상담 전화번호 시드물 고객 상담실 1577-9638']",['./prdimgs/page_21_prd_11_thumb1.jpg']
이지에프올로지 액티브 이지에프 리제너레이팅 세럼 스타터,EGF올로지,"109,000","['내용물의 용량 또는 중량 세럼 30ml, 미니비누 35g, 미니로셔 10ml', '제품 주요 사양 모든 피부 타입', '사용기한(또는 개봉 후 사용기간) 개봉전 36개월, 개봉 후 빠른 사용 권장', '사용방법 세안 후 토너로 피부결을 정돈한 후 사용. 얼굴 안쪽에서 바깥쪽으로 부드럽게 흡수시킴.', '눈가, 입꼬리, 이마등 주름이 고민되는 부분은 가볍게 마사지', '화장품제조업자,화장품책임판매업자 및 맞춤형화장품판매업자 화장품제조업자 : 티엔에이치바이오(주) / 화장품책임판매업자 : (주)이지에프올로지', '제조국 대한민국', '화장품법에 따라 기재해야 하는 모든 성분 흰목이버섯추출물@글리세린@만니톨@1,2-헥산다이올@페녹시에탄올@클로페네신@베타-글루칸@에스에이치-올리고펩타이드-1@에스에이치-폴리펩타이드-1', '기능성 화장품 식품의약품안전처 심사필 여부 화장품법에 따른 기능성 화장품 심사(또는 보고)를 필함', '사용할 때의 주의사항 가. 화장품 사용 시 또는 사용 후 직사광선에 의하여 사용부위가 붉은 반점, 부어오름 또는 가려움증 등의 이상 증상이나 부작용이 있는 경우에는 전문의 등과 상담할 것 나.상처가 있는 부위등에는 사용을 자제할 것 다. 보관 및 취급시 주의 사항 1)어린이의 손이 닿지 않는 곳에 보관할 것 2)직사광선을 피해서 보관할 것', '품질보증기준 공정거래위원회 고시 소비자 분쟁해결 기준에 의거, 보상처리 함', '소비자상담 전화번호 1644-1048']","['./prdimgs/page_21_prd_12_thumb1.jpg', './prdimgs/page_21_prd_12_thumb2.jpg']"
헉슬리 오일에센스 에센스라이크 오일라이크 30ml,헉슬리,"43,000","['내용물의 용량 또는 중량 30ml', '제품 주요 사양 모든 피부용', '사용기한(또는 개봉 후 사용기간) 제조일로부터 36개월 / 개봉 후 12개월', '사용방법 스킨케어 토너 사용후 적당량을 취해 피부 전체에 펴 바른 뒤 가볍게 톡톡 두드려 흡수시켜 줍니다.', '화장품제조업자,화장품책임판매업자 및 맞춤형화장품판매업자 삼성메디코스(주) / (주)노드메이슨', '제조국 대한민국', '화장품법에 따라 기재해야 하는 모든 성분 보검선인장줄기추출물, 부틸렌글라이콜, 글리세린, 메틸글루세스-20, 에탄올, 정제수, 다이메티콘, 1,2-헥산다이올, 보검선인장씨오일, 폴리쿼터늄-51, 마테잎추출물, 매실추출물, 아사이팜열매추출물, 까무까무열매추출물, 퀴노아씨추출물, 카카오추출물, 하이드록시에틸아크릴레이트/소듐아크릴로일다이 메틸타우레이트코폴리머, 베타인, 하이드로제네이티드레시틴, 잔탄검, 에틸헥실글리세린, 소듐메틸스테아로일타우레이트, 다이소듐이디티에이, 덱스트린, 페녹시에탄올, 향료, 아밀신남알, 유제놀, 부틸페닐메틸프로피오날, 시트로넬올, 헥실신남알', '기능성 화장품 식품의약품안전처 심사필 여부 화장품법에 따른 기능성 화장품 심사(또는 보고)를 필함', '사용할 때의 주의사항 가. 화장품 사용 시 또는 사용 후 직사광선에 의하여 사용부위가 붉은 반점, 부어오름 또는 가려움증 등의 이상 증상이나 부작용이 있는 경우에는 전문의 등과 상담할 것', '나. 상처가 있는 부위 등에는 사용을 자제할 것', '다. 보관 및 취급 시 주의사항', '1) 어린이의 손이 닿지 않는 곳에 보관할 것', '2) 직사광선을 피해서 보관할 것', '품질보증기준 본 제품은 공정거래위원회고시 소비자분쟁해결 기준에 의거 교환 또는 보상 받을 수 있습니다.', '소비자상담 전화번호 070-7123-0077']","['./prdimgs/page_21_prd_13_thumb1.jpg', './prdimgs/page_21_prd_13_thumb2.jpg', './prdimgs/page_21_prd_13_thumb3.jpg', './prdimgs/page_21_prd_13_thumb4.jpg']"
시드물 레티놀 흔적 리페어 앰플 30ml,시드물,"21,800","['내용물의 용량 또는 중량 30ml', '제품 주요 사양 모든 피부용', '사용기한(또는 개봉 후 사용기간) 제조년월일: 2022년 10월 17일(730일)', '사용방법 적당량을 덜어 피부 결을 따라 바르신 후 톡톡 두드려 흡수시켜 주세요.', '화장품제조업자,화장품책임판매업자 및 맞춤형화장품판매업자 화장품제조업자 : 씨엘코스 , 화장품책임판매업자 : (주)시드물', '제조국 대한민국', '화장품법에 따라 기재해야 하는 모든 성분 정제수,글리세린,부틸렌글라이콜,스쿠알란,나이아신아마이드,마데카소사이드(0.5%),바쿠치올(0.5%),', '세테아릴글루코사이드,라즈베리추출물,아크릴레이트/C10-30알킬아크릴레이트크로스폴리머,', '솔비탄올리베이트,돌콩오일,알지닌,토코페롤,다이포타슘글리시리제이트,아데노신,', '세테아릴알코올,레티놀(500IU/g),소듐하이알루로네이트,베타-글루칸,마데카식애씨드,', '아시아티코사이드,아시아틱애씨드,하이드로제네이티드레시틴,세라마이드엔피,1,2-헥산다이올', '기능성 화장품 식품의약품안전처 심사필 여부 화장품법에 따른 기능성 화장품 심사(또는 보고)를 필함', '사용할 때의 주의사항 1) 화장품 사용 시 또는 사용 후 직사광선에 의하여 사용부위가 붉은 반점, 부어오름 또는 가려움증 등의 이상 증상이나 부작용이 있는 경우에는 전문의 등과 상담할 것.', '2) 상처가 있는 부위 등에는 사용을 자제할 것.', '3)보관 및 취급시 주의사항', '가) 어린이의 손이 닿지 않는 곳에 보관할 것.', '나) 직사광선을 피해서 보관할 것', '품질보증기준 본 상품에 이상이 있을 경우 공정거래위원회 고시에 의거 보상해 드립니다.', '소비자상담 전화번호 시드물 고객 상담실 1577-9638']",['./prdimgs/page_21_prd_14_thumb1.jpg']
클라뷰 리얼 비건 저분자 콜라겐 탄력 앰플 30ml,클라뷰,"29,000","['내용물의 용량 또는 중량 30ml', '제품 주요 사양 모든 피부 타입', '사용기한(또는 개봉 후 사용기간) 제조일로부터 36개월', '사용방법 아침, 저녁 세안 후 토너 다음 단계에서 얼굴 전체에 적당량을 취하여 부드럽게 펴 발라줍니다', '화장품제조업자,화장품책임판매업자 및 맞춤형화장품판매업자 코스맥스(주) / (주)베케이코리아', '제조국 대한민국', '화장품법에 따라 기재해야 하는 모든 성분 정제수, 부틸렌글라이콜, 글리세린, 폴리글리세린-3, 1,2-헥산다이올, 나이아신아마이드, 메틸프로판다이올, 프로판다이올, 메도우폼씨오일, 마카다미아씨오일, 시어버터, 하이드롤라이즈드완두콩단백질, 소듐하이알루로네이트, 올리브오일, 수용성콜라겐, 판테놀, 스쿠알란, 하이드로제네이티드레시틴, 하이드로제네이티드폴리데센, 소듐폴리아크릴로일다이메틸타우레이트, 트라이아이소스테아린, C12-14알케스-12, 트로메타민, 세라마이드엔피, 폴리글리세릴-10라우레이트, 폴리글리세릴-3메틸글루코오스다이스테아레이트, 소듐폴리아크릴레이트, 에틸헥실글리세린, 아데노신, 하이드롤라이즈드익스텐신, 피토스테롤, 레시틴, 소듐아스코빌포스페이트, 베타-글루칸, 토코페롤, 펜틸렌글라이콜, 폴리쿼터늄-80, 소듐클로라이드, 카보머, 잔탄검', '기능성 화장품 식품의약품안전처 심사필 여부 화장품법에 따른 기능성 화장품 심사(또는 보고)를 필함', '사용할 때의 주의사항 가. 화장품 사용 시 또는 사용 후 직사광선에 의하여 사용부위가 붉은 반점, 부어오름 또는 가려움증 등의 이상 증상이나 부작용이 있는 경우에는 전문의 등과 상담할 것', '나. 상처가 있는 부위 등에는 사용을 자제할 것', '다. 보관 및 취급 시 주의사항', '1) 어린이의 손이 닿지 않는 곳에 보관할 것', '2) 직사광선을 피해서 보관할 것', '품질보증기준 본 제품은 공정거래위원회고시 소비자분쟁해결 기준에 의거 교환 또는 보상 받을 수 있습니다.', '소비자상담 전화번호 070-8852-5481']","['./prdimgs/page_21_prd_15_thumb1.jpg', './prdimgs/page_21_prd_15_thumb2.jpg', './prdimgs/page_21_prd_15_thumb3.jpg']"
마녀공장 브이콜라겐 하트핏 앰플 50ml,마녀공장,"35,000","['내용물의 용량 또는 중량 50ml', '제품 주요 사양 모든 피부용', '사용기한(또는 개봉 후 사용기간) 제조일로부터 36개월, 개봉 후 12개월', '사용방법 적당량을 취해 피부 결에 따라 골고루 발라준 후에 가볍게 두드리며 흡수시켜 줍니다', '화장품제조업자,화장품책임판매업자 및 맞춤형화장품판매업자 (주)한국화장품제조/(주)마녀공장', '제조국 대한민국', '화장품법에 따라 기재해야 하는 모든 성분 콜라겐추출물(53.9%), 정제수, 글리세린, 프로판다이올, 폴리글리세린-3, 글리세레스-26, 나이아신아마이드, 해바라기씨오일, 1,2-헥산다이올, 베타인, 에틸헥실스테아레이트, 트라이라우레스-4포스페이트, 흰목이버섯추출물, 화이트루핀씨추출물, 류코노스톡/무발효여과물, 다마스크장미꽃오일, 다마스크장미꽃수, 콜라겐(900ppm), 부틸렌글라이콜, 토코페롤, 레시틴, 펜틸렌글라이콜, 솔비탄올리에이트, 카프릴릭/카프릭트라이글리세라이드, 폴리글리세릴-3다이스테아레이트, 암모늄아크릴로일다이메틸타우레이트/브이피코폴리머, 아크릴레이트/C10-30알킬아크릴레이트크로스폴리머, 카라멜, 카보머, 트로메타민, 글리세릴스테아레이트시트레이트, 에틸헥실글리세린, 잔탄검, 글리세릴아크릴레이트/아크릴릭애씨드코폴리머, 다이소듐이디티에이, 소듐하이드록사이드, 센티드제라늄꽃오일, 아데노신, 시트로넬올, 제라니올, 리날룰', '기능성 화장품 식품의약품안전처 심사필 여부 화장품법에 따른 기능성 화장품 심사(또는 보고)를 필함', '사용할 때의 주의사항 1. 화장품 사용 시 또는 사용 후 직사광선에 의하여 사용부위가 붉은 반점, 부어오름 또는 가려움증 등의 이상 증상이나 부작용이 있는 경우에는 전문의 등과 상담할 것 2. 상처가 있는 부위 등에는 사용을 자제할 것 3. 보관 및 취급 시 주의사항 가) 어린이의 손이 닿지 않는 곳에 보관할 것 나) 직사광선을 피해서 보관할 것', '품질보증기준 본 상품에 이상이 있을 경우, 공정거래위원회 고시 ""소비자 분쟁 해결 기준""에 의해 보상해드립니다.', '소비자상담 전화번호 02-6013-0855']","['./prdimgs/page_21_prd_16_thumb1.jpg', './prdimgs/page_21_prd_16_thumb2.jpg']"
시드물 진한 어성초 시카 에센셜 165ml,시드물,"12,400","['내용물의 용량 또는 중량 165ml', '제품 주요 사양 모든 피부용', '사용기한(또는 개봉 후 사용기간) 제조년월일: 2022년 08월 12일(730일)', '사용방법 적당량을 덜은 후에 피부에 바르시고, 살살 두드려 흡수시켜 줍니다.', '건조하고, 민감한 부분에는 수회 덧발라줍니다.', '화장품제조업자,화장품책임판매업자 및 맞춤형화장품판매업자 화장품제조업자 : (주)코스모바이오 , 화장품책임판매업자 : (주)시드물', '제조국 대한민국', '화장품법에 따라 기재해야 하는 모든 성분 약모밀추출물(구명칭:어성초추출물)(국내산,92%),글리세린,판테놀(10,000ppm),마데카소사이드,마데카식애씨드,', '아시아티코사이드,아시아틱애씨드,알에이치-올리고펩타이드-1(EGF),알에이치-폴리펩타이드-1(FGF),', '알에이치-올리고펩타이드-2(IGF),베타-글루칸,소듐하이알루로네이트,카보머,알지닌,알란토인,잔탄검,', '다이포타슘글리시리제이트,레시틴,부틸렌글라이콜,1,2-헥산다이올', '기능성 화장품 식품의약품안전처 심사필 여부 해당사항 없음', '사용할 때의 주의사항 1) 화장품 사용 시 또는 사용 후 직사광선에 의하여 사용부위가 붉은 반점, 부어오름 또는 가려움증 등의 이상 증상이나 부작용이 있는 경우에는 전문의 등과 상담할 것.', '2) 상처가 있는 부위 등에는 사용을 자제할 것.', '3)보관 및 취급시 주의사항', '가) 어린이의 손이 닿지 않는 곳에 보관할 것.', '나) 직사광선을 피해서 보관할 것', '품질보증기준 본 상품에 이상이 있을 경우 공정거래위원회 고시에 의거 보상해 드립니다.', '소비자상담 전화번호 시드물 고객 상담실 1577-9638']",['./prdimgs/page_21_prd_17_thumb1.jpg']
온그리디언츠 리바이탈라이징 세럼 50ml 단독기획(+토너30ml증정),온그리디언츠,"25,000","['내용물의 용량 또는 중량 50 ml / 1.69 fl. oz.', '제품 주요 사양 모든 피부용', '사용기한(또는 개봉 후 사용기간) 개봉 전 36개월 / 개봉 후 12개월', '사용방법 적당량을 피부에 덜어 부드럽게 바른 후 충분히 흡수시켜 줍니다.', '화장품제조업자,화장품책임판매업자 및 맞춤형화장품판매업자 제조업자: ㈜서울화장품 / 책임판매업자: ㈜파워플레이어', '제조국 대한민국', '화장품법에 따라 기재해야 하는 모든 성분 나비콩꽃추출물, 프로판다이올, 글리세린, 메틸프로판다이올, 1,2-헥산다이올, 부틸렌글라이콜, 다이에톡시에틸석시네이트, 나이아신아마이드, 정제수, 하이드롤라이즈드스클레로튬검, C12-14파레스-12, 에틸헥실글리세린, 다이프로필렌글라이콜, 소듐시트레이트, 아데노신, 시트릭애씨드, 토코페롤, 콘민트오일, 바추잎잎추출물, 폴리글리세릴-10미리스테이트, 다마스크장미꽃수, 하이드록시아세토페논, 펜틸렌글라이콜, 카프릴릭/카프릭트라이글리세라이드, 카프릴릴글라이콜, 동백나무꽃추출물, 소듐하이알루로네이트, 스쿠알란, 올리브오일, 에틸헥실팔미테이트, 하이드로제네이티드레시틴, 세틸에틸헥사노에이트, 시어버터, 세라마이드엔피', '기능성 화장품 식품의약품안전처 심사필 여부 화장품법에 따른 기능성 화장품 심사(또는 보고)를 필함', '사용할 때의 주의사항 1. 화장품 사용 시 또는 사용 후 직사광선에 의하여 사용 부위가 붉은 반점, 부어오름 또는 가려움증 등의 이상 증상이나 부작용이 있는 경우 전문의 등과 상담할 것', '2. 상처가 있는 부위 등에는 사용을 자제할 것.', '3. 보관 및 취급 시의 주의사항 가) 어린이의 손이 닿지 않는 곳에 보관할 것 나) 직사광선을 피해서 보관할 것.', '4. 눈에 들어가지 않도록 주의할 것. 눈에 들어갔을 때에는 즉시 씻어낼 것', '5. 사용 후 물로 씻어내지 않으면 탈모 또는 탈색의 원인이 될 수 있으므로 주의할 것', '* 강한 압력을 가하면 형태가 쉽게 파손될 수 있으니 유의해주시기 바랍니다.', '품질보증기준 본 제품에 이상이 있을 경우 공정거래위원회 고시 “소비자분쟁해결기준”에 의거 보상해 드립니다.', '소비자상담 전화번호 1600-3416']","['./prdimgs/page_21_prd_18_thumb1.jpg', './prdimgs/page_21_prd_18_thumb2.jpg', './prdimgs/page_21_prd_18_thumb3.jpg', './prdimgs/page_21_prd_18_thumb4.jpg']"
아이오페 피디알엔 카페인 샷 앰플 30ml,아이오페,"50,000","['내용물의 용량 또는 중량 30ml', '제품 주요 사양 모든피부', '사용기한(또는 개봉 후 사용기간) 사용기한 36개월, 개봉후 12개월 이내 사용', '사용방법 ① 스킨 다음 단계에서, 적당량(약 0.3ml)을 나누어 이마와 양 볼에 덜어줍니다.', '② 손가락 끝을 이용해 작은 원을 그리다 위쪽으로 끌어올리 듯 펴 발라 줍니다.', '(*갈고리 모양으로)', '③ 턱 라인을 살짝 쥐고 턱 끝에서 귀밑까지 살짝 끌어 올리듯 2~3회 마사지 해줍니다.', '화장품제조업자,화장품책임판매업자 및 맞춤형화장품판매업자 (주)아모레퍼시픽', '제조국 대한민국', '화장품법에 따라 기재해야 하는 모든 성분 락토바실러스발효용해물(바이오-피디알엔TM)@정제수@프로판다이올@글리세린@나이아신아마이드@부틸렌글라이콜@카페인@다이프로필렌글라이콜@1,2-헥산다이올@다이에톡시에틸석시네이트@글리세릴폴리메타크릴레이트@폴리아크릴레이트크로스폴리머-6@만니톨@에틸헥실글리세린@아데노신@소듐시트레이트@덱스트린@카카오추출물@시트릭애씨드@다이소듐이디티에이@T-부틸알코올@알지닌@사이클로덱스트린@하이드록시프로필사이클로덱스트린@말토덱스트린@잔탄검@베타-글루칸@아세틸테트라펩타이드-11@토코페롤', '기능성 화장품 식품의약품안전처 심사필 여부 화장품법에 따른 기능성 화장품 심사(또는 보고)를 필함', '사용할 때의 주의사항 1) 화장품 사용 시 또는 사용 후 직사광선에 의하여 사용부위가 붉은 반점, 부어오름 또는 가려움증 등의 이상 증상이나 부작용이 있는 경우 전문의 등과 상담할 것 2) 상처가 있는 부위 등에는 사용을 자제할 것 3) 보관 및 취급 시의 주의사항 가) 어린이의 손이 닿지 않는 곳에 보관할 것 나) 직사광선을 피해서 보관할 것', '품질보증기준 본 제품에 이상이 있을 경우, 공정거래위원회 고시에 의거 보상해드립니다.', '소비자상담 전화번호 080-030-5454(수신자 요금부담) 운영시간 : 09:00 ~ 18:00 (점심시간 제외, 12~13시) (주말, 공휴일 제외)']","['./prdimgs/page_21_prd_19_thumb1.jpg', './prdimgs/page_21_prd_19_thumb2.jpg', './prdimgs/page_21_prd_19_thumb3.jpg']"
유세린 이븐래디언스 듀오 앰플 30ml,유세린,"53,000","['내용물의 용량 또는 중량 30ml (15ml * 2)', '제품 주요 사양 모든 피부용', '사용기한(또는 개봉 후 사용기간) 제조일로부터 30개월', '사용방법 [듀오앰플30ml(15ml*2ea)]', '매일 아침/저녁 어플리케이터를 사용하여 1Step부터 2-3방울을 가볍게 톡톡 두드려 충분히 흡수시켜 준 뒤, 2Step 2-3방울을 얼굴에 사용합니다.', '화장품제조업자,화장품책임판매업자 및 맞춤형화장품판매업자 화장품제조업자: (주)코스메카코리아 충청북도 음성군 대소면 대금로 196번길 17-12 / 화장품책임판매업자 : 바이어스도르프코리아(유)서울시 영등포구 국제금융로 10 Two IFC 17층', '제조국 대한민국', '화장품법에 따라 기재해야 하는 모든 성분 정제수,부틸렌글라이콜,나이아신아마이드,1,2-헥산다이올,프로판다이올,잔탄검,하이드로제네이티드레시틴,폴리글리세릴-10올리에이트,카보머,트로메타민,스페인감초뿌리추출물,에틸헥실글리세린,세틸알코올,다이소듐이디티에이,토코페롤', '기능성 화장품 식품의약품안전처 심사필 여부 화장품법에 따른 기능성 화장품 심사(또는 보고)를 필함', '사용할 때의 주의사항 1. 공통사항', '가. 화장품 사용 시 또는 사용 후 직사광선에 의하여 사용부위가 붉은 반점, 부어 오름 또는 가려움증 등의 이상 증상이나 부작용이 있는 경우에는 전문의 등과 상담할 것', '나. 상처가 있는 부위 등에는 사용을 자제할 것', '다. 보관 및 취급 시 주의사항', '1) 어린이의 손이 닿지 않는 곳에 보관할 것', '2) 직사광선을 피해서 보관할 것', '', '2. 그 밖에 화장품의 안전정보와 관련하여 화장품의 유형별ㆍ함유 성분별로 식품의약품안전처장이 정하여 고시하는 사항', '품질보증기준 본 제품은 공정거래위원회 고시 소비자분쟁 해결 기준에 의거하여 교환 또는 보상 받으실 수 있습니다.', '소비자상담 전화번호 (전국) 080-219-1900']","['./prdimgs/page_21_prd_20_thumb1.jpg', './prdimgs/page_21_prd_20_thumb2.jpg', './prdimgs/page_21_prd_20_thumb3.jpg']"
가히 블레미쉬 앰플 30ml,가히,"50,400","['내용물의 용량 또는 중량 30ml', '제품 주요 사양 모든 피부 타입', '사용기한(또는 개봉 후 사용기간) 제조일로부터 36개월, 개봉 후 12개월', '사용방법 본 품 적당량을 취하여, 피부에 골고루 펴 바른다.', '화장품제조업자,화장품책임판매업자 및 맞춤형화장품판매업자 제조사:코스맥스(주)/ 책임판매업자:(주)코리아테크', '제조국 대한민국', '화장품법에 따라 기재해야 하는 모든 성분 정제수, 글리세린, 락토바실러스/호밀가루발효물, 락토바실러스/소이밀크발효여과물, 바실러스/ 소이빈발효추출물, 다이프로필렌글라이콜, 프로판다이올, 트라넥사믹애씨드, 1,2-헥산다이올, 나이아신아마이드, 클로렐라 불가리스추출물, 소듐하이알루로네이트, 인도멀구슬나무꽃추출물, 인도멀구슬나무잎추출물, 울금뿌리추출물, 홀리바질잎추출물, 참산호말추출물, 하이드롤라이즈 드콜라겐, 타라열매추출물, 코토니추출물, 접시꽃추출물, 하이알루로닉애씨드, 하이드롤라이즈드 하이알루로닉애씨드, 메틸글루세스-20, 콜레스-24, 글루코오스, 부틸렌글라이콜, 프룩토올리고사 카라이드, 프룩토오스, 카프릴릴글라이콜, 소듐폴리아크릴로일다이메틸타우레이트, 트로메타민, 에틸헥실글리세린, 아데노신, 바이오사카라이드검-1, 소듐파이테이트, 사이아노코발아민, 폴릭애 씨드, 판토테닉애씨드, 피리독신, 티아민에이치씨엘, 토코페롤, 하이드록시데실유비퀴논, 리보플 라빈, 수용성프로테오글리칸, 소듐디엔에이, 하이드롤라이즈드소듐하이알루로네이트, 하이드록 시프로필트라이모늄하이알루로네이트, 피이지-9다이글리시딜에터/소듐하이알루로네이트크로 스폴리머, 포타슘하이알루로네이트, 소듐아세틸레이티드하이알루로네이트, 다이메틸실란올하이 알루로네이트, 카보머, 소듐벤조에이트, 향료', '기능성 화장품 식품의약품안전처 심사필 여부 화장품법에 따른 기능성 화장품 심사(또는 보고)를 필함', '사용할 때의 주의사항 1) 화장품 사용 시 또는 사용 후 직사광선에 의하여 사용부위가 붉은 반점, 부어오름 또는 가려움증 등의 이상 증상이나 부작용이 있는 경우에는 전문의 등과 상담할 것', '2) 상처가 있는 부위 등에는 사용을 자제할 것', '3) 보관 및 취급 시 주의사항', '가) 어린이의 손이 닿지 않는 곳에 보관할 것', '나) 직사광선을 피해서 보관할 것', '품질보증기준 본 상품에 이상이 있을 경우, 공정거래위원회 고시 소비자 분쟁 해결 기준에 의해 보상해 드립니다.', '소비자상담 전화번호 02-3409-2104']","['./prdimgs/page_21_prd_21_thumb1.jpg', './prdimgs/page_21_prd_21_thumb2.jpg', './prdimgs/page_21_prd_21_thumb3.jpg']"
원씽 병풀 수분 세럼 80ml,원씽,"17,900","['내용물의 용량 또는 중량 80ml', '제품 주요 사양 모든 피부 타입', '사용기한(또는 개봉 후 사용기간) 제조일로부터 36개월 / 개봉 후 12개월', '사용방법 스킨 사용 후 적당량의 내용물을 덜어 얼굴 전체에 부드럽게 펴 바르고 가볍게 두드려 흡수시켜줍니다.', '건조한 피부 타입의 경우 스킨 단계에서 사용하셔도 좋습니다.', '화장품제조업자,화장품책임판매업자 및 맞춤형화장품판매업자 ㈜코디 / ㈜원씽', '제조국 대한민국', '화장품법에 따라 기재해야 하는 모든 성분 정제수, 다이글리세린, 폴리글리세린-3, 부틸렌글라이콜, 글리세린, 1,2-헥산다이올, 병풀잎추출물, 트레할로오스, 아크릴레이트/C10-30알킬아크릴레이트크로스폴리머, 소듐하이알루로네이트, 프로판다이올, 폴리글리세릴-10라우레이트, 알란토인, 소듐시트레이트, 에틸헥실글리세린, 시트릭애씨드, 잔탄검, 글리세릴아크릴레이트/아크릴릭애씨드코폴리머, 다이소듐이디티에이, 피브이엠/엠에이코폴리머, 하이드록시프로필트라이모늄하이알루로네이트, 소듐아세틸레이티드하이알루로네이트, 마데카소사이드, 하이드롤라이즈드하이알루로닉애씨드, 아시아티코사이드, 하이알루로닉애씨드, 소듐하이알루로네이트크로스폴리머, 하이드롤라이즈드소듐하이알루로네이트, 마데카식애씨드, 아시아틱애씨드, 포타슘하이알루로네이트', '기능성 화장품 식품의약품안전처 심사필 여부 해당사항 없음', '사용할 때의 주의사항 1) 화장품 사용 시 또는 사용 후 직사광선에 의하여 사용부위가 붉은 반점, 부어오름 또는 가려움증 등의 이상 증상이나 부작용이', '있는 경우에는 전문의 등과 상담할 것', '2) 상처가 있는 부위 등에는 사용을 자제할 것', '3) 보관 및 취급 시 주의사항', '가) 어린이의 손이 닿지 않는 곳에 보관할 것', '나) 직사광선을 피해서 보관할 것', '품질보증기준 본 제품에 이상이 있을경우 , 공정거래위원회 고시 ""소비자 분재 해결 기준""에 의해 보상해 드립니다.', '소비자상담 전화번호 070-7517-9980']","['./prdimgs/page_21_prd_22_thumb1.jpg', './prdimgs/page_21_prd_22_thumb2.jpg', './prdimgs/page_21_prd_22_thumb3.jpg', './prdimgs/page_21_prd_22_thumb4.jpg']"
에스트라 에이시카365 흔적 진정 세럼 40ml,에스트라,"38,000","['내용물의 용량 또는 중량 40ml', '제품 주요 사양 모든 피부용', '사용기한(또는 개봉 후 사용기간) 36개월 (개봉 후 1년)', '사용방법 크림 사용 전 1~2회 펌핑하여 얼굴 전체에 부드럽게 펴 발라 줍니다.', '화장품제조업자,화장품책임판매업자 및 맞춤형화장품판매업자 (주)코스비전/(주)아모레퍼시픽', '제조국 대한민국', '화장품법에 따라 기재해야 하는 모든 성분 정제수, 글리세린, 부틸렌글라이콜, 다이프로필렌글라이콜, 베타인, 나이아신아마이드, 1,2-헥산다이올, 변성알코올, 스쿠알란, 다이에톡시에틸석시네이트, 폴리글리세릴-10스테아레이트, 수크로오스스테아레이트, 글리세릴폴리메타크릴레이트, 폴리글리세릴-10라우레이트, 피토스테롤, 카프릴릴메티콘, 카보머, 하이드로제네이티드레시틴, 하이드로제네이티드포스파티딜콜린, 트로메타민, 에틸헥실글리세린, 잔탄검, 프로판다이올, 셀룰로오스검, 다이소듐이디티에이, 마데카소사이드, 베타-글루칸, 토코페롤', '기능성 화장품 식품의약품안전처 심사필 여부 화장품법에 따른 기능성 화장품 심사(또는 보고)를 필함', '사용할 때의 주의사항 1. 화장품 사용 시 또는 사용 후 직사광선에 의하여 사용부위가 붉은 반점, 부어오름 또는 가려움증 등의 이상 증상이나 부작용이 있는 경우에는 전문의 등과 상담할 것', '2. 상처가 있는 부위 등에는 사용을 자제할 것', '3. 보관 및 취급 시 주의사항', '가) 어린이의 손이 닿지 않는 곳에 보관할 것', '나) 직사광선을 피해서 보관할 것', '품질보증기준 본 제품에 이상이 있을 경우, 공정거래위원회 고시 소비자분쟁해결기준에 의거 보상해 드립니다.', '소비자상담 전화번호 고객상담실 : 080-023-3900']",['./prdimgs/page_21_prd_23_thumb1.jpg']
라빠레뜨 뷰티 카밍 그린 에센셜 세럼 35ml,라빠레뜨 뷰티,"32,000","['내용물의 용량 또는 중량 35ML', '제품 주요 사양 모든 피부용', '사용기한(또는 개봉 후 사용기간) 제조일로부터 1095일, 개봉일로부터 180일', '사용방법 토너 사용 후 적당량을 취해 얼굴 전체에 부드럽게 흡 수시켜줍니다.', '화장품제조업자,화장품책임판매업자 및 맞춤형화장품판매업자 (주)나우코스, (주)이터널뷰티', '제조국 대한민국', '화장품법에 따라 기재해야 하는 모든 성분 효모/녹차발효여과물(78%), 정제수, 글리세린, 프로판다이올, 1,2-헥산다이올, 다이프로필렌글라이콜, 피피지-13-데실테트라데세스-24, 하이드록시아세토페논, 아크릴레이트/C10-30알킬아크릴레이트크로스폴리머, 트로메타민, 카프릴릴글라이콜, 부틸렌글라이콜, 에틸헥실글리세린, 녹나무껍질오일, 다이소듐이디티에이, 덱스트린, 카카오추출물, 병풀추출물, 센티드제라늄꽃오일, 다이포타슘글리시리제이트, 광곽향오일, 리씨열매오일, 로즈마리잎오일, 살비아오일, 녹차추출물, 마데카소사이드, 만다린껍질추출물, 티트리잎오일, 아시아티코사이드, 녹차씨오일, 마데카식애씨드, 아시아틱애씨드, 토코페롤, 리날룰', '기능성 화장품 식품의약품안전처 심사필 여부 해당사항 없음', '사용할 때의 주의사항 1. 공통사항', '가. 화장품 사용 시 또는 사용 후 직사광선에 의하여 사용부위가 붉은 반점, 부어오름 또는 가려움증 등의 이상 증상이나 부작용이 있는 경우에는 전문의 등과 상담할 것', '나. 상처가 있는 부위 등에는 사용을 자제할 것', '다. 보관 및 취급 시 주의사항', '1) 어린이의 손이 닿지 않는 곳에 보관할 것', '2) 직사광선을 피해서 보관할 것', '2. 그 밖에 화장품의 안전정보와 관련하여 화장품의 유형별 · 함유 성분별로 식품의약품안전처장이 정하여 고시하는 사항', '품질보증기준 본 제품의 이상이 있을 경우 공정거래위원회 고시 품목별 소비자 분쟁 해결 기준에 의해 보상해드립니다.', '소비자상담 전화번호 080-801-0114 / 080-801-0114']","['./prdimgs/page_22_prd_0_thumb1.jpg', './prdimgs/page_22_prd_0_thumb2.jpg', './prdimgs/page_22_prd_0_thumb3.jpg']"
라라레서피 햄프씨드 세럼 30ml,라라레서피,"35,000","['내용물의 용량 또는 중량 30ml/ 1.01 fl.oz', '제품 주요 사양 민감, 건조한 피부를 위한 특허성분 4가지와 햄프씨드 78%의 쎈 진정 세럼', '사용기한(또는 개봉 후 사용기간) 36개월', '사용방법 매일 아침저녁 스포이드로 적당량을 펌핑하여 얼굴전체에 펴바른뒤 흡수시켜 줍니다', '화장품제조업자,화장품책임판매업자 및 맞춤형화장품판매업자 라라뷰티코스메틱', '제조국 대한민국', '화장품법에 따라 기재해야 하는 모든 성분 삼씨추출물(77.8 %), 글리세린, 정제수, 다이에톡시에틸석시네이트, 1,2-헥산다이올, 글리세레스-26, 프로판다이올, 글리세레스-25피씨에이아이소스테아레이트, 소듐폴리아크릴로일다이메틸타우레이트, 삼씨오일(2000 ppm), 소듐하이알루로네이트, 울금뿌리추출물, 글리세릴아크릴레이트/아크릴릭애씨드코폴리머, 티트리잎추출물, 흰버드나무껍질추출물, 피브이엠/엠에이코폴리머, 아이비고드열매추출물, 홀리바질잎추출물, 4-터피네올, 가지열매추출물, 로즈마리잎오일, 참산호말추출물, 귤껍질추출물, 병풀추출물, 당느릅나무뿌리추출물, 칡뿌리추출물, 대왕송잎추출물, 달맞이꽃추출물, 동백나무꽃추출물, 효모발효물, 연꽃잎추출물, 삼나무잎추출물, 마데카소사이드, 마데카식애씨드, 아시아티코사이드, 아시아틱애씨드, 인도멀구슬나무잎추출물, 인도멀구슬나무꽃추출물, 다이소듐이디티에이, 펜틸렌글라이콜, 카프릴릴글라이콜, 펜타에리스리틸스테아레이트/카프레이트/카프릴레이트/아디페이트, 부틸렌글라이콜, 카보머, 에틸헥실글리세린, 하이드록시아세토페논, 아크릴레이트/C10-30알킬아크릴레이트크로스폴리머, 토코페롤, 폴리실리콘-15, 트로메타민, 향료', '기능성 화장품 식품의약품안전처 심사필 여부 해당사항 없음', '사용할 때의 주의사항 취급시 주의사항 1. 화장품 사용 시 또는 사용 후 직사광선에의하여 사용부위가 붉은반점, 부어오름 또는 가려움증등의 이상 증상이나 부작용이 있는 경우 전문의 등과 상담할 것. 2. 상처가 있는 부위 등에는 사용을 자제할 것. 3. 보관 및 취급 시의 주의사항 가)어린이의 손이 닿지 않는 곳에 보관할 것. 나)직사광선을 피해서 보관할 것. 본 제품에 이상이 있을 경우 공정거래위원회 고시 .소비자 분쟁 해결기준.에 의해 보상해 드립니다', '품질보증기준 본 제품에 이상이 있을 경우 공정거래위원회 고시 소비자분쟁해결기준에 의거하여 보상해 드립니다.', '소비자상담 전화번호 티엘네트웍스 02-6080-2885']","['./prdimgs/page_22_prd_1_thumb1.jpg', './prdimgs/page_22_prd_1_thumb2.jpg', './prdimgs/page_22_prd_1_thumb3.jpg', './prdimgs/page_22_prd_1_thumb4.jpg']"
닥터지 로얄 블랙스네일 앰플 30ml,닥터지,"45,000","['내용물의 용량 또는 중량 30ml', '제품 주요 사양 모든 피부용', '사용기한(또는 개봉 후 사용기간) 36개월(개봉후 12개월 이내 사용을 권장해 드립니다.)', '사용방법 아침, 저녁 토너로 피부를 정돈한 후 내용물을 적당량 취해 피부결을 따라 부드럽게 펴 바르고 양 손으로 얼굴 전체를 감싸 흡수시켜 줍니다.', '', '화장품제조업자,화장품책임판매업자 및 맞춤형화장품판매업자 제조업자 : 한국콜마(주) / 책임판매업자 : (주)고운세상코스메틱', '제조국 대한민국', '화장품법에 따라 기재해야 하는 모든 성분 1. 닥터지 로얄 블랙스네일 앰플 30ml(본품)', '', '달팽이점액여과물(63%), 정제수, 글리세린, 프로판다이올, 스쿠알란, 부틸렌글라이콜, 1,2-헥산다이올, 나이아신아마이드, 말토덱스트린, 하이드롤라이즈드로얄젤리단백질, 꿀추출물, 폴리글리세릴-10스테아레이트, 암모늄아크릴로일다이메틸타우레이트/브이피코폴리머, 글리세레스-25피씨에이아이소스테아레이트, 시어버터, 참마뿌리추출물, 카프릴릴글라이콜, 하이드롤라이즈드옥수수전분, 카라멜, 하이드로제네이티드레시틴, 아데노신, 베타-글루칸, 에틸헥실글리세린, 소듐하이알루로네이트, 카프릴릭/카프릭트라이글리세라이드, 체이스트트리추출물, 수크로오스, 파이틱애씨드, 페네틸알코올, 하이드로제네이티드포스파티딜콜린, 수크로오스스테아레이트, 스테아릭애씨드, 헥실라우레이트, 세라마이드엔피, 팔미틱애씨드, 자이모모나스발효추출물, 콜레스테롤, 글라이코스핑고리피드, 향료', '', '기능성 화장품 식품의약품안전처 심사필 여부 화장품법에 따른 기능성 화장품 심사(또는 보고)를 필함', '사용할 때의 주의사항 가. 공통사항', '1) 화장품 사용 시 또는 사용 후 직사광선에 의하여 사용부위가 붉은 반점,', '부어오름 또는 가려움증 등의 이상 증상이나 부작용이 있는 경우 전문의', '등과 상담할 것', '2) 상처가 있는 부위 등에는 사용을 자제할 것', '3) 보관 및 취급 시의 주의사항', '가) 어린이의 손이 닿지 않는 곳에 보관할 것', '나) 직사광선을 피해서 보관할 것', '품질보증기준 본 상품에 이상이 있을 경우 공정거래위원회 고시""소비자 분쟁 해결 기준""에 의해 보상해 드립니다.', '소비자상담 전화번호 ㈜고운세상코스메틱 1811-9415']","['./prdimgs/page_22_prd_2_thumb1.jpg', './prdimgs/page_22_prd_2_thumb2.jpg', './prdimgs/page_22_prd_2_thumb3.jpg', './prdimgs/page_22_prd_2_thumb4.jpg']"
[늘이농 PICK] 비플레인 시카테롤 앰플 30ml,비플레인,"26,000","['내용물의 용량 또는 중량 30ml', '제품 주요 사양 모든 피부 타입', '사용기한(또는 개봉 후 사용기간) 제조일로부터 36개월', '사용방법 토너로 피부결을 정돈한 후 아침, 저녁 1일 2회 적당량을 취해 피부에 골고루 펴 바릅니다.', '화장품제조업자,화장품책임판매업자 및 맞춤형화장품판매업자 (주)모먼츠컴퍼니 / (주)노디너리', '제조국 대한민국', '화장품법에 따라 기재해야 하는 모든 성분 병풀추출물, 부틸렌글라이콜, 정제수, 글리세레스-26, 메틸프로판다이올, 글리세린, 폴리글리세린-3, 사카라이드하이드롤리세이트, 1,2-헥산다이올, 판테놀, 자일리틸글루코사이드, 알란토인, 트로메타민, 아크릴레이트/C10-30알킬아크릴레이트크로스폴리머, 글리세릴아크릴레이트/아크릴릭애씨드코폴리머, 안하이드로자일리톨, 자일리톨, 소듐폴리아크릴레이트, 글루코오스, 다이카프릴릴카보네이트, 펜틸렌글라이콜, 베타-글루칸, 소듐하이알루로네이트, 베타-시토스테롤, 마데카소사이드, 카프릴로일살리실릭애씨드, 하이드로제네이티드레시틴, 백미꽃추출물, 하이알루로닉애씨드, 아시아티코사이드, 마데카식애씨드, 아시아틱애씨드', '기능성 화장품 식품의약품안전처 심사필 여부 해당사항 없음', '사용할 때의 주의사항 1. 화장품 사용 시 또는 사용 후 직사광선에 의하여 사용부위가 붉은 반점, 부어오름 또는 가려움증 등의 이상 증상이나 부작용이 있는 경우 전문의등과 상담할 것.', '2. 상처가 있는 부위 등에는 사용을 자세할 것.', '3. 보관 및 취급 시 주의사항', '가) 어린이의 손이 닿지 않는 곳에 보관할 것.', '나) 직사광선을 피해서 보관할 것', '품질보증기준 본 제품은 공정거래위원회고시 소비자분쟁해결 기준에 의거 교환 또는 보상 받을 수 있습니다.', '소비자상담 전화번호 1644-3228']","['./prdimgs/page_22_prd_3_thumb1.jpg', './prdimgs/page_22_prd_3_thumb2.jpg', './prdimgs/page_22_prd_3_thumb3.jpg']"
[이동욱 PICK] 더마펌 바이오 코렉션 앰플 세라-드롭 M4 50ml(보습장벽),더마펌,"33,000","['내용물의 용량 또는 중량 50ml', '제품 주요 사양 모든 피부 타입', '사용기한(또는 개봉 후 사용기간) 제조일로부터 36개월, 개봉 후 12개월', '사용방법 토너 다음 단계에서 적당량을 덜어내 손으로', '부드럽게 펴 바른 후 가볍게 두드려 흡수시켜 줍니다.', '화장품제조업자,화장품책임판매업자 및 맞춤형화장품판매업자 (주)더마펌', '제조국 대한민국', '화장품법에 따라 기재해야 하는 모든 성분 정제수, 글리세린, 프로판다이올, 1,2-헥산다이올, 스쿠알란, 사이클로헥사실록세인, 베타인,', '글리세릴글루코사이드, 판테놀, C14-22알코올, 세테아릴올리베이트, 암모늄아크릴로일다이메틸타우레이트/브이피코폴리머, 솔비탄올리베이트, 소듐폴리아크릴로일다이메틸타우레이트, 부틸렌글라이콜, 알란토인,', 'C12-20알킬글루코사이드, 에틸헥실글리세린, 다이소듐이디티에이, 카프릴릭/카프릭트라이글리세라이드,', '소듐하이알루로네이트, 병풀추출물, 하이드로제네이티드포스파티딜콜린, 갈락토아라비난, 폴리글리세릴-10라우레이트, 벤질글라이콜, 하이드롤라이즈드글라이코사미노글리칸, 세라마이드엔피, 자일리톨, 글루코오스,', '카프릴릭애씨드, 소듐하이알루로네이트크로스폴리머, 카프릴릴글라이콜, 하이드롤라이즈드하이알루로닉애씨드,', '팔미토일트라이펩타이드-1, 프로폴리스추출물, 하이드록시프로필트라이모늄하이알루로네이트,', '아시아티코사이드, 올레익애씨드, 마데카소사이드, 마데카식애씨드, 아시아틱애씨드, 하이알루로닉애씨드,', '소듐아세틸레이티드하이알루로네이트, 올리고펩타이드-1', '기능성 화장품 식품의약품안전처 심사필 여부 해당사항 없음', '사용할 때의 주의사항 1. 화장품 사용 시 또는 사용 후 직사광선에 의하여 사용부위가 붉은 반점, 부어오름 또는 가려움증 등의 이상 증상이나 부작용이 있는 경우 전문의 등과 상담할것', '2. 상처가 있는 부위 등에는 사용을 자제할 것', '3. 보관 및 취급 시의 주의사항', '가)어린이의 손이 닿지 않는 곳에 보관할 것', '나)직사광선을 피해서 보관할 것', '품질보증기준 본 제품에 이상이 있을 경우 공정거래위원회 고시 ""소비자 분쟁 해결기준""에 의거, 교환 또는 보상받을 수 있습니다.', '소비자상담 전화번호 소비자 상담실 : 02-545-6363']","['./prdimgs/page_22_prd_4_thumb1.jpg', './prdimgs/page_22_prd_4_thumb2.jpg']"
[이동욱 PICK] 더마펌R4 앰플&토너 수분진정 기획세트(앰플50ml+토너100ml),더마펌,"33,000","['내용물의 용량 또는 중량 앰플50ML+토너100ML', '제품 주요 사양 모든 피부 타입', '사용기한(또는 개봉 후 사용기간) 제조일로부터 36개월(개봉 후 12개월)', '사용방법 토너 다음 단계에서 적당량을 덜어내 손으로', '부드럽게 펴 바른 후 가볍게 두드려 흡수시켜 줍니다.', '화장품제조업자,화장품책임판매업자 및 맞춤형화장품판매업자 (주)더마펌', '제조국 대한민국', '화장품법에 따라 기재해야 하는 모든 성분 정제수, 부틸렌글라이콜, 글리세린, 1,2-헥산다이올, 버지니아풍년화추출물, 하이드롤라이즈드콜라겐', '카보머, 트로메타민, 하이드로제네이티드포스파티딜콜린, 피이지-60하이드로제네이티드캐스터오일,', '알란토인, 에틸헥실글리세린, 알로에베라잎가루, 아데노신, 다이소듐이디티에이, 스페인감초뿌리추출물,', '소듐하이알루로네이트, 쇠비름추출물, 향료, 병풀추출물, 들깨잎출물, 소듐구아이아줄렌설포네이트,', '글라이신, 황금추출물, 호장근뿌리추출물, 세린, 알지닌, 녹차추출물, 베타-글루칸, 아스파틱애씨드,', '글루타믹애씨드, 류신, 로즈마리잎추출물, 마트리카리아꽃추출물, 알라닌, 라이신, 프롤린, 페닐알라닌, 발린,', '트레오닌, 아이소류신, 타이로신, 히스티딘, 카퍼트라이펩타이드-1, 피피지-26-부테르-26,', '피이지-40하이드로제네이트드캐스터오일, 아세틸헥사펩타이드-8, 팔미토일올리고펩타이드, 연꽃잎추출물,', '트라이펩타이드-1, 팔미토일펜타펩타이드-4, 메티오닌, 시스테인', '기능성 화장품 식품의약품안전처 심사필 여부 화장품법에 따른 기능성 화장품 심사(또는 보고)를 필함', '사용할 때의 주의사항 1. 화장품 사용 시 또는 사용 후 직사광선에 의하여 사용부위가 붉은 반점, 부어오름 또는 가려움증 등의 이상 증상이나 부작용이 있는 경우 전문의 등과 상담할것', '2. 상처가 있는 부위 등에는 사용을 자제할 것', '3. 보관 및 취급 시의 주의사항', '가)어린이의 손이 닿지 않는 곳에 보관할 것', '나)직사광선을 피해서 보관할 것', '품질보증기준 본 제품에 이상이 있을 경우 공정거래위원회 고시 ""소비자 분쟁 해결기준""에 의거, 교환 또는 보상받을 수 있습니다.', '소비자상담 전화번호 소비자 상담실 : 02-545-6363']","['./prdimgs/page_22_prd_5_thumb1.jpg', './prdimgs/page_22_prd_5_thumb2.jpg', './prdimgs/page_22_prd_5_thumb3.jpg']"
[디렉터파이 MADE] 더파이 시카알란 퍼스트 에센스 150ml,더파이에센셜,"34,000","['내용물의 용량 또는 중량 150ml', '제품 주요 사양 모든 피부용', '사용기한(또는 개봉 후 사용기간) 제조일로부터 24개월 / 개봉 후 12개월', '사용방법 1. 닦토 : 화장솜에 에센스를 묻혀 피부 결을 따라 닦아내 주세요.', '2. 흡토 : 손바닥에 에센스를 적당량 덜어 피부에 두드리며 흡수시켜 주세요.', '3. 스킨팩 : 화장솜에 에센스를 듬뿍 적셔 보습과 진정이 필요한 부위에 올려놔 주세요.', '화장품제조업자,화장품책임판매업자 및 맞춤형화장품판매업자 주식회사 씨엔에프 / 더파이컴퍼니 주식회사', '제조국 대한민국', '화장품법에 따라 기재해야 하는 모든 성분 병풀추출물(80%), 글리세린, 정제수, 프로판다이올, 1,2-헥산다이올, 부틸렌글라이콜, 알란토인(3000ppm), 에틸헥실글리세린, 잔탄검, 소듐시트레이트, 시트릭애씨드, 마데카소사이드(30ppm), 아시아티코사이드(20ppm), 아시아틱애씨드(2ppm), 마데카식애씨드(2ppm)', '기능성 화장품 식품의약품안전처 심사필 여부 해당사항 없음', '사용할 때의 주의사항 가. 화장품 사용 시 또는 사용 후 직사광선에 의하여 사용부위가 붉은 반점, 부어오름 또는 가려움증 등의 이상 증상이나 부작용이 있는 경우에는 전문의 등과 상담할 것', '나. 상처가 있는 부위 등에는 사용을 자제할 것', '다. 보관 및 취급 시 주의사항', '1) 어린이의 손이 닿지 않는 곳에 보관할 것', '2) 직사광선을 피해서 보관할 것', '품질보증기준 본 제품은 공정거래위원회고시 소비자분쟁해결 기준에 의거 교환 또는 보상 받을 수 있습니다.', '소비자상담 전화번호 070-5067-3898']","['./prdimgs/page_22_prd_6_thumb1.jpg', './prdimgs/page_22_prd_6_thumb2.jpg', './prdimgs/page_22_prd_6_thumb3.jpg', './prdimgs/page_22_prd_6_thumb4.jpg']"
케어존 리큐어 노르데나우 시카에센스 145ml,케어존,"26,000","['내용물의 용량 또는 중량 145 ml', '제품 주요 사양 모든피부용', '사용기한(또는 개봉 후 사용기간) 개봉전 제조일로부터 36개월, 유통기한 개봉후 12개월', '사용방법 2-3회가량 펌핑하여 적당량을 덜어 피부결을 따라 부드럽게 펴 바른후 톡톡 두드려 흡수시켜 줍니다.', '화장품제조업자,화장품책임판매업자 및 맞춤형화장품판매업자 제조업자 : 엘지생활건강 / 책임판매업자 : 엘지생활건강', '제조국 대한민국', '화장품법에 따라 기재해야 하는 모든 성분 정제수, 글리세린, 2,3-부탄다이올, 사이클로펜타실록세인, 다이메티콘, 1,2-헥산다이올, 판테놀, 다이포타슘글리시리제이트, 글리시레티닉애씨드, 스페인감초뿌리추출물, 병풀잎추출물, 트라이에틸헥사노인, 암모늄아크릴로일다이메틸타우레이트/브이피코폴리머, 부틸렌글라이콜, 돌콩추출물, 폴리글리세릴-3메틸글루코오스다이스테아레이트, 락토바실러스발효물, 울금뿌리추출물, 트로메타민, 폴리글리세릴-10스테아레이트, 아크릴레이트/C10-30알킬아크릴레이트크로스폴리머, 폴리글리세릴-10올리에이트, 카보머, 소듐하이알루로네이트, 글리세릴아크릴레이트/아크릴릭애씨드코폴리머, 멕시칸주니퍼오일, 클레리오일, 토코페롤, 돌콩오일, 베르가모트오일, 리날룰', '기능성 화장품 식품의약품안전처 심사필 여부 해당사항 없음', '사용할 때의 주의사항 1) 화장품 사용 시 또는 사용 후 직사광선에 의하여 사용부위가 붉은 반점,부어오름 또는 가려움증 등의 이상 증상이나 부작용이 있는 경우 전문의 등과 상담할 것', '2) 상처가 있는 부위 등에는 사용을 자제할 것', '3) 보관 및 취급 시의 주의사항', '가) 어린이의 손이 닿지 않는 곳에 보관할 것', '나) 직사광선을 피해서 보관할 것', '품질보증기준 본 상품에 이상이 있을 경우 공정거래위원회 고시""소비자분쟁해결기준""에 의해 보상해 드립니다.', '소비자상담 전화번호 고객상담실 : 080-023-7007(수신자요금부담)']","['./prdimgs/page_22_prd_7_thumb1.jpg', './prdimgs/page_22_prd_7_thumb2.jpg', './prdimgs/page_22_prd_7_thumb3.jpg']"
[항산화] 마리엔메이 이데베논+블랙베리 컴플렉스 세럼 30ml,마리엔메이,"24,500","['내용물의 용량 또는 중량 30ml', '제품 주요 사양 모든 피부타입', '사용기한(또는 개봉 후 사용기간) 제조일로부터 36개월 / 개봉 후 12개월', '사용방법 스킨케어의 에센스 또는 앰플 단계에서 적당량을 취해 피부에 골고루 펴 바릅니다.', '화장품제조업자,화장품책임판매업자 및 맞춤형화장품판매업자 제조업자 : (주)코리아코스팩 / 책임판매업자 : 에이드코리아 컴퍼니(주)', '제조국 대한민국', '화장품법에 따라 기재해야 하는 모든 성분 정제수, 서양산딸기추출물, 아사이팜열매추출물, 로우스위트블루베리추출물, 글리세린, 카프릴릭/카프릭트라이글리세라이드, 글리세레스-26, 1,2-헥산다이올, 부틸렌글라이콜, 폴리글리세릴-10라우레이트, 하이드록시데실유비퀴논, 하이드로제네이티드레시틴, 알지닌, 카보머, 에틸헥실글리세린, 카프릴릴글라이콜', '기능성 화장품 식품의약품안전처 심사필 여부 해당사항 없음', '사용할 때의 주의사항 1. 화장품 사용 시 또는 사용 후 직사광선에 의하여 사용 부위가 붉은 반점, 부어오름 또는 가려움증 등의 이상 증상이나 부작용이 있는 경우 전문의 등과 상담할 것. 2. 상처가 있는 부위 등에는 사용을 자제할 것. 3. 보관 및 취급시의 주의사항 1) 어린이의 손이 닿지 않는 곳에 보관할 것. 2) 직사광선을 피해서 보관할 것.', ""품질보증기준 본 제품에 이상이 있을 경우 공정거래위원회 고시 '소비자 분쟁 해결 기준'에 의거 보상해 드립니다."", '소비자상담 전화번호 070-5142-6007']","['./prdimgs/page_22_prd_8_thumb1.jpg', './prdimgs/page_22_prd_8_thumb2.jpg', './prdimgs/page_22_prd_8_thumb3.jpg', './prdimgs/page_22_prd_8_thumb4.jpg', './prdimgs/page_22_prd_8_thumb5.jpg', './prdimgs/page_22_prd_8_thumb6.jpg', './prdimgs/page_22_prd_8_thumb7.jpg', './prdimgs/page_22_prd_8_thumb8.jpg']"
[피부미백] 마리엔메이 나이아신아마이드+모과추출물 세럼 30ml,마리엔메이,"18,900","['내용물의 용량 또는 중량 30ml', '제품 주요 사양 모든 피부타입', '사용기한(또는 개봉 후 사용기간) 제조일로 부터 36개월 / 개봉 후 12개월', '사용방법 스킨케어의 에센스 또는 앰플 단계에서 적당량을 취해 피부에 골고루 펴 바릅니다.', '화장품제조업자,화장품책임판매업자 및 맞춤형화장품판매업자 제조업자 : (주)코리아코스팩 / 책임판매업자 : 에이드코리아 컴퍼니(주)', '제조국 대한민국', '화장품법에 따라 기재해야 하는 모든 성분 모과추출물(93%),글리세레스-26,나이아신아마이드(2%),1,2-헥산다이올,알지닌,카보머,에틸헥실글리세린,카프릴릴글라이콜', '기능성 화장품 식품의약품안전처 심사필 여부 화장품법에 따른 기능성 화장품 심사(또는 보고)를 필함', '사용할 때의 주의사항 1. 화장품 사용 시 또는 사용 후 직사광선에 의하여 사용 부위가 붉은 반점, 부어오름 또는 가려움증 등의 이상 증상이나 부작용이 있는 경우 전문의 등과 상담할 것. 2. 상처가 있는 부위 등에는 사용을 자제할 것. 3. 보관 및 취급시의 주의사항 1) 어린이의 손이 닿지 않는 곳에 보관할 것. 2) 직사광선을 피해서 보관할 것.', '품질보증기준 본 제품에 이상이 있을 경우 공정거래위원회 고시 소비자분쟁해결 기준에 의거 보상해 드립니다.', '소비자상담 전화번호 070-5142-6007']","['./prdimgs/page_22_prd_9_thumb1.jpg', './prdimgs/page_22_prd_9_thumb2.jpg', './prdimgs/page_22_prd_9_thumb3.jpg', './prdimgs/page_22_prd_9_thumb4.jpg', './prdimgs/page_22_prd_9_thumb5.jpg', './prdimgs/page_22_prd_9_thumb6.jpg']"
라로슈포제 시카플라스트 울트라 리페어 세럼 B5 30ml,라로슈포제,"48,000","['내용물의 용량 또는 중량 30ML', '제품 주요 사양 ""외부자극으로 지친피부 회복*! 판테놀10% 세럼! #시카세럼 #회복*세럼 #판테놀10%세럼 (*피부 컨디션 회복에 한함) ""', '사용기한(또는 개봉 후 사용기간) 제조일로부터 35개월/ 개봉후 6개월', ""사용방법 '아침 저녁 토너 사용 후 에센스 단계에서 이마와 양볼, 턱에 적당량을 덜어 부드럽게 마사지 해주어 스며들게 해줍니다"", '화장품제조업자,화장품책임판매업자 및 맞춤형화장품판매업자 화장품제조업자 : 라로슈포제 / 화장품책임판매업자 : 엘오케이(유)', '제조국 프랑스', '화장품법에 따라 기재해야 하는 모든 성분 정제수 판테놀 글리세린 변성알코올 다이메티콘 하이드록시에틸피페라진에탄설포닉애씨드 옥틸도데칸올 페녹시에탄올 소듐하이알루로네이트 카프릴릴글라이콜 암모늄폴리아크릴로일다이메틸타우레이트 시트릭애씨드 피이지-20메틸글루코오스세스퀴스테아레이트 잔탄검 비트레오스실라발효물 토코페롤', '기능성 화장품 식품의약품안전처 심사필 여부 해당사항 없음', '사용할 때의 주의사항 ""*더 자세한 내용은 각 제품 포장에 기재된 주의사항 참고*', '1. 화장품 사용 시 또는 사용 후 직사광선에 의하여 사용부위가 붉은 반점, 부어오름 또는 가려움증 등의 이상 증상이나 부작용이 있는 경우 전문의 등과 상담할 것', '2. 상처가 있는 부위 등에는 사용을 자제할 것', '3. 보관 및 취급 시의 주의사항', '1) 어린이의 손이 닿지 않는 곳에 보관할 것', '2) 직사광선을 피해서 보관할 것""', ""품질보증기준 본 제품에 이상이 있을 경우, 공정거래위원회 고시 품목별 '소비자 분쟁 해결 기준' 에 의해 보상해드립니다."", '소비자상담 전화번호 080-344-0088']","['./prdimgs/page_22_prd_10_thumb1.jpg', './prdimgs/page_22_prd_10_thumb2.jpg']"
미구하라 울트라 화이트닝 퍼펙트 앰플 50ml,미구하라,"65,000","['내용물의 용량 또는 중량 50ml', '제품 주요 사양 모든 피부 용', '사용기한(또는 개봉 후 사용기간) 제조일로부터 2년', '사용방법 적당량을 덜어 피부에 골고루 펴 바릅니다.', '화장품제조업자,화장품책임판매업자 및 맞춤형화장품판매업자 (주)뉴앤유/(주)겟뷰티', '제조국 대한민국', '화장품법에 따라 기재해야 하는 모든 성분 캐모마일꽃수, 정제수, 부틸렌글라이콜, 글리세린, 나이아신아마이드, 갈락토미세스발효여과물, 흰목이버섯포자낭과추출물, 펜타펩타이드-13, 팔미토일테트라펩타이드-7, 아세틸헥사펩타이드-8, 카퍼트라이펩타이드-1, 팔미토일트라이펩타이드-1, 팔미토일펜타펩타이드-4, 카르노신, 소듐하이알루로네이트, 지황뿌리추출물, 캐모마일꽃추출물, 쇠비름추출물, 마돈나백합비늘줄기추출물, 블루플래그아이리스추출물, 나팔수선화추출물, 다마스크장미꽃수, 알바프리지어추출물, 에델바이스추출물, 연꽃추출물, 커먼자스민꽃/잎추출물, 올리브나무잎추출물, 스페인감초뿌리추출물, 서양민들레잎추출물, 다마스크장미꽃추출물, 바위돌꽃뿌리추출물, 우스니아추출물, 초피나무열매추출물, 할미꽃추출물, 맥아추출물, 치자추출물, 자몽씨오일, 알란토인, 글라이코실트레할로오스, 하이드로제네이티드스타치하이드롤리세이트, 알지닌, 카보머, 잔탄검, 하이드록시에틸셀룰로오스, 폴리글리세릴-10미리스테이트, 다이소듐이디티에이, 에틸헥실글리세린, 카프릴릴글라이콜, 1,2-헥산다이올, 하이드록시아세토페논, 리모넨', '기능성 화장품 식품의약품안전처 심사필 여부 화장품법에 따른 기능성 화장품 심사(또는 보고)를 필함', '사용할 때의 주의사항 1) 화장품 사용 시 또는 사용 후 직사광선에 의하여 사용부위가 붉은 반점, 부어오름 또는 가려움증 등의 이상 증상이나 부작용이 있는 경우 전문의 등과 상담할 것. 2) 상처가 있는 부위 등에는 사용을 자제할 것. 3) 보관 및 취급 시의 주의사항 가) 어린이의 손이 닿지 않는 곳에 보관할 것. 나) 직사광선을 피해서 보관할 것. 다) 눈 주위를 피하여 사용할 것.', '품질보증기준 제품 이상 시 공정거래위원회 고시 소비자분쟁해결기준에 의거 보상합니다.', '소비자상담 전화번호 1899-1238']",['./prdimgs/page_22_prd_11_thumb1.jpg']
[단독기획] 로벡틴 히알루로닉 에센스 (180ml+100ml),로벡틴,"29,000","['내용물의 용량 또는 중량 [본품] 트리트먼트로션 180ml', '[증정] 트리트먼트로션 100ml', '제품 주요 사양 모든 피부 타입', '사용기한(또는 개봉 후 사용기간) 개봉일로부터 1년 내', '사용방법 세안 후 손바닥에 적당량을 덜어 가볍게 두들겨 피부에 흡수 시켜 줍니다.', '각질정돈을 위해 화장솜에 덜어 닦아내듯 사용해도 좋습니다.', '화장품제조업자,화장품책임판매업자 및 맞춤형화장품판매업자 코리아나화장품 / 알엘에이피 주식회사', '제조국 대한민국', '화장품법에 따라 기재해야 하는 모든 성분 정제수, 글리세린, 메틸글루세스-20, 펜틸렌글라이콜, 부틸렌글라이콜, 나이아신아마이드, 솔비톨, 아데노신, 카페인, 소듐하이알루로네이트, 알란토인, 판테놀, 알지닌, 하이알루로닉애씨드, 스페인감초뿌리추출물, 마트리카리아꽃추출물, 병풀추출물, 돌콩싹추출물, 파파야열매추출물, 1,2-헥산다이올, 소듐피씨에이, 아크릴레이트/C10-30알킬아크릴레이트크로스폴리머, 하이드록시에틸셀룰로오스, 트레할로오스, 소듐폴리글루타메이트, 하이드록시프로필트라이모늄하이알루로네이트, 하이드롤라이즈드하이알루로닉애씨드, 소듐아세틸레이티드하이알루로네이트, 포타슘하이알루로네이트, 소듐하이알루로네이트크로스폴리머, 다이소듐이디티에이', '기능성 화장품 식품의약품안전처 심사필 여부 화장품법에 따른 기능성 화장품 심사(또는 보고)를 필함', '사용할 때의 주의사항 1. 화장품 사용 시 또는 사용 후 직사광선에 의하여 사용부위가 붉은 반점, 부어오름 또는 가려움증 등의 이상 증상이나 부작용이 있는 경우에는 전문의 등과 상담할 것', '2. 상처가 있는 부위 등에는 사용을 자제할 것', '3. 보관 및 취급 시 주의사항', '가) 어린이의 손이 닿지 않는 곳에 보관할 것', '나) 직사광선을 피해서 보관할 것', '품질보증기준 본 제품은 공정거래위원회 고시 소비자 분쟁 해결 기준에 의거 교환 또는 보상 받을 수 있습니다.', '소비자상담 전화번호 알엘에이피 주식회사, 1688-8328, 평일 13:00 ~ 오후 17:00']",['./prdimgs/page_22_prd_12_thumb1.jpg']
닥터디퍼런트 씨이큐 안티옥시던트 세럼 15ml 2개입,닥터디퍼런트,"80,000","['내용물의 용량 또는 중량 15ml*2ea', '제품 주요 사양 모든 피부', '사용기한(또는 개봉 후 사용기간) 개봉전 24개월, 개봉후 2개월', '사용방법 토너 사용 다음 단계에서 3-5 방울을 덜어 얼굴에 가볍게 발라준 뒤두드려 흡수시켜줍니다 .', '고농도의 비타민 C 성분이 들어있어 약간 따끔거리는 느낌이 있을 수있으나 일시적 현상으로 정상적인 반응입니다 .', '사용 기한 이내일지라도 사용 시좋은 품질을 위해 구매 후냉장 보관 및가능한 빠른 사용을 권장합니다 .', '화장품제조업자,화장품책임판매업자 및 맞춤형화장품판매업자 코스맥스(주) / (주)다른코스메틱스', '제조국 대한민국', '화장품법에 따라 기재해야 하는 모든 성분 정제수, 아스코빅애씨드(15%), 에톡시다이글라이콜, 프로판다이올, 부틸렌글라이콜, 1,2-헥산다이올, 알부틴, 다이프로필렌글라이콜, 브로콜리추출물, 울금뿌리추출물, 얼룩파인애플추출물, 살비아오일, 불가리스쑥오일, 소듐하이알루로네이트, 바질오일, 황기뿌리추출물, 콥티스뿌리추출물, 황벽나무껍질추출물, 황금추출물, 트로메타민, 콜레스-24, 페룰릭애씨드, 글리세린, 토코페롤(1,000.25 ppm), 글루코실루틴, 판테놀, 폴리글리세릴 -10올리에이트, 셀룰로오스검, 하이드로제네이티드레시틴, 에틸헥실글리세린, 아데노신, 소듐파이테이트, 피브이피, 풀러린, 글루코노락톤, 유비퀴논 (0.1ppm)', '기능성 화장품 식품의약품안전처 심사필 여부 화장품법에 따른 기능성 화장품 심사(또는 보고)를 필함', '사용할 때의 주의사항 가. 화장품 사용 시 또는 사용 후 직사광선에 의하여 사용부위가 붉은 반점, 부어오름 또는 가려움증 등의 이상 증상이나 부작용이 있는 경우에는 전문의 등과 상담할 것.', '나. 상처가 있는 부위 등에는 사용을 자제할 것.', '다. 보관 및 취급 시 주의사항', '1) 어린이의 손이 닿지 않는 곳에 보관할 것.', '2) 직사광선을 피해서 보관할 것.', ""품질보증기준 본 제품에 이상이 있을 경우, 공정거래위원회 고시 '소비자 분쟁 해결 기준'에 의해 보상해드립니다."", '소비자상담 전화번호 080.766.5252']","['./prdimgs/page_22_prd_13_thumb1.jpg', './prdimgs/page_22_prd_13_thumb2.jpg', './prdimgs/page_22_prd_13_thumb3.jpg', './prdimgs/page_22_prd_13_thumb4.jpg']"
닥터디퍼런트 씨이큐 안티옥시던트 세럼 15ml,닥터디퍼런트,"42,000","['내용물의 용량 또는 중량 15ml', '제품 주요 사양 모든 피부', '사용기한(또는 개봉 후 사용기간) 개봉전 24개월, 개봉후 2개월', '사용방법 토너 사용 다음 단계에서 3-5 방울을 덜어 얼굴에 가볍게 발라준 뒤두드려 흡수시켜줍니다 .', '고농도의 비타민 C 성분이 들어있어 약간 따끔거리는 느낌이 있을 수있으나 일시적 현상으로 정상적인 반응입니다 .', '사용 기한 이내일지라도 사용 시좋은 품질을 위해 구매 후냉장 보관 및가능한 빠른 사용을 권장합니다 .', '화장품제조업자,화장품책임판매업자 및 맞춤형화장품판매업자 코스맥스(주) / (주)다른코스메틱스', '제조국 대한민국', '화장품법에 따라 기재해야 하는 모든 성분 정제수, 아스코빅애씨드(15%), 에톡시다이글라이콜, 프로판다이올, 부틸렌글라이콜, 1,2-헥산다이올, 알부틴, 다이프로필렌글라이콜, 브로콜리추출물, 울금뿌리추출물, 얼룩파인애플추출물, 살비아오일, 불가리스쑥오일, 소듐하이알루로네이트, 바질오일, 황기뿌리추출물, 콥티스뿌리추출물, 황벽나무껍질추출물, 황금추출물, 트로메타민, 콜레스-24, 페룰릭애씨드, 글리세린, 토코페롤(1,000.25 ppm), 글루코실루틴, 판테놀, 폴리글리세릴 -10올리에이트, 셀룰로오스검, 하이드로제네이티드레시틴, 에틸헥실글리세린, 아데노신, 소듐파이테이트, 피브이피, 풀러린, 글루코노락톤, 유비퀴논 (0.1ppm)', '기능성 화장품 식품의약품안전처 심사필 여부 화장품법에 따른 기능성 화장품 심사(또는 보고)를 필함', '사용할 때의 주의사항 가. 화장품 사용 시 또는 사용 후 직사광선에 의하여 사용부위가 붉은 반점, 부어오름 또는 가려움증 등의 이상 증상이나 부작용이 있는 경우에는 전문의 등과 상담할 것.', '나. 상처가 있는 부위 등에는 사용을 자제할 것.', '다. 보관 및 취급 시 주의사항', '1) 어린이의 손이 닿지 않는 곳에 보관할 것.', '2) 직사광선을 피해서 보관할 것.', ""품질보증기준 본 제품에 이상이 있을 경우, 공정거래위원회 고시 '소비자 분쟁 해결 기준'에 의해 보상해드립니다."", '소비자상담 전화번호 080.766.5252']","['./prdimgs/page_22_prd_14_thumb1.jpg', './prdimgs/page_22_prd_14_thumb2.jpg', './prdimgs/page_22_prd_14_thumb3.jpg', './prdimgs/page_22_prd_14_thumb4.jpg']"
베리홉 아하 바하 파하 리파이닝 부스트 세럼 15g,베리홉,"41,900","['내용물의 용량 또는 중량 15g', '제품 주요 사양 모든 피부 타입', '사용기한(또는 개봉 후 사용기간) 제조일로부터 3년', '사용방법 세안 후 첫 단계에서, 본 품 적당량을 덜어 눈가를 제외한 피부에 골고루 펴 발라 가볍게 두드리며 흡수시켜줍니다.', '화장품제조업자,화장품책임판매업자 및 맞춤형화장품판매업자 (주)아르느보화장품/(주)라이트하우스코스메틱', '제조국 대한민국', '화장품법에 따라 기재해야 하는 모든 성분 정제수, 글루코닉애씨드(171,700ppm), 포타슘하이드록사이드, 베타-글루칸, 다이메티콘, 프로필렌글라이콜다이카프릴레이트/다이카프레이트, 락틱애씨드(20,250ppm), 세테아릴알코올, 폴리솔베이트60, 부틸렌글라이콜, 녹두씨추출물, 트라이에틸시트레이트, 자작나무껍질추출물, 소리쟁이뿌리추출물, 에탄올, 소듐글루코네이트(5,000ppm), 살리실릭애씨드(4,800ppm), 자몽추출물, 레시틴, 소듐클로라이드, 향료, 카르니틴, 다이소듐이디티에이, 락토바이오닉애씨드(100ppm), 치자추출물, 아크릴레이트/C10-30알킬아크릴레이트크로스폴리머, 카보머, 잔탄검, 시트랄, 리모넨, 리날룰, 부틸페닐메틸프로피오날, 제라니올', '기능성 화장품 식품의약품안전처 심사필 여부 해당사항 없음', '사용할 때의 주의사항 1. 화장품 사용 시 또는 사용 후 직사광선에 의하여 사용 부위가 붉은 반점, 부어오름 또는 가려움증 등의 이상 증상이나 부작용이 있는 경우 전문의 등과 상담하세요.', '2.상처가 있는 부위 등에는 사용을 자제하세요.', '3.보관 및 취급 시의 주의사항', '가) 어린이의 손이 닿지 않는 곳에 보관하세요.', '나) 직사광선을 피해서 보관해주세요.', '4. 햇빛에 대한 피부의 감수성을 증가시킬 수 있으므로 자외선 차단제를 함께 사용할 것', '5. 일부에 시험 사용하여 피부 이상을 확인할 것 6. 만 3세 이하의 어린이에게는 사용하지 말 것', '품질보증기준 본 제품에 이상이 있을 경우 공정거래위원회 고시 소비자 분쟁 해결 기준에 의해 보상해드립니다.', '소비자상담 전화번호 1661-9132']","['./prdimgs/page_22_prd_15_thumb1.jpg', './prdimgs/page_22_prd_15_thumb2.jpg', './prdimgs/page_22_prd_15_thumb3.jpg']"
AHC 에이치 멜라루트 앰플 스틱 10g,AHC,"20,000","['내용물의 용량 또는 중량 10g', '제품 주요 사양 모든 피부용', '사용기한(또는 개봉 후 사용기간) 개봉 전 2년 이내 / 개봉 후 1년 이내', '사용방법 1. 용기 아랫부분을 돌려 내용물을 올린 후 얼굴에 고루 펴 발라 줍니다.', '2. 칙칙해져 고민되는 부위는 수시로 덧발라 줍니다.', '화장품제조업자,화장품책임판매업자 및 맞춤형화장품판매업자 제조업자: (주)한국콜마 / 책임판매업자: (주)카버코리아', '제조국 대한민국', '화장품법에 따라 기재해야 하는 모든 성분 아이소데실네오펜타노에이트, 해바라기씨왁스, C12-15알킬벤조에이트, 알로에베라잎수, 카프릴릭/카프릭트라이글리세라이드, 비닐다이메티콘/메티콘실세스퀴옥세인크로스폴리머, 코코-카프릴레이트/카프레이트, 부틸렌글라이콜, 비닐다이메티콘, 토코페릴아세테이트, 마이크로크리스탈린왁스, 티타늄디옥사이드, 폴리글리세릴-2트라이아이소스테아레이트, 폴리글리세릴-4 다이아이소스테아레이트/폴리하이드록시스테아레이트/세바케이트, 유용성감초추출물, 호호바잎추출물, 검은뽕나무열매추출물, 구기자추출물, 불가리스매자뿌리추출물, 비치스트로베리추출물, 참당귀 뿌리추출물, 해바라기씨오일, 소듐하이알루로네이트, 소듐클로라이드, 알파-비사보롤, 라우릴폴리글리세릴-3 폴리다이메틸실록시에틸다이메티콘, 솔비탄세스퀴올리에이트, 글리세릴카프릴레이트, 카프릴릴글라이콜, 정제수, 에틸헥실글리세린, 글리세린, 나이아신아마이드, 글루타티온, 세라마이드엔피, 콜레스테롤, 판테놀, 하이드록시스테아릭애씨드, 하이드롤라이즈드케라틴, 토코페롤, 메틸프로판다이올, 1,2-헥산다이올, 류코노스톡/무발효여과물, 칸디다 봄비콜라/글루코오스/메틸레이프씨데이트발효물, 소듐메타바이설파이트, 소듐설파이트, 글라이코리피드, 향료', '기능성 화장품 식품의약품안전처 심사필 여부 화장품법에 따른 기능성 화장품 심사(또는 보고)를 필함', '사용할 때의 주의사항 1. 화장품 사용 시 또는 사용 후 직사광선에 의하여 사용부위가 붉은 반점, 부어오름 또는 가려움증 등의 이상 증상이나 부작용이 있는 경우에는 전문의 등과 상담할 것', '2. 상처가 있는 부위 등에는 사용을 자제할 것', '3. 보관 및 취급 시 주의사항 1) 어린이의 손이 닿지 않는 곳에 보관할 것 2) 직사광선을 피해서 보관할 것', '품질보증기준 본 상품에 이상이 있을 경우 공정거래위원회 고시 ‘소비자 분쟁해결기준’에 의하여 보상해 드립니다.', '소비자상담 전화번호 본 상품에 이상이 있을 경우 공정거래위원회 고시 ‘소비자 분쟁해결기준’에 의하여 보상해 드립니다.']",['./prdimgs/page_22_prd_16_thumb1.jpg']
이자녹스 엘엑스뉴 비타맥스 비타민 앰플 30ml,이자녹스,"50,000","['내용물의 용량 또는 중량 30ml', '제품 주요 사양 모든피부용', '사용기한(또는 개봉 후 사용기간) 개봉전 제조일로부터 24개월, 유통기한 개봉후 3개월 ** 비타민 C 제품은 산화가 발생할 수 있어 개봉 후 3개월 이내 사용을 권장합니다.', '사용방법 에센스 혹은 세럼 단게에서 얼굴에 고르게 펴 바르고 가볍게 흡수시켜줍니다.', '화장품제조업자,화장품책임판매업자 및 맞춤형화장품판매업자 제조업자 : 엘지생활건강 / 책임판매업자 : 엘지생활건강', '제조국 대한민국', '화장품법에 따라 기재해야 하는 모든 성분 정제수, 다이프로필렌글라이콜, 프로판다이올, 아스코빅애씨드(5.5%), 글리세린, 2,3-부탄다이올, 변성알코올, 판테놀(2.5%), 에칠아스코빌에텔(3-O-에틸아스코빅애씨드)(2%), 글라이코실트레할로오스, 하이드로제네이티드스타치하이드롤리세이트, 트로메타민, 솔비톨, 폴리글리세릴-10스테아레이트, 락토바실러스/소이밀크발효여과물, 락토바실러스/호밀가루발효물, 바실러스/소이빈발효추출물, 메틸프로판다이올, 폴리글리세릴-10올리에이트, 페룰릭애씨드, 피리독신에이치씨엘(1000 ppm), 글루코실헤스페리딘(100 ppm), 토코페롤(54 ppm), 나이아신아마이드(10 ppm), 바이오틴(10 ppm), 판토테닉애씨드(4 ppm), 폴릭애씨드(4 ppm), 티아민에이치씨엘(1 ppm), 피리독신(0.5 ppm), 리놀레익애씨드(0.2 ppm), 사이아노코발아민(0.1 ppm), 잇꽃꽃추출물, 로즈마리추출물, 알란토인, 아데노신, 1,2-헥산다이올, 다이소듐이디티에이, 덱스트린, 소듐하이알루로네이트, 해바라기씨오일, 하이드로제네이티드레시틴, 수크로오스스테아레이트, 콜레스테롤, 세라마이드엔피, 팔미틱애씨드, 향료, 리모넨, 리날룰, 제라니올', '기능성 화장품 식품의약품안전처 심사필 여부 화장품법에 따른 기능성 화장품 심사(또는 보고)를 필함', '사용할 때의 주의사항 1) 화장품 사용 시 또는 사용 후 직사광선에 의하여 사용부위가 붉은 반점,부어오름 또는 가려움증 등의 이상 증상이나 부작용이 있는 경우에는 전문의 등과 상담할 것', '2) 상처가 있는 부위 등에는 사용을 자제할 것', '3) 보관 및 취급 시 주의사항', '가) 어린이의 손이 닿지 않는 곳에 보관할 것', '나) 직사광선을 피해서 보관할 것', '품질보증기준 본 상품에 이상이 있을 경우 공정거래위원회 고시""소비자분쟁해결기준""에 의해 보상해 드립니다.', '소비자상담 전화번호 고객상담실 : 080-023-7007(수신자요금부담)']","['./prdimgs/page_22_prd_17_thumb1.jpg', './prdimgs/page_22_prd_17_thumb2.jpg', './prdimgs/page_22_prd_17_thumb3.jpg']"
셀리맥스 더 리얼 노니 에너지 앰플 (본품30ml+앰플15ml 증정),셀리맥스,"28,000","['내용물의 용량 또는 중량 30ml+15ml', '제품 주요 사양 모든 피부 타입', '사용기한(또는 개봉 후 사용기간) 제조일로부터 2년 6개월', '사용방법 세안 후 토너로 닦아낸 피부에 적당량 취해 고르게 펴 바릅니다.', '화장품제조업자,화장품책임판매업자 및 맞춤형화장품판매업자 (주)셀렙 / (주)앱솔브랩', '제조국 대한민국', '화장품법에 따라 기재해야 하는 모든 성분 노니열매추출물(71.77%), 부틸렌글라이콜, 프로판다이올, 글리세린, 1,2-헥산다이올, 다이에톡시에틸석시네이트, 글리세릴아크릴레이트/아크릴릭애씨드코폴리머, 노니씨오일(1ppm), 세라마이드엔피, 올리브오일, 시어버터, 스쿠알란, 로즈마리잎오일, 인도멀구슬나무잎추출물, 인도멀구슬나무꽃추출물, 카카오추출물, 덱스트린, 피토스핑고신, 콜레스테롤, 소듐하이알루로네이트, 하이드로제네이티드레시틴, C12-13파레스-9, 소듐폴리아크릴로일다이메틸타우레이트, 카프릴릭/카프릭트라이글리세라이드, 정제수, 알란토인, 아데노신, 다이소듐이디티에이, 클로페네신', '기능성 화장품 식품의약품안전처 심사필 여부 화장품법에 따른 기능성 화장품 심사(또는 보고)를 필함', '사용할 때의 주의사항 가. 화장품 사용 시 또는 사용 후 직사광선에 의하여 사용부위가 붉은 반점, 부어오름 또는 가려움증 등의 이상 증상이나 부작용이 있는 경우에는 전문의 등과 상담할 것', '나. 상처가 있는 부위 등에는 사용을 자제할 것', '다. 보관 및 취급 시 주의사항', '1) 어린이의 손이 닿지 않는 곳에 보관할 것', '2) 직사광선을 피해서 보관할 것', '품질보증기준 본 제품은 공정거래위원회고시 소비자분쟁해결 기준에 의거 교환 또는 보상 받을 수 있습니다.', '소비자상담 전화번호 1670-7331']","['./prdimgs/page_22_prd_18_thumb1.jpg', './prdimgs/page_22_prd_18_thumb2.jpg']"
수려한 진석류 얼티밋 앰플 기획세트(40ml+15 ml),수려한,"55,000","['내용물의 용량 또는 중량 [본품] 진석류 얼티밋 앰플 40ml [증정] 진석류 얼티밋 앰플15 ml', '제품 주요 사양 모든피부용', '사용기한(또는 개봉 후 사용기간) 개봉전 제조일로부터 36개월, 유통기한 개봉후 12개월', '사용방법 1. 스킨 사용 후 2~3회 펌핑하여 볼, 이마, 코, 턱 순서로 부드럽게 펴 바르고, 손가락으로 주름과 탄력이 고민되는 부위를 가볍게 두드리며 흡수시킵니다.', '화장품제조업자,화장품책임판매업자 및 맞춤형화장품판매업자 제조업자 : 엘지생활건강 / 책임판매업자 : 엘지생활건강', '제조국 대한민국', '화장품법에 따라 기재해야 하는 모든 성분 석류수(64.94 %), 부틸렌글라이콜, 정제수, 글리세린, 나이아신아마이드, 1,2-헥산다이올, 프로판다이올, 하이드록시에틸셀룰로오스, 알지닌, 카보머, 피이지-40하이드로제네이티드캐스터오일, 세린, 알란토인, 마데카소사이드, 프로폴리스추출물, 변성알코올, 아데노신, 소듐하이알루로네이트, 엑토인, 석류추출물(188.694 ppm), 베타-글루칸, 하이드록시프로필트라이모늄하이알루로네이트, 이눌린, 카프릴릭/카프릭트라이글리세라이드, 시트릭애씨드, 하이드롤라이즈드콜라겐, 카프릴릴/카프릴글루코사이드, 아스코빅애씨드, 글루코노락톤, 더덕뿌리추출물, 무화과추출물, 레몬밤잎추출물, 귤껍질추출물, 하이드롤라이즈드엘라스틴, 락토바실러스/석류발효추출물(5 ppm), 소듐코코일글루타메이트, 락토바실러스/인삼뿌리발효여과물, 비타민나무열매오일, 해바라기씨오일, 글리세릴카프릴레이트, 폴리글리세릴-6올리에이트, 잇꽃씨오일, 검정콩오일, 코튼씨오일, 아마씨오일, 소듐클로라이드, 소듐서팩틴, 소듐바이카보네이트, 효모추출물, 녹차오일, 살구씨오일, 글루코오스, 포타슘클로라이드, 소듐포스페이트, 라이신에이치씨엘, 소듐파이루베이트, 아이소류신, 류신, 타이로신, 트레오닌, 발린, 알지닌에이치씨엘, 페닐알라닌, 시스틴, 칼슘클로라이드, 히스티딘에이치씨엘, 글라이신, 메티오닌, 모란가지/꽃/잎추출물, 트립토판, 이노시톨, 폴릭애씨드, 피리독신에이치씨엘, 티아민에이치씨엘, 리보플라빈, 트라이소듐이디티에이, 향료, 리모넨, 리날룰, 벤질살리실레이트', '기능성 화장품 식품의약품안전처 심사필 여부 화장품법에 따른 기능성 화장품 심사(또는 보고)를 필함', '사용할 때의 주의사항 1) 화장품 사용 시 또는 사용 후 직사광선에 의하여 사용부위가 붉은 반점,부어오름 또는 가려움증 등의 이상 증상이나 부작용이 있는 경우 전문의 등과 상담할 것', '2) 상처가 있는 부위 등에는 사용을 자제할 것', '3) 보관 및 취급 시의 주의사항', '가) 어린이의 손이 닿지 않는 곳에 보관할 것', '나) 직사광선을 피해서 보관할 것', '품질보증기준 본 상품에 이상이 있을 경우 공정거래위원회 고시""소비자분쟁해결기준""에 의해 보상해 드립니다.', '소비자상담 전화번호 고객상담실 : 080-023-7007(수신자요금부담)']",['./prdimgs/page_22_prd_19_thumb1.jpg']
유세린 하이알루론 3X 어드벤스드 AOX 에센스 30ml,유세린,"48,000","['내용물의 용량 또는 중량 30ml', '제품 주요 사양 모든 피부용', ""사용기한(또는 개봉 후 사용기간) 제조일로부터 30개월 이내 사용(상품에는 '제품 사용 기한' 표기)"", '사용방법 매일 아침 저녁, 토너 사용 후 세럼 및 에센스 단계에서 적당량을 얼굴에 부드럽게 펴 바르고 피부 타입에 따라 크림 혹은 에멀젼으로 마무리해줍니다.', '화장품제조업자,화장품책임판매업자 및 맞춤형화장품판매업자 해외제조원: Beiersdorf Manufacturing Poznan Sp. Z o. o. ul. Gnieznienska 32, 61-021 Poznan, Poland / 책임판매업자: 바이어스도르프 코리아(유) 서울시 영등포구 국제금융로 10 Two IFC 17층', '제조국 폴란드', '화장품법에 따라 기재해야 하는 모든 성분 [AOX 에센스]', '정제수,변성알코올,글리세린,락틱애씨드,글라이콜릭애씨드,소듐하이드록사이드,소듐하이알루로네이트,피이지-40하이드로제네이티드캐스터오일,트라이소듐이디티에이,향료,시트릭애씨드,글루코실루틴,소듐아스코빌포스페이트,아이소쿼시트린', '', '기능성 화장품 식품의약품안전처 심사필 여부 해당사항 없음', '사용할 때의 주의사항 1. 공통사항', '가. 화장품 사용 시 또는 사용 후 직사광선에 의하여 사용부위가 붉은 반점, 부어 오름 또는 가려움증 등의 이상 증상이나 부작용이 있는 경우에는 전문의 등과 상담할 것', '나. 상처가 있는 부위 등에는 사용을 자제할 것', '다. 보관 및 취급 시 주의사항', '1) 어린이의 손이 닿지 않는 곳에 보관할 것', '2) 직사광선을 피해서 보관할 것', '', '2. 그 밖에 화장품의 안전정보와 관련하여 화장품의 유형별ㆍ함유 성분별로 식품의약품안전처장이 정하여 고시하는 사항', '품질보증기준 본 제품은 공정거래위원회 고시 소비자분쟁 해결 기준에 의거하여 교환 또는 보상 받으실 수 있습니다.', '본 제품은 독일 Beiersdorf 사의 엄격한 시험결과에 준하여 적정조건에서 보관 시 최적의 품질을 보증합니다.', '소비자상담 전화번호 (전국) 080-219-1900']",['./prdimgs/page_22_prd_20_thumb1.jpg']
라네즈 워터뱅크 블루히알루로닉 세럼 50mL,라네즈,"45,000","['내용물의 용량 또는 중량 50ml', '제품 주요 사양 모든피부', '사용기한(또는 개봉 후 사용기간) 개봉전 36개월, 개봉후 12개월', '사용방법 얼굴에 적당량을 도톰하게 펴 발라줍니다', '화장품제조업자,화장품책임판매업자 및 맞춤형화장품판매업자 (주) 아모레퍼시픽', '제조국 대한민국', '화장품법에 따라 기재해야 하는 모든 성분 정제수, 부틸렌글라이콜, 다이프로필렌글라이콜, 글리세린, 스쿠알란, 1,2-헥산다이올, 암모늄아크릴로일다이메틸타우레이트/브이피코폴리머, 프로판다이올, 카보머, 세테아릴알코올, 트로메타민, 폴리글리세릴-3메틸글루코오스다이스테아레이트, 덱스트린, 하이드로제네이티드레시틴, 에틸헥실글리세린, 향료, 글리세릴스테아레이트시트레이트, 다이소듐이디티에이, 베타인, 하이드롤라이즈드하이알루로닉애씨드(0.02%), 베타-글루칸, 자일리틸글루코사이드, 안하이드로자일리톨, 자일리톨, 락토바실러스발효용해물, 글루코오스, 토코페롤, 마그네슘클로라이드, 테트라데실아미노부티로일발릴아미노부티릭우레아트라이플루오로아세테이트, 미역추출물', '기능성 화장품 식품의약품안전처 심사필 여부 해당사항 없음', '사용할 때의 주의사항 1) 화장품 사용 시 또는 사용 후 직사광선에 의하여 사용부위가 붉은 반점, 부어오름 또는 가려움증 등의 이상 증상이나 부작용이 있는 경우 전문의등과 상담할 것', '2) 상처가 있는 부위 등에는 사용을 자제할 것', '3) 보관 및 취급 시의 주의사항', '가) 어린이의 손이 닿지 않는 곳에 보관할 것', '나) 직사광선을 피해서 보관할 것', '품질보증기준 본 제품에 이상이 있을 경우 공정거래위원회 고시 소비자분쟁해결 기준에 의거 보상해드립니다.', '소비자상담 전화번호 고객서비스센터 080-023-5454']","['./prdimgs/page_22_prd_21_thumb1.jpg', './prdimgs/page_22_prd_21_thumb2.jpg', './prdimgs/page_22_prd_21_thumb3.jpg', './prdimgs/page_22_prd_21_thumb4.jpg']"
[단독기획] 라네즈 워터뱅크 블루히알루로닉 세럼 50mL 기획(+25ml),라네즈,"45,000","['내용물의 용량 또는 중량 50ml(+25ml 증정)', '제품 주요 사양 모든 피부', '사용기한(또는 개봉 후 사용기간) 개봉 전 36개월. 개봉 후 12개월 이내 사용', '사용방법 얼굴에 적당량을 도톰하게 펴 발라줍니다', '화장품제조업자,화장품책임판매업자 및 맞춤형화장품판매업자 (주) 아모레퍼시픽', '제조국 대한민국', '화장품법에 따라 기재해야 하는 모든 성분 정제수, 부틸렌글라이콜, 다이프로필렌글라이콜, 글리세린, 스쿠알란, 1,2-헥산다이올, 암모늄아크릴로일다이메틸타우레이트/브이피코폴리머, 프로판다이올, 카보머, 세테아릴알코올, 트로메타민, 폴리글리세릴-3메틸글루코오스다이스테아레이트, 덱스트린, 하이드로제네이티드레시틴, 에틸헥실글리세린, 향료, 글리세릴스테아레이트시트레이트, 다이소듐이디티에이, 베타인, 하이드롤라이즈드하이알루로닉애씨드(0.02%), 베타-글루칸, 자일리틸글루코사이드, 안하이드로자일리톨, 자일리톨, 락토바실러스발효용해물, 글루코오스, 토코페롤, 마그네슘클로라이드, 테트라데실아미노부티로일발릴아미노부티릭우레아트라이플루오로아세테이트, 미역추출물', '기능성 화장품 식품의약품안전처 심사필 여부 해당사항 없음', '사용할 때의 주의사항 1. 화장품 사용 시 또는 사용 후 직사광선에 의하여 사용부위가 붉은 반점, 부어오름 또는 가려움증 등의 이상 증상이나 부작용이 있는 경우 전문의 등과 상담하십시오', '2. 상처가 있는 부위 등에는 사용을 자제하여 주십시오', '3. 보관 및 취급 시의 주의사항', '가) 어린이의 손이 닿지 않는 곳에 보관하십시오.', '나) 직사광선을 피해서 보관하여 주십시오.', '품질보증기준 본 제품에 이상이 있을 경우 공정거래위원회 고시 소비자분쟁해결기준에 의거 보상해 드립니다.', '소비자상담 전화번호 080-023-5454(수신자 요금부담) 운영시간 : 09:00 ~ 18:00 (점심시간 제외, 12~13시) (주말, 공휴일 제외)']","['./prdimgs/page_22_prd_22_thumb1.jpg', './prdimgs/page_22_prd_22_thumb2.jpg', './prdimgs/page_22_prd_22_thumb3.jpg', './prdimgs/page_22_prd_22_thumb4.jpg']"
[한정기획] 구달 청귤 비타C 잡티케어 세럼 50ml+31ml 증정 기획,구달,"43,000","['내용물의 용량 또는 중량 [본품] 50ml [증정] 31ml', '제품 주요 사양 모든피부', '사용기한(또는 개봉 후 사용기간) 개봉 전 : 36개월 / 개봉 후 : 12개월', '사용방법 크림 사용 전 1~2회 펌핑하여 얼굴 전체에 부드럽게 펴 발라 줍니다.', '화장품제조업자,화장품책임판매업자 및 맞춤형화장품판매업자 코스맥스㈜/㈜클리오', '제조국 대한민국', '화장품법에 따라 기재해야 하는 모든 성분 탄제린추출물(70%), 부틸렌글라이콜, 나이아신아마이드, 다이프로필렌글라이콜, 메틸글루세스-20, 정제수, 1,2-헥산다이올, 글리세레스-26, 알부틴, 아이리쉬모스추출물, 사탕수수추출물, 하이드롤라이즈드호호바에스터, 소듐하이알루로네이트, 베르가모트오일, 인도멀구슬나무꽃추출물, 홀리바질잎추출물, 인도멀구슬나무잎추출물, 울금뿌리추출물, 참산호말추출물, 라벤더오일, 레몬껍질오일, 일랑일랑꽃오일, 오렌지껍질오일, 유칼립투스잎추출물, 감초뿌리추출물, 캐모마일꽃추출물, 녹차추출물, 병풀추출물, 로즈마리잎추출물, 호장근뿌리추출물, 병풀잎추출물, 암모늄아크릴로일다이메틸타우레이트/브이피코폴리머, 판테놀, 콜레스-24, 트로메타민, 에틸헥실글리세린, 알란토인, 토코페릴아세테이트, 아데노신, 소듐파이테이트, 아스코빌글루코사이드, 다이포타슘글리시리제이트, 글리세린, 마데카소사이드, 말토덱스트린, 사카라이드하이드롤리세이트, 토코페롤, 아시아티코사이드, 카보머, 잔탄검, 리모넨, 리날룰', '기능성 화장품 식품의약품안전처 심사필 여부 화장품법에 따른 기능성 화장품 심사(또는 보고)를 필함', '사용할 때의 주의사항 1) 화장품 사용 시 또는 사용 후 직사광선에 의하여 사용부위가 붉은 반점, 부어오름 또는 가려움증 등의 이상 증상이나 부작용이 있는 경우에는 전문의 등과 상담할 것', '2) 상처가 있는 부위 등에는 사용을 자제할 것', '3) 보관 및 취급 시 주의사항 가) 어린이의 손이 닿지 않는 곳에 보관할 것 나) 직사광선을 피해서 보관할 것', ""품질보증기준 본 제품에 이상이 있을 경우 공정거래위원회 고시 '소비자분쟁해결기준'에 의거 보상해드립니다."", '소비자상담 전화번호 080-080-1510']","['./prdimgs/page_22_prd_23_thumb1.jpg', './prdimgs/page_22_prd_23_thumb2.jpg', './prdimgs/page_22_prd_23_thumb3.jpg', './prdimgs/page_22_prd_23_thumb4.jpg', './prdimgs/page_22_prd_23_thumb5.jpg', './prdimgs/page_22_prd_23_thumb6.jpg']"
[리뷰이벤트/단독 기획] 나인위시스 하이드라 크림 앰플 더블 기획 (30ml+30ml),나인위시스,"21,900","['내용물의 용량 또는 중량 30ml*2EA (본품/증정품)', '제품 주요 사양 모든 피부 타입', '사용기한(또는 개봉 후 사용기간) 제조일로부터 3년', '사용방법 스포이드로 적당량을 취해 흡수될 때까지 가볍게 두드려줍니다', '화장품제조업자,화장품책임판매업자 및 맞춤형화장품판매업자 (주)코테온 / (주)나인위시스', '제조국 대한민국', '화장품법에 따라 기재해야 하는 모든 성분 -하이드라 크림앰플(30ml)', '코코넛야자열매수,부틸렌글라이콜,글리세린,정제수,카프릴릭/카프릭트라이글리세라이드,폴리글리세릴-10스테아레이트,소듐하이 알루로네이트,바오밥나무씨추출물,펜타에리스리틸테트라에틸헥사노에이트,세테아릴알코올,알로에베라잎추출물,시어버터,1,2-헥산다이올,접시꽃추출물,드럼스틱씨오일,비피다발효여과물,락토코쿠스발효물,락토바실러스발효물,자이언트켈프추출물,하이알루로닉애씨드,하이드록시프로필트라이모늄하이알루로네이트,하이드롤라이즈드하이알루로닉애씨드,하이드롤라이즈드소듐하이알루로네이트,소듐아세틸레이티드하이알루로네이트,하이드롤라이즈드글라이코사미노글리칸,소듐하이알루로네이트크로스폴리머,다이메틸실란올하이알루로네이트,포타슘하이알루로네이트,카프릴릴글라이콜,펜틸렌글라이콜,스페인감초뿌리추출물,루이보스추출물,카보머,알지닌,하이드로제네이티드레시틴,잔탄검,알란토인,다이포타슘글리시리제이트,에틸헥실글리세린,소엽잎추출물,몰약수지추출물,모하비유카뿌리추출물', '기능성 화장품 식품의약품안전처 심사필 여부 해당사항 없음', '사용할 때의 주의사항 1) 화장품 사용 시 또는 사용 후 직사광선에 의하여 사용부위가 붉은 반점, 부어오름 또는 가려움증 등의 이상 증상이나 부작용이 있는 경우 전문의 등과 상담할 것', '2) 상처가 있는 부위 등에는 사용을 자제할 것', '3) 보관 및 취급 시의 주의사항', '가) 어린이의 손이 닿지 않는 곳에 보관할 것', '나) 직사광선을 피해서 보관할 것', '품질보증기준 본 제품은 공정거래위원회고시 소비자분쟁해결 기준에 의거 교환 또는 보상 받을 수 있습니다.', '소비자상담 전화번호 1522-2393']","['./prdimgs/page_23_prd_0_thumb1.jpg', './prdimgs/page_23_prd_0_thumb2.jpg', './prdimgs/page_23_prd_0_thumb3.jpg', './prdimgs/page_23_prd_0_thumb4.jpg']"
코스알엑스 더 나이아신아마이드 15 세럼 20ml,코스알엑스,"23,000","['내용물의 용량 또는 중량 20ml', '제품 주요 사양 모든 피부 사용', '사용기한(또는 개봉 후 사용기간) 상품 발송일 기준으로 사용기한이 18개월 이상 남아있는 제품부터 순차적으로 판매 (제조일로부터 36개월 / 개봉 후 12개월 이내 사용 권장)', '사용방법 세안 후 세럼 단계에서 적당량을 얼굴에 떨어뜨려 손가락 끝으로 얼굴에 떨어뜨려 손가락 끝으로 얼굴 안쪽에서 바깥쪽으로 롤링하며 흡수시킵니다.', '화장품제조업자,화장품책임판매업자 및 맞춤형화장품판매업자 (주)엔코스/(주)코스알엑스', '제조국 대한민국', '화장품법에 따라 기재해야 하는 모든 성분 정제수,펜틸렌글라이콜,나이아신아마이드,부틸렌글라이콜,아세틸글루코사민,1,2-헥산다이올,징크피씨에이,트레할로오스,잔탄검,풀루란,알란토인,에틸헥실글리세린,소듐파이테이트,시트릭애씨드,토코페롤', '기능성 화장품 식품의약품안전처 심사필 여부 해당사항 없음', '사용할 때의 주의사항 1. 화장품 사용 시 또는 사용 후 직사광선에 의하여 사용부위가 붉은 반점, 부어오름 또는 가려움증 등의 이상 증상이나 부작용이 있는 경우 전문의 등과 상담할 것', '2. 상처가 있는 부위 등에는 사용을 자제할 것', '3. 보관 및 취급 시 주의사항', '가) 어린이의 손이 닿지 않는 곳에 보관할 것', '나) 직사광선을 피해서 보관할 것', '품질보증기준 본 제품에 이상이 있을 경우 공정거래위원회 고시”소비자분쟁해결기준”에 의해 보상해 드립니다.', '소비자상담 전화번호 고객서비스센터 031-714-9488 / 카카오플러스친구 (ID : 코스알엑스)']","['./prdimgs/page_23_prd_1_thumb1.jpg', './prdimgs/page_23_prd_1_thumb2.jpg', './prdimgs/page_23_prd_1_thumb3.jpg']"
[차예련 PICK] 리쥬란 힐러 턴오버 앰플 듀얼 이펙트 30ml,리쥬란,"59,000","['내용물의 용량 또는 중량 30ml', '제품 주요 사양 모든 피부타입', '사용기한(또는 개봉 후 사용기간) 제조일로부터 30개월 이내', '사용방법 step1. 세안 후 토너 등으로 피부 결을 전동해 수분 바탕을 만들어줍니다. step2. 리쥬란 힐러 턴오버 앰플 듀얼 이펙트의 뚜껑을 연 후 버튼을 눌러 유리관으로 앰플이 적당량 올라올 수 있게 해줍니다. step3. 피부 결을 따라 부드럽게 펴 바른 후 가볍게 두드려 흡수시켜줍니다. step4. 자연스러운 광채와 더 길어진 보습 영양감을 느껴보세요.', '화장품제조업자,화장품책임판매업자 및 맞춤형화장품판매업자 ㈜파마리서치 프로덕트/㈜파마리서치', '제조국 대한민국', '화장품법에 따라 기재해야 하는 모든 성분 서양산딸기잎추출물, 스페인감초뿌리추출물, 포트마리골드꽃추출물, 알로에베라잎즙, 로우스위트블루베리추출물, 검은뽕나무열매추출물, 알부틴, 부틸렌글라이콜, 글리세린, 폴리솔베이트20, 하이드롤라이즈드디엔에이, 제로틴/하이드롤라이즈드디엔에이, 소듐하이알루로네이트, 카보머, 잔탄검, 아데노신, 토코페릴아세테이트, 나이아신아마이드, 비사보롤, 피이지-6, 정제수, 카프릴릴글라이콜, 에틸헥실글리세린, 헥실렌글라이콜, 1,2-헥산다이올, 다이프로필렌글라이콜, 소듐클로라이드, 트레할로오스, 우레아, 세린, 펜틸렌글라이콜, 글리세릴폴리아크릴레이트, 알진, 풀루란, 다이소듐포스페이트, 포타슘포스페이트, 스쿠알란, 하이드로제네이티드레시틴, 세라마이드엔피, 올레익애씨드, 이눌린라우릴카바메이트,', '기능성 화장품 식품의약품안전처 심사필 여부 화장품법에 따른 기능성 화장품 심사(또는 보고)를 필함', '사용할 때의 주의사항 1) 화장품 사용 시 또는 사용 후 직사광선에 의하여 사용부위가 붉은 반점,부어오름 또는 가려움증 등의 이상 증상이나 부작용이 있는 경우에는 전문의 등과 상담할 것 2) 상처가 있는 부위 등에는 사용을 자제할 것 3) 보관 및 취급 시 주의사항 가) 어린이의 손이 닿지 않는 곳에 보관할 것 나) 직사광선을 피해서 보관할 것.', ""품질보증기준 본 제품에 이상이 있을 경우 공정거래위원회 고시 '소비자분쟁 해결기준'에 의거 보상해 드립니다."", '소비자상담 전화번호 031-8039-1500']","['./prdimgs/page_23_prd_2_thumb1.jpg', './prdimgs/page_23_prd_2_thumb2.jpg', './prdimgs/page_23_prd_2_thumb3.jpg']"
[단독기획] 구달 맑은 어성초 진정 수분 세럼 50ml 기획(+토너 50ml+화장솜 10매 증정),구달,"24,000","['내용물의 용량 또는 중량 [본품] 수분 세럼 50ml [증정] 수분 토너 50ml + 화장솜 10매', '제품 주요 사양 모든 피부', '사용기한(또는 개봉 후 사용기간) [세럼] 개봉 전 36개월 / 개봉 후 12개월 [토너] 개봉 전 36개월 / 개봉 후 12개월', '사용방법 [세럼] 크림 사용 전 적당량을 덜어 피부에 골고루 펴 발라 줍니다.', '[토너] 세안 후 화장솜에 충분히 적셔 피부결을 따라 부드럽게 닦아내며 피부를 정돈시켜 줍니다.', '[화장솜] 화장솜 점선 부분을 컷팅하여 토너를 듬뿍 적신 후 진정이 필요한 부위에 올려두면 진정팩으로 사용 가능합니다.', '화장품제조업자,화장품책임판매업자 및 맞춤형화장품판매업자 [세럼,토너] 코스맥스(주)/(주)클리오 [화장솜] 동서위생(주)/(주)클리오', '제조국 대한민국', '화장품법에 따라 기재해야 하는 모든 성분 [수분 세럼]', ': 어성초추출물(=약모밀추출물, 81.9%), 글리세린, 메틸프로판다이올, 정제수, 다이프로필렌글라이콜, 글리세레스-26, 아이리쉬모스추출물, 사탕수수추출물, 자일리틸글루코사이드, 자일리톨, 오렌지껍질오일, 바질오일, 라벤더오일, 소듐하이알루로네이트, 하이드롤라이즈드하이알루로닉애씨드, 하이알루로닉애씨드, 부틸렌글라이콜, 하이드록시에틸우레아, 판테놀, 폴리글리세릴-10라우레이트, 1,2-헥산다이올, 아크릴레이트/C10-30알킬아크릴레이트크로스폴리머, 트로메타민, 안하이드로자일리톨, 카프릴릴글라이콜, 글루코오스, 소듐파이테이트, 알란토인, 하이드록시프로필트라이모늄하이알루로네이트, 소듐아세틸레이티드하이알루로네이트, 하이드롤라이즈드소듐하이알루로네이트, 소듐하이알루로네이트크로스폴리머, 포타슘하이알루로네이트, 잔탄검', '[수분 토너]', ':정제수, 어성초추출물(=약모밀추출물, 20%), 메틸프로판다이올, 펜틸렌글라이콜, 글리세린, 아이리쉬모스추출물, 사탕수수추출물, 바질오일, 오렌지껍질오일, 라벤더오일, 흰버드나무껍질추출물, 소듐하이알루로네이트, 하이드롤라이즈드하이알루로닉애씨드, 하이알루로닉애씨드, 폴리글리세릴-10라우레이트, 에틸헥실글리세린, 소듐시트레이트, 시트릭애씨드, 토코페롤, 1,2-헥산다이올, 하이드록시프로필트라이모늄하이알루로네이트, 소듐아세틸레이티드하이알루로네이트, 하이드롤라이즈드소듐하이알루로네이트, 소듐하이알루로네이트크로스폴리머, 포타슘하이알루로네이트, 잔탄검', '기능성 화장품 식품의약품안전처 심사필 여부 해당사항 없음', '사용할 때의 주의사항 [수분 세럼]', '1) 화장품 사용 시 또는 사용 후 직사광선에 의하여 사용부위가 붉은 반점, 부어오름 또는 가려움증 등의 이상 증상이나 부작용이 있는 경우에는 전문의 등과 상담할 것', '2) 상처가 있는 부위 등에는 사용을 자제할 것', '3) 보관 및 취급 시 주의사항 가) 어린이의 손이 닿지 않는 곳에 보관할 것 나) 직사광선을 피해서 보관할 것', '[수분 토너]', '1) 화장품 사용 시 또는 사용 후 직사광선에 의하여 사용부위가 붉은 반점, 부어오름 또는 가려움증 등의 이상 증상이나 부작용이 있는 경우에는 전문의 등과 상담할 것', '2) 상처가 있는 부위 등에는 사용을 자제할 것', '3) 보관 및 취급 시 주의사항 가) 어린이의 손이 닿지 않는 곳에 보관할 것 나) 직사광선을 피해서 보관할 것', '* 식물성 유래 성분이 함유되어 있어 아지랑이나 이물이 발생할 수 있으나 제품에는 이상이 없습니다.', ""품질보증기준 본 제품에 이상이 있을 경우 공정거래위원회 고시 '소비자분쟁해결기준'에 의거 보상해드립니다."", '소비자상담 전화번호 080-080-1510']","['./prdimgs/page_23_prd_3_thumb1.jpg', './prdimgs/page_23_prd_3_thumb2.jpg', './prdimgs/page_23_prd_3_thumb3.jpg', './prdimgs/page_23_prd_3_thumb4.jpg', './prdimgs/page_23_prd_3_thumb5.jpg']"
미구하라 울트라 화이트닝 퍼스트 에센스 오리진 120ml,미구하라,"39,000","['내용물의 용량 또는 중량 120ML', '제품 주요 사양 모든 피부', '사용기한(또는 개봉 후 사용기간) 제조일자로부터 30개월(개봉 후 6개월)', '사용방법 적당량을 취해 피부에 골고루 펴 바릅니다.', '화장품제조업자,화장품책임판매업자 및 맞춤형화장품판매업자 (주)뉴앤뉴/(주)겟뷰티', '제조국 대한민국', '화장품법에 따라 기재해야 하는 모든 성분 정제수, 글리세린, 1,2-헥산다이올, 나이아신아마이드, 베타인, 부틸렌글라이콜, 판테놀, 글리세레스-25피씨에이아이소스테아레이트, 잔탄검, 다이포타슘글리시리제이트, 맥아추출물, 자몽껍질오일, 소듐하이알루로네이트, 카프릴릭/카프릭트라이글리세라이드, 하이드롤라이즈드하이알루로닉애씨드, 베타-글루칸, 진흙버섯추출물, 카프릴릴글라이콜, 오렌지껍질오일, 소듐아세틸레이티드하이알루로네이트, 멕시칸주니퍼오일, 고수열매오일, 스피어민트잎오일, 락토바실러스/쌀발효물, 페퍼민트잎추출물, 노니열매추출물, 매실추출물, 사막장미잎세포추출물, 오이열매추출물, 병풀추출물, 녹차추출물, 키위추출물, 알로에잎추출물, 카룸 페트로셀리눔추출물, 케일잎추출물, 바오밥나무씨추출물, 티트리추출물, 아티초크잎추출물, 오죽잎추출물, 브루셀스프라우트추출물, 멜론추출물, 라임추출물, 효모베타-글루칸, 다시마추출물, 리모넨', '기능성 화장품 식품의약품안전처 심사필 여부 화장품법에 따른 기능성 화장품 심사(또는 보고)를 필함', '사용할 때의 주의사항 1) 화장품 사용 시 또는 사용 후 직사광선에 의하여 사용부위가 붉은 반점, 부어오름 또는 가려움증 등의 이상 증상이나 부작용이 있는 경우 전문의 등과 상담할 것.', '2) 상처가 있는 부위 등에는 사용을 자제할 것.', '3) 보관 및 취급 시의 주의사항', '가) 어린이의 손이 닿지 않는 곳에 보관할 것.', '나) 직사광선을 피해서 보관할 것.', '다) 눈 주위를 피하여 사용할 것.', '품질보증기준 공정거래위원회 고시 소비자 분쟁 해결 기준', '소비자상담 전화번호 미구하라 소비자상담실 1899-1238']",['./prdimgs/page_23_prd_4_thumb1.jpg']
허스텔러 리틀 드롭스 리벌스 데이 앰플 15ml,허스텔러,"28,000","['내용물의 용량 또는 중량 15ml', '제품 주요 사양 모든 피부용', '사용기한(또는 개봉 후 사용기간) 제조일로부터 30개월 / 개봉 후 12개월', '사용방법 적당량을 덜어 피부 결을 따라 부드럽게 펴 발라 줍니다.', '화장품제조업자,화장품책임판매업자 및 맞춤형화장품판매업자 코스맥스(주) / (주)더블유컨셉코리아', '제조국 대한민국', '화장품법에 따라 기재해야 하는 모든 성분 사탕무뿌리추출물, 글리세린, 프로판다이올, 베타인, 부틸렌글라이콜, 나이아신아마이드, 1,2-헥산다이올, 리치과피추출물, 푸시디움 코식네움발효여과물, 석류추출물, 라즈베리추출물, 토마토추출물, 클로렐라 불가리스추출물, 병풀추출물, 스쿠알란, 판테놀, 세라마이드엔피, 카카오씨추출물, 살비아오일, 불가리스쑥오일, 바질오일, 글루코오스, 폴리글리세릴-10라우레이트, 하이드로제네이티드레시틴, 다이에톡시에틸석시네이트, 프룩토올리고사카라이드, 프룩토오스, 트로메타민, 에틸헥실글리세린, 다이페닐다이메티콘, 아데노신, 트라이에틸헥사노인, 덱스트린, 소듐파이테이트, 사이아노코발아민, 다이프로필렌글라이콜, 펜틸렌글라이콜, 토코페롤, 카프릴릴/카프릴글루코사이드, 카프릴릭/카프릭트라이글리세라이드, 카보머, 잔탄검, 정제수', '기능성 화장품 식품의약품안전처 심사필 여부 화장품법에 따른 기능성 화장품 심사(또는 보고)를 필함', '사용할 때의 주의사항 가. 화장품 사용 시 또는 사용 후 직사광선에 의하여 사용부위가 붉은 반점, 부어오름 또는 가려움증 등의 이상 증상이나 부작용이 있는 경우에는 전문의 등과 상담할 것', '나. 상처가 있는 부위 등에는 사용을 자제할 것', '다. 보관 및 취급 시 주의사항', '1) 어린이의 손이 닿지 않는 곳에 보관할 것', '2) 직사광선을 피해서 보관할 것', '품질보증기준 본 제품은 공정거래위원회고시 소비자분쟁해결 기준에 의거 교환 또는 보상 받을 수 있습니다.', '소비자상담 전화번호 1833-2087']",['./prdimgs/page_23_prd_5_thumb1.jpg']
[단독기획/1+1] CKD 레티노콜라겐 저분자 300 퍼스트에센스 1+1 기획,CKD,"38,000","['내용물의 용량 또는 중량 150ml * 2ea', '제품 주요 사양 모든 피부용', '사용기한(또는 개봉 후 사용기간) 제조일로부터 36개월 / 개봉 후 12개월', '사용방법 스킨케어 첫 단계에서 화장솜에 적셔 피부결을 따라 부드럽게 흡수시키거나, 적당량을 손바닥에 덜어 피부에 두드리며 흡수시켜 줍니다.', '(*1회 1ml 사용 시 약 150회 사용 가능/ 개인의 사용량에 따라 다를수 있습니다.)', '화장품제조업자,화장품책임판매업자 및 맞춤형화장품판매업자 코스맥스(주) / 종근당건강(주)', '제조국 대한민국', '화장품법에 따라 기재해야 하는 모든 성분 클루이베르마이세스추출물(83.05%), 하이드롤라이즈드콜라겐', '추출물(50,600ppm), 글리세린, 1,2-헥산다이올, 나이아신아마이드,', '프로판다이올, 비피다발효용해물, 인도멀구슬나무꽃추출물, 인도멀', '구슬나무잎추출물, 울금뿌리추출물, 홀리바질잎추출물, 마카다미아씨', '오일, 참산호말추출물, 소듐하이알루로네이트, 레틴알(1,000ppb),', '하이드롤라이즈드하이알루로닉애씨드, 하이알루로닉애씨드, 정제수,', '다이에톡시에틸석시네이트, 부틸렌글라이콜, 소듐피씨에이, 아데노신,', '폴리쿼터늄-51, 카프릴릭/카프릭트라이글리세라이드, 하이드로제네이티드', '레시틴, 소듐하이알루로네이트크로스폴리머, 하이드롤라이즈드글라', '이코사미노글리칸, 글라이신, 콜레스테롤, 세린, 글루타믹애씨드,', '유채스테롤, 다이프로필렌글라이콜, 피이지-5레이프씨드스테롤,', '실리카, 벤질글라이콜, 아스파틱애씨드, 세테스-3, 세테스-5, 류신,', '알루미늄/마그네슘하이드록사이드스테아레이트, 토코페롤, 토코페릴', '아세테이트, 알라닌, 라이신, 알지닌, 타이로신, 페닐알라닌, 포타슘', '세틸포스페이트, 프롤린, 트레오닌, 발린, 아이소류신, 펜타에리스리틸', '테트라-다이-t-부틸하이드록시하이드로신나메이트, 히스티딘, 시스', '테인, 메티오닌, 펜틸렌글라이콜, 에틸헥실글리세린, 카프릴릴/카프릴', '글루코사이드, 멘틸피씨에이, 에틸멘탄카복사마이드, 세라마이드엔피,', '하이드롤라이즈드엘라스틴, 잔탄검, 다이소듐이디티에이', '기능성 화장품 식품의약품안전처 심사필 여부 화장품법에 따른 기능성 화장품 심사(또는 보고)를 필함', '사용할 때의 주의사항 가. 화장품 사용 시 또는 사용 후 직사광선에 의하여 사용부위가 붉은 반점, 부어오름 또는 가려움증 등의 이상 증상이나 부작용이 있는 경우에는 전문의 등과 상담할 것', '나. 상처가 있는 부위 등에는 사용을 자제할 것', '다. 보관 및 취급 시 주의사항', '1) 어린이의 손이 닿지 않는 곳에 보관할 것', '2) 직사광선을 피해서 보관할 것', '품질보증기준 본 제품은 공정거래위원회고시 소비자분쟁해결 기준에 의거 교환 또는 보상 받을 수 있습니다.', '소비자상담 전화번호 1855-3308']",['./prdimgs/page_23_prd_6_thumb1.jpg']
랩시리즈 데일리 레스큐 리페어 세럼 50ml,랩시리즈,"111,000","['내용물의 용량 또는 중량 50ml', '제품 주요 사양 모든 피부 타입용', '사용기한(또는 개봉 후 사용기간) 제조일로부터 36개월', '사용방법 매일 아침과 저녁, 세안 후 워터 로션으로 피부결을 정돈한 뒤 얼굴과 목 주위에 부드럽게 발라줍니다.', '화장품제조업자,화장품책임판매업자 및 맞춤형화장품판매업자 랩시리즈/이엘씨에이한국(유)', '제조국 영국', '화장품법에 따라 기재해야 하는 모든 성분 데일리 레스큐 리페어 세럼 : 정제수 , 부틸렌글라이콜 , 비스-피이지-18메칠에텔디메칠실란 , 변성알코올 , 바이오사카라이드검-1 , 피이지-6 , 글리세린 , 아세틸헥사펩타이드-8 , 희첨추출물 , 플랑크톤추출물 , 갈조추출물 , 락토바실러스발효물 , 마이크로코쿠스용해물 , 효모추출물 , 황금추출물 , 블랙멀베리뿌리추출물 , 구기자추출물 , 아세틸글루코사민 , 덩굴월귤열매추출물 , 블루베리추출물 , 포도추출물 , 녹차추출물 , 아미노프로필아스코빌포스페이트 , 에르고치오네인 , 바이오사카라이드검-4 , 토코페릴아세테이트 , 카페인 , 나일론-12 , 트레할로스 , 소듐하이알루로네이트 , 슈크로오스 , 폴리소르베이트20 , 피이지-11메칠에텔디메치콘 , 잔탄검 , 향료 , 레시틴 , 암모늄아크릴로일디메칠타우레이트/브이피코폴리머 , 시트릭애씨드 , 실리카 , 디소듐이디티에이 , 비에이치티 , 페녹시에탄올 [ILN41645] *제공된 성분은 동일 제품이라도 경우에 따라 변경될 수 있습니다. 최신정보는 제품 포장의 성분을 참고하시거나 본사 고객관리지원팀으로 연락 부탁 드립니다.', '기능성 화장품 식품의약품안전처 심사필 여부 화장품법에 따른 기능성 화장품 심사(또는 보고)를 필함', '사용할 때의 주의사항 1) 화장품 사용 시 또는 사용 후 직사광선에 의하여 사용부위가 붉은 반점, 부어오름 또는 가려움증 등의 이상 증상이나 부작용이 있는 경우 전문의 등과 상담할 것2) 상처가 있는 부위 등에는 사용을 자제할 것3) 보관 및 취급 시의 주의사항 가) 어린이의 손이 닿지 않는 곳에 보관할 것 나) 직사광선을 피해서 보관할 것', '품질보증기준 관련법 및 소비자분쟁해결기준에 따름', '소비자상담 전화번호 랩 시리즈 고객관리지원팀 : 02-6971-3224']",['./prdimgs/page_23_prd_7_thumb1.jpg']
[주름탄력] 넘버즈인 4번 탱글푸딩 콜라겐 73% 세럼 50ml,넘버즈인,"30,000","['내용물의 용량 또는 중량 50ml', '제품 주요 사양 모든 피부 용', '사용기한(또는 개봉 후 사용기간) 제조일로부터 24개월 / 개봉 후 12개월', '사용방법 본 품 적당량을 덜어 피부결을 따라 부드럽게 펴바른 후, 가볍게 두드려 흡수시킵니다.', '화장품제조업자,화장품책임판매업자 및 맞춤형화장품판매업자 삼성메디코스(주) / (주)비나우', '제조국 대한민국', '화장품법에 따라 기재해야 하는 모든 성분 콜라겐추출물, 부틸렌글라이콜, 정제수, 1,2-헥산다이올, 글리세린, 글리세레스-26, 나이아신아마이드, 피이지-240/에이치디아이코폴리머비스-데실테트라데세스-20에터, 카프릴릭/카프릭트라이글리세라이드, 메틸프로판다이올, 폴리글리세릴-3메틸글루코오스다이스테아레이트, 하이드록시에틸우레아, 셀룰로오스검, 다이카프릴릴에터, 카프릴릴메티콘, 글리세릴폴리메타크릴레이트, 글리세릴스테아레이트, 장미추출물, 포도주추출물, 수크로오스, 아데노신, 다이소듐이디티에이, 미네랄솔트, 소듐하이알루로네이트, 포타슘라우레이트, 토코페롤, 포타슘하이알루로네이트, 에틸헥실글리세린, 하이드롤라이즈드엘라스틴, 향료, 하이드롤라이즈드케라틴, 하이드롤라이즈드실크, 하이알루로닉애씨드, 하이드롤라이즈드하이알루로닉애씨드, 소듐아세틸레이티드하이알루로네이트, 하이드록시프로필트라이모늄하이알루로네이트, 소듐하이알루로네이트크로스폴리머, 다이메틸실란올하이알루로네이트, 카프릴릴글라이콜, 하이드로제네이티드레시틴, 소듐포스페이트, 팔미토일트라이펩타이드-5, 아세틸헥사펩타이드-8, 올리고펩타이드-3이드-5, 아세틸헥사펩타이드-8, 올리고펩타이드-3', '기능성 화장품 식품의약품안전처 심사필 여부 화장품법에 따른 기능성 화장품 심사(또는 보고)를 필함', '사용할 때의 주의사항 가. 화장품 사용 시 또는 사용 후 직사광선에 의하여 사용부위가 붉은 반점, 부어오름 또는 가려움증 등의 이상 증상이나 부작용이 있는 경우에는 전문의 등과 상담할 것 나. 상처가 있는 부위 등에는 사용을 자제할 것 다. 보관 및 취급 시 주의사항 1) 어린이의 손이 닿지 않는 곳에 보관할 것 2) 직사광선을 피해서 보관할 것', '품질보증기준 본 제품에 이상이 있을 경우, 공정거래위원회 고시 소비자 분쟁해결기준에 의거 보상해 드립니다.', '소비자상담 전화번호 넘버즈인 고객상담센터 080-850-7771']","['./prdimgs/page_23_prd_8_thumb1.jpg', './prdimgs/page_23_prd_8_thumb2.jpg', './prdimgs/page_23_prd_8_thumb3.jpg', './prdimgs/page_23_prd_8_thumb4.jpg', './prdimgs/page_23_prd_8_thumb5.jpg']"
리얼베리어 아쿠아 수딩 앰플 30ml 1+1 기획 (30ml+30ml),리얼베리어,"26,000","['내용물의 용량 또는 중량 30ml*2', '제품 주요 사양 모든피부용', '사용기한(또는 개봉 후 사용기간) 개봉 전 제조일로부터 36개월간, 개봉 후에는 12개월 이내', '사용방법 적당량을 덜어 피부결을 따라 얼굴 전체에 부드럽게 펴 발라 흡수시켜 줍니다', '화장품제조업자,화장품책임판매업자 및 맞춤형화장품판매업자 (주)네오팜/(주)네오팜', '제조국 대한민국', '화장품법에 따라 기재해야 하는 모든 성분 정제수, 다이프로필렌글라이콜, 나이아신아마이드, 1,2-헥산다이올, 글리세린, 메틸글루세스-20, 하이드롤라 이즈드하이알루로닉애씨드, 아크릴레이트/C10-30알킬아 크릴레이트크로스폴리머, 알지닌, 알란토인, 판테놀, 소듐 하이알루로네이트, 아데노신, 펜틸렌글라이콜, 폴리글리세 릴-10라우레이트, 잔탄검, 인도멀구슬나무잎추출물, 인도멀 구슬나무꽃추출물, 캐모마일꽃추출물, 블루탄지꽃오일, 아줄렌, 마데카소사이드, 소듐하이알루로네이트크로스폴리 머, 아이비고드열매추출물, 자일리톨, 에리스리톨, 베르가 모트오일, 하이알루로닉애씨드, 가지열매추출물, 알로에 베라꽃추출물, 소듐아세틸레이티드하이알루로네이트, 하이드록시프로필트라이모늄하이알루로네이트, 마스티키나 백리향꽃오일, 미리스토일/팔미토일옥소스테아라마이드 /아라카마이드엠이에이, 리놀레익애씨드, 피토스테롤, 병풀추출물, 홀리바질잎추출물, 리씨열매오일, 울금뿌리추출 물, 참산호말추출물, 하이드롤라이즈드소듐하이알루로네 이트, 하이드록시아세토페논', '기능성 화장품 식품의약품안전처 심사필 여부 화장품법에 따른 기능성 화장품 심사(또는 보고)를 필함', '사용할 때의 주의사항 1) 화장품 사용 시 또는 사용 후 직사광선에 의하여 사용부위가 붉은 반점,부어오름 또는 가려움증 등의 이상 증상이나 부작용이 있는 경우 전문의등과 상담할 것', '2) 상처가 있는 부위 등에는 사용을 자제할 것', '3) 보관 및 취급 시의 주의사항', '가) 어린이의 손이 닿지 않는 곳에 보관할 것', '나) 직사광선을 피해서 보관할 것', '품질보증기준 관련법 및 소비자분쟁해결 규정에 따름', '소비자상담 전화번호 080-500-0037']","['./prdimgs/page_23_prd_9_thumb1.jpg', './prdimgs/page_23_prd_9_thumb2.jpg']"
[모공에센스] 스킨푸드 로열허니 프로폴리스 인리치 포어 칠링 에센스 50ml,스킨푸드,"32,000","['내용물의 용량 또는 중량 50ml', '제품 주요 사양 모든피부', '사용기한(또는 개봉 후 사용기간) 36개월', '사용방법 적당량을 덜어 피부에 골고루 펴 바른 후 지그시 눌러 흡수시켜 줍니다.', '얼굴에 직접 떨어트리기보다는 손에 덜어 지그시 흡수시켜주세요.', '화장품제조업자,화장품책임판매업자 및 맞춤형화장품판매업자 (주)아이피어리스 / (주)스킨푸드', '제조국 대한민국', '화장품법에 따라 기재해야 하는 모든 성분 프로폴리스추출물, 프로판다이올, 사과추출물, 에탄올, 글리세린, 다이프로필렌글라이콜, 글루코노락톤, 1,2-헥산다이올, 꿀추출물, 로얄젤리추출물, 버지니아풍년화추출물, 트로메타민, 판테놀, 소듐시트레이트, 부틸렌글라이콜, 보검선인장줄기추출물, 정제수, 락토바실러스발효물, 효모발효물, 피피지-13-데실테트라데세스-24, 에틸헥실글리세린, 시트릭애씨드, 소듐파이테이트, 에난티아클로란타껍질추출물, 유칼립투스잎오일, 셀룰로오스검, 소듐하이알루로네이트, 로즈마리잎오일, 베타-글루칸, 살비아오일, 발삼아미리스껍질오일, 베르가모트오일, 해바라기씨오일, 클레리오일, 올레아놀릭애씨드, 카프릴릴글라이콜', '기능성 화장품 식품의약품안전처 심사필 여부 해당사항 없음', '사용할 때의 주의사항 1) 화장품 사용 시 또는 사용 후 직사광선에 의하여 사용부위가 붉은 반점, 부어오름 또는 가려움증 등의 이상 증상이나 부작용이 있는 경우 전문의 등과 상담할 것 2) 상처가 있는 부위 등에는 사용을 자제할 것 3) 보관 및 취급 시의 주의사항 가) 어린이의 손이 닿지 않는 곳에 보관할 것 나) 직사광선을 피해서 보관할 것 4) 눈 주위를 피하여 사용할 것', '품질보증기준 본 상품에 이상이 있을 경우, 공정거래위원회 고시 “소비자분쟁해결기준”에 의해 보상해 드립니다.', '소비자상담 전화번호 080-012-7878']","['./prdimgs/page_23_prd_10_thumb1.jpg', './prdimgs/page_23_prd_10_thumb2.jpg', './prdimgs/page_23_prd_10_thumb3.jpg']"
[단독기획] 아누아 자작나무 70 수분 부스팅 세럼 듀오 기획(30ml+30ml),아누아,"38,700","['내용물의 용량 또는 중량 30ml+30ml', '제품 주요 사양 모든 피부용.', '사용기한(또는 개봉 후 사용기간) 제조 후 36개월, 개봉 후 12개월', '사용방법 적당량을 덜어 피부에 골고루 펴 발라줍니다.', '화장품제조업자,화장품책임판매업자 및 맞춤형화장품판매업자 ㈜엔코스 / ㈜더파운더즈', '제조국 대한민국', '화장품법에 따라 기재해야 하는 모든 성분 자작나무수액(70%), 부틸렌글라이콜, 다이프로필렌글라이콜, 정제수, 글리세린, 다이글리세린, 1,2-헥산다이올, 트레할로오스, 하이드록시아세토페논, 카보머, 카프릴릴글라이콜, 트로메타민, 알란토인, 베타인, 오이열매추출물, 글리세릴아크릴레이트/아크릴릭애씨드코폴리머, 덱스트린, 치자추출물, 달맞이꽃추출물, 당느릅나무뿌리추출물, 바이오사카라이드검-1, 대왕송잎추출물, 판테놀, 칡뿌리추출물, 글루코노락톤, 다이포타슘글리시리제이트, 말라카이트추출물, 토코페롤, 소듐하이알루로네이트, 하이드록시프로필트라이모늄하이알루로네이트, 소듐아세틸레이티드하이알루로네이트, 하이드롤라이즈드하이알루로닉애씨드, 하이알루로닉애씨드, 소듐하이알루로네이트크로스폴리머, 하이드롤라이즈드소듐하이알루로네이트, 포타슘하이알루로네이트, 소듐파이테이트, 에틸헥실글리세린', '기능성 화장품 식품의약품안전처 심사필 여부 해당사항 없음', '사용할 때의 주의사항 1. 화장품 사용 시 또는 사용 후 직사광선에 의하여 사용 부위가 붉은 반점, 부어오름 또는 가려움증 등의 이상 증상이나 부작용이 있는 경우에는 전문의 등과 상담할 것.', '2. 상처가 있는 부위 등에는 사용을 자제할 것.', '3. 보관 및 취급 시 주의사항.', '가) 어린이의 손에 닿지 않는 곳에 보관할 것.', '나) 직사광선을 피해서 보관할 것.', '품질보증기준 본 상품에 이상이 있을 경우, 공정거래위원회 고시 [소비자 분쟁 해결 기준]에 의해 보상해드립니다.', '소비자상담 전화번호 1688-9407']","['./prdimgs/page_23_prd_11_thumb1.jpg', './prdimgs/page_23_prd_11_thumb2.jpg']"
피캄 포시카 앰플 30ml,피캄,"31,500","['내용물의 용량 또는 중량 30ml', '제품 주요 사양 모든 피부 사용 가능', '사용기한(또는 개봉 후 사용기간) 제조일로부터 36개월, 개봉 후 12개월 이내 사용 권장', '사용방법 본 품 적당량을 취해 피부에 골고루 펴 바른다.', '화장품제조업자,화장품책임판매업자 및 맞춤형화장품판매업자 (주)비앤비코리아 / (주)라이프위드코퍼레이션', '제조국 대한민국', '화장품법에 따라 기재해야 하는 모든 성분 병풀추출물(76.38%), 부틸렌글라이콜, 글리세린, 정제수, 프로판다이올, 1,2-헥산다이올, 나이아신아마이드, 다이프로필렌글라이콜,글리세레스-26, 카보머, 알지닌, 하이드록시에틸아크릴레이트/소듐아크릴로일다이메틸타우레이트코폴리머, 알란토인, 에틸헥실글리세린, 아데노신, 소듐하이알루로네이트, 다이소듐이디티에이, 폴리솔베이트60, 솔비탄아이소스테아레이트, 백미꽃추출물, 글리세릴아크릴레이트/아크릴릭애씨드코폴리머, 락토바실러스발효물, 하이드록시프로필트라이모늄하이알루로네이트, 포도추출물, 카프릴릭/카프릭트라이글리세라이드, 부시클로버잎/줄기추출물, 마카다미아씨오일, 감나무잎추출물, 에탄올, 호장근뿌리추출물, 커피콩추출물,잇꽃꽃추출물, 에필로비움 플레이스케리추출물, 하이드로제네이티드레시틴, 초피나무열매추출물, 밤껍질추출물, 녹차추출물, 폴리솔베이트20, 레티놀, 아시아티코사이드(0.0004%), 마데카식애씨드(0.0004%), 하이드롤라이즈드하이알루로닉애씨드, 유채스테롤, 소듐아세틸레이티드하이알루로네이트, 아시아틱애씨드(0.0002%), 콜레스테롤, 하이알루로닉애씨드, 세테스-5, 세테스-3, 토코페릴아세테이트, 알루미늄/마그네슘하이드록사이드스테아레이트, 하이드롤라이즈드소듐하이알루로네이트, 포타슘세틸포스페이트, 소듐하이알루로네이트크로스폴리머, 프로테아제, 파파인, 키토산, 시트릭애씨드, 브로멜라인, 리파아제, 포타슘하이알루로네이트', '기능성 화장품 식품의약품안전처 심사필 여부 화장품법에 따른 기능성 화장품 심사(또는 보고)를 필함', '사용할 때의 주의사항 1. 화장품 사용 시 또는 사용 후 직사광선에 의하여 사용 부위가 붉은 반점, 부어오름 또는 가려움증 등의 이상 증상이나 부작용이 있는 경우에는 전문의 등과 상담할 것', '2. 상처가 있는 부위 등에는 사용을 자제할 것', '3. 보관 및 취급 시 주의 사항 가) 어린 이의 손이 닿지 않는 곳에 보관할 것 나) 직사광선을 피해서 보관할 것', '품질보증기준 본 제품에 이상이 있을 경우 공정 거래 위원회 고시 ‘소비자분쟁해결기준’ 에 의해 교환 또는 보상해 드립니다.', '소비자상담 전화번호 070-8865-1306']",['./prdimgs/page_23_prd_12_thumb1.jpg']
허스텔러 리틀 드롭스 카밍 데이즈 앰플 30ml 기획,허스텔러,"34,000","['내용물의 용량 또는 중량 본품 30ml + 6ml 증정', '제품 주요 사양 모든 피부용', '사용기한(또는 개봉 후 사용기간) 제조일로부터 36개월 / 개봉 후 12개월', '사용방법 사용 전 흔들어 주시기 바랍니다.', '적당량을 덜어 피부 결을 따라 부드럽게 펴 발라줍니다.', '화장품제조업자,화장품책임판매업자 및 맞춤형화장품판매업자 코스맥스(주) / (주)더블유컨셉코리아', '제조국 대한민국', '화장품법에 따라 기재해야 하는 모든 성분 포트마리골드꽃추출물, 부틸렌글라이콜, 카프릴릭/카프릭트라이글리세라이드, 에탄올, 글리세린, 펜틸렌글라이콜, 호호바씨오일, 코코-카프릴레이트/카프레이트, 사과씨오일, 1,2-헥산다이올, 호프추출물, 울금뿌리추출물, 락토바실러스발효물, 인도멀구슬나무꽃추출물, 인도멀구슬나무잎추출물, 베르가모트오일, 라벤더오일, 아이비고드열매추출물, 홀리바질잎추출물, 한련초추출물, 참산호말추출물, 인도멀구슬나무껍질추출물, 드럼스틱씨오일 ,알로에베라꽃추출물, 가지열매추출물, 소듐클로라이드, 정제수, 에틸헥실글리세린, 옥탄다이올, 리놀레익애씨드, 토코페롤, 리놀레닉애씨드, 잔탄검, 리모넨, 리날룰', '기능성 화장품 식품의약품안전처 심사필 여부 해당사항 없음', '사용할 때의 주의사항 가. 화장품 사용 시 또는 사용 후 직사광선에 의하여 사용부위가 붉은 반점, 부어오름 또는 가려움증 등의 이상 증상이나 부작용이 있는 경우에는 전문의 등과 상담할 것', '나. 상처가 있는 부위 등에는 사용을 자제할 것', '다. 보관 및 취급 시 주의사항', '1) 어린이의 손이 닿지 않는 곳에 보관할 것', '2) 직사광선을 피해서 보관할 것', '품질보증기준 본 제품은 공정거래위원회고시 소비자분쟁해결 기준에 의거 교환 또는 보상 받을 수 있습니다.', '소비자상담 전화번호 1833-2087']","['./prdimgs/page_23_prd_13_thumb1.jpg', './prdimgs/page_23_prd_13_thumb2.jpg']"
디에이브 더마-테카 바이옴 세럼 50ml,디에이브,"30,000","['내용물의 용량 또는 중량 50ml 1.69 fl.oz.', '제품 주요 사양 모든 피부타입', '사용기한(또는 개봉 후 사용기간) 제조일로 부터 36개월 / 개봉 후 12개월', '사용방법 본 품 적당량을 취해 골고루 펴 바릅니다.', '화장품제조업자,화장품책임판매업자 및 맞춤형화장품판매업자 제조업자 : (주)엔코스 / 책임판매업자 : 주식회사 알앤티컴퍼니', '제조국 대한민국', '화장품법에 따라 기재해야 하는 모든 성분 정제수, 부틸렌글라이콜, 프로판다이올, 글리세린, 자작나무수액, 다이프로필렌글라이콜, 베타인, 베타-글루칸, 세라마이드엔피, 판테놀, 백미꽃추출물, 병풀추출물, 병풀잎추출물, 락토바실러스발효용해물, 락토코쿠스발효용해물, 비피다발효용해물, 마데카식애씨드, 아시아틱애씨드, 소듐하이알루로네이트, 나이아신아마이드, 1,2-헥산다이올, 아시아티코사이드, 글리세릴아크릴레이트/아크릴릭애씨드코폴리머, 인도멀구슬나무잎추출물, 인도멀구슬나무꽃추출물, 다이포타슘글리시리제이트, 아데노신, 하이드로제네이티드레시틴, 소듐폴리아크릴로일다이메틸타우레이트, 카프릴릴글라이콜, 글리세릴카프릴레이트, 하이드록시아세토페논, 다이소듐이디티에이', '기능성 화장품 식품의약품안전처 심사필 여부 화장품법에 따른 기능성 화장품 심사(또는 보고)를 필함', '사용할 때의 주의사항 1. 화장품 사용 시 또는 사용 후 직사광선에 의하여 사용 부위가 붉은 반점, 부어오름 또는 가려움증 등의 이상 증상이나 부작용이 있는 경우 전문의 등과 상담할 것 2. 상처가 있는 부위 등에는 사용을 자제할 것 3. 보관 및 취급 시의 주의사항 1) 어린이의 손이 닿지 않는 곳에 보관할 것 2) 직사광선을 피해서 보관할 것', '품질보증기준 본 제품에 이상이 있을 경우, 공정거래위원회 고시 소비자분쟁 해결 기준에 의거 교환 또는 보상을 받을 수 있습니다.', '소비자상담 전화번호 02-6052-2017']",['./prdimgs/page_23_prd_14_thumb1.jpg']
앰플엔 블레미샷 잡티앰플 50ml,앰플엔,"36,000","['내용물의 용량 또는 중량 50ml', '제품 주요 사양 모든 피부용', '사용기한(또는 개봉 후 사용기간) 제조일로부터 36개월, 개봉후 12개월', '사용방법 토너 다음 단계에서 적당량을 덜어 얼굴 전체에 마사지하듯 펴 발라 줍니다.', '화장품제조업자,화장품책임판매업자 및 맞춤형화장품판매업자 제조업자:㈜코리아나화장품, 책임판매업자:㈜코리아나화장품', '제조국 대한민국', '화장품법에 따라 기재해야 하는 모든 성분 정제수, 나이아신아마이드, 글리세린, 다이프로필렌글라이콜, 카프릴릭/카프릭트라이글리세라이드, 글루코노락톤, 프로판다이올, 아스코빌테트라이소팔미테이트, 아데노신, 카프릴로일살리실릭애씨드, 판테놀, 비파나무잎추출물, 마데카소사이드, 스피어민트추출물, 비타민나무열매추출물, 흑효모발효물, 헥실레조시놀, 베타인, 세테아릴올리베이트, 하이드록시에틸아크릴레이트/소듐아크릴로일다이메틸타우레이트코폴리머, 폴리아크릴레이트크로스폴리머-6, 솔비탄올리베이트, 카프릴릴글라이콜, 잔탄검, 트로메타민, 아크릴레이트/C10-30알킬아크릴레이트크로스폴리머, 1,2-헥산다이올, 글루코실루틴, 다이소듐이디티에이, 에틸헥실글리세린', '기능성 화장품 식품의약품안전처 심사필 여부 화장품법에 따른 기능성 화장품 심사(또는 보고)를 필함', '사용할 때의 주의사항 가. 화장품 사용 시 또는 사용 후 직사광선에 의하여 사용부위가 붉은 반점, 부어오름 또는 가려움증 등의 이상 증상이나 부작용이 있는 경우에는 전문의 등과 상담할 것', '나. 상처가 있는 부위 등에는 사용을 자제할 것', '다. 보관 및 취급 시 주의사항', '1) 어린이의 손이 닿지 않는 곳에 보관할 것', '2) 직사광선을 피해서 보관할 것', ""품질보증기준 본 제품에 이상이 있을 경우, 공정거래위원회 고시 '소비자분쟁해결기준'에 의거 보상해 드립니다."", '소비자상담 전화번호 080-022-5013']","['./prdimgs/page_23_prd_15_thumb1.jpg', './prdimgs/page_23_prd_15_thumb2.jpg', './prdimgs/page_23_prd_15_thumb3.jpg']"
미샤 타임 레볼루션 프라임스템100 리프팅 세럼 50ML,미샤,"52,000","['내용물의 용량 또는 중량 50ml', '제품 주요 사양 모든 피부', '사용기한(또는 개봉 후 사용기간) 발송일로부터 사용기한이 24개월 이상 남은 제품으로 발송 / 36개월', '사용방법 세럼 사용 단계에서 피부 결을 따라 부드럽게 펴 바른 후 유효성분이 흡수되도록 손바닥으로 얼굴을 감싸며 흡수시켜 줍니다.', '화장품제조업자,화장품책임판매업자 및 맞춤형화장품판매업자 코스맥스(주)/(주)에이블씨엔씨', '제조국 대한민국', '화장품법에 따라 기재해야 하는 모든 성분 에버라스팅꽃수, 정제수, 메틸프로판다이올, 글리세린, 베타인, 글리세레스-26, 메틸글루세스-20, 나이아신아마이드, 펜틸렌글라이콜, 아이리쉬모스추출물, 자일리틸글루코사이드, 사탕수수추출물, 안젤리카캘러스추출물, 자일리톨, 하이드롤라이즈드하이알루로닉애씨드, 아이비고드열매추출물, 한련초추출물, 카카오씨추출물, 메도우폼씨오일, 키라야타추출물, 폴리글리세릴-10라우레이트, 안하이드로자일리톨, 아크릴레이트/C10-30알킬아크릴레이트크로스폴리머, 트로메타민, 1,2-헥산다이올, 부틸렌글라이콜, 에틸헥실글리세린, 옥탄다이올, 아데노신, 바이오사카라이드검-1, 소듐파이테이트, 덱스트린, 베타-글루칸, 토코페롤, 하이드록시스테아릭애씨드, 말토덱스트린, 다이프로필렌글라이콜, 하이드로제네이티드레시틴, 폴리글리세릴-10올리에이트, 폴리글리세릴-3메틸글루코오스다이스테아레이트, 콜레스-24, 세라마이드엔피, 잔탄검, 향료', '기능성 화장품 식품의약품안전처 심사필 여부 화장품법에 따른 기능성 화장품 심사(또는 보고)를 필함', '사용할 때의 주의사항 1) 화장품 사용 시 또는 사용 후 직사광선에 의하여 사용부위가 붉은 반점, 부어오름 또는 가려움증 등의 이상 증상이나 부작용이 있는 경우에는 전문의 등과 상담할 것', '2) 상처가 있는 부위 등에는 사용을 자제할 것', '3) 보관 및 취급 시 주의사항', '가) 어린이의 손이 닿지 않는 곳에 보관할 것', '나) 직사광선을 피해서 보관할 것', ""품질보증기준 본 제품에 이상이 있을 경우 공정거래위원회 고시 '소비자분쟁해결기준'에 의하여 보상해 드립니다."", '소비자상담 전화번호 고객상담실 080-080-4936']",['./prdimgs/page_23_prd_16_thumb1.jpg']
[수분광채] 넘버즈인 6번 푹잠 마스크팩 세럼 50ml 기획(+1번 삼림욕팩 증정),넘버즈인,"30,000","['내용물의 용량 또는 중량 [본품] 50ml / [증정] 27g/1매', '제품 주요 사양 모든 피부 용', '사용기한(또는 개봉 후 사용기간) [세럼] 제조일로부터 36개월 / 개봉 후 12개월 [마스크팩] 제조일로부터 24개월 / 개봉 후 즉시 사용', '사용방법 본 품 적당량을 덜어 피부결을 따라 부드럽게 펴바른 후, 가볍게 두드려 흡수시킵니다.', '화장품제조업자,화장품책임판매업자 및 맞춤형화장품판매업자 코스맥스(주) / (주)비나우', '제조국 대한민국', '화장품법에 따라 기재해야 하는 모든 성분 [세럼]', '빙하수, 부틸렌글라이콜, 프로판다이올, 글리세린, 나이아신아마이드, 1,2-헥산다이올, 정제수, 클로렐라 불가리스추출물, 자일리틸글루코사이드, 소듐하이알루로네이트, 하이드롤라이즈드하이알루로닉애씨드, 자일리톨, 인도멀구슬나무잎추출물, 인도멀구슬나무꽃추출물, 아이비고드열매추출물, 알로에베라꽃추출물, 가지열매추출물, 홀리바질잎추출물, 참산호말추출물, 울금뿌리추출물, 하이알루로닉애씨드, 글리세레스-26, 판테놀, 펜틸렌글라이콜, 글루코오스, 소듐피씨에이, 안하이드로자일리톨, 프룩토올리고사카라이드, 프룩토오스, 폴리글리세릴-10라우레이트, 소듐시트레이트, 다이포타슘글리시리제이트, 소듐하이알루로네이트크로스폴리머, 에틸헥실글리세린, 아데노신, 하이드롤라이즈드글라이코사미노글리칸, 시트릭애씨드, 벤질글라이콜, 토코페롤, 잔탄검', '', '[마스크팩]', '편백수, 글리세린, 다이프로필렌글라이콜, 메틸프로판다이올, 정제수, 1,2-헥산다이올, 약모밀추출물, 인도멀구슬나무잎추출물, 클로렐라 불가리스추출물, 구주소나무잎오일, 인도멀구슬나무꽃추출물, 소듐하이알루로네이트, 멕시칸주니퍼오일, 접시꽃추출물, 카카오씨추출물, 왕귤껍질오일, 글리세레스-26, 폴리글리세린-3, 하이드록시아세토페논, 폴리글리세릴-10라우레이트, 알란토인, 베타인, 트로메타민, 부틸렌글라이콜, 에틸헥실글리세린, 펜틸렌글라이콜, 글루코오스, 아세틸글루코사민, 프룩토올리고사카라이드, 프룩토오스, 덱스트린, 소듐하이알루로네이트크로스폴리머, 카프릴릴글라이콜, 알진, 잔탄검, 카페인, 카보머, 다이소듐이디티에이', '기능성 화장품 식품의약품안전처 심사필 여부 화장품법에 따른 기능성 화장품 심사(또는 보고)를 필함', '사용할 때의 주의사항 [세럼]', '1) 화장품 사용 시 또는 사용 후 직사광선에 의하여 사용부위가 붉은 반점, 부어오름 또는 가려움증 등의 이상 증상이나 부작용이 있는 경우에는 전문의 등과 상담할 것 2) 상처가 있는 부위 등에는 사용을 자제할 것 3) 보관 및 취급 시 주의사항 가) 어린이의 손이 닿지 않는 곳에 보관할 것 나) 직사광선을 피해서 보관할 것', '', '[마스크팩]', '1) 화장품 사용 시 또는 사용 후 직사광선에 의하여 사용부위가 붉은 반점, 부어오름 또는 가려움증 등의 이상 증상이나 부작용이 있는 경우 전문의 등과 상담할 것 2) 상처가 있는 부위 등에는 사용을 자제할 것 3) 보관 및 취급 시의 주의사항 가) 어린이의 손이 닿지 않는 곳에 보관할 것 나) 직사광선을 피해서 보관할 것 다) 눈 주위를 피해서 사용할 것', '품질보증기준 본 제품에 이상이 있을 경우, 공정거래위원회 고시 소비자분쟁해결기준에 의거 보상해드립니다.', '소비자상담 전화번호 넘버즈인 고객상담센터 080-850-7771']","['./prdimgs/page_23_prd_17_thumb1.jpg', './prdimgs/page_23_prd_17_thumb2.jpg', './prdimgs/page_23_prd_17_thumb3.jpg']"
[피부결] 넘버즈인 3번 보들보들 결 세럼 50ml 기획(+3번 결 세럼팩 증정),넘버즈인,"30,000","['내용물의 용량 또는 중량 [본품] 50ml / [증정] 27g/1매', '제품 주요 사양 모든 피부 용', '사용기한(또는 개봉 후 사용기간) [세럼] 제조일로부터 36개월 / 개봉 후 12개월 [마스크팩] 제조일로부터 24개월 / 개봉 후 즉시 사용', '사용방법 본 품 적당량을 덜어 피부결을 따라 부드럽게 펴바른 후, 가볍게 두드려 흡수시킵니다.', '화장품제조업자,화장품책임판매업자 및 맞춤형화장품판매업자 삼성메디코스(주) / (주)비나우', '제조국 대한민국', '화장품법에 따라 기재해야 하는 모든 성분 [세럼]', '비피다발효용해물, 갈락토미세스발효여과물, 부틸렌글라이콜, 메틸글루세스-20, 정제수, 나이아신아마이드, 피이지-90, 1, 2-헥산다이올, 글리세린, 스쿠알란, 알테로모나스발효추출물, 실크추출물, 염소유추출물, 소듐하이알루로네이트, 판테놀, 아데노신, 글리세레스-26, 잔탄검, 폴리글리세릴-3다이스테아레이트, 글리세릴스테아레이트에스이, 글리세릴스테아레이트시트레이트, 폴리글리세릴-3메틸글루코오스다이스테아레이트, 카보머, 트로메타민, 에틸헥실글리세린, 카프릴릴글라이콜, 트로폴론, 다이소듐이디티에이', '', '[마스크팩]', '정제수, 비피다발효용해물, 갈락토미세스발효여과물, 메틸글루세스-20, 글리세레스-26, 글리세린, 나이아신아마이드, 피이지-90, 1,2-헥산다이올, 페퍼민트잎추출물, 버지니아풍년화추출물, 녹차추출물, 캐모마일꽃추출물, 레몬그라스잎오일, 솔잣나무가지/잎오일, 오렌지껍질오일, 라벤더오일, 로즈마리잎오일, 아틀라스시다나무껍질오일, 알테로모나스발효추출물, 염소유추출물, 실크추출물, 스쿠알란, 소듐하이알루로네이트, 판테놀, 부틸렌글라이콜, 폴리글리세릴-3메틸글루코오스다이스테아레이트, 폴리글리세릴-3다이스테아레이트, 글리세릴스테아레이트시트레이트, 글리세릴스테아레이트에스이, 카프릴릴글라이콜, 옥틸도데세스-16, 잔탄검, 카보머, 트로메타민, 에탄올, 에틸헥실글리세린, 아데노신, 다이소듐이디티에이, 리모넨, 리날룰, 시트랄', '기능성 화장품 식품의약품안전처 심사필 여부 화장품법에 따른 기능성 화장품 심사(또는 보고)를 필함', '사용할 때의 주의사항 [세럼]', '가. 화장품 사용 시 또는 사용 후 직사광선에 의하여 사용부위가 붉은 반점, 부어오름 또는 가려움증 등의 이상 증상이나 부작용이 있는 경우에는 전문의 등과 상담할 것 나. 상처가 있는 부위 등에는 사용을 자제할 것 다. 보관 및 취급 시 주의사항 1) 어린이의 손이 닿지 않는 곳에 보관할 것 2) 직사광선을 피해서 보관할 것', '', '[마스크팩]', '가. 화장품 사용 시 또는 사용 후 직사광선에 의하여 사용부위가 붉은 반점, 부어오름 또는 가려움증 등의 이상 증상이나 부작용이 있는 경우에는 전문의 등과 상담할 것 나. 상처가 있는 부위 등에는 사용을 자제할 것 다. 보관 및 취급 시 주의사항 1) 어린이의 손이 닿지 않는 곳에 보관할 것 2) 직사광선을 피해서 보관할 것 라. 눈 주위를 피해서 사용할 것', '품질보증기준 본 제품에 이상이 있을 경우, 공정거래위원회 고시 소비자분쟁해결기준에 의거 보상해드립니다.', '소비자상담 전화번호 넘버즈인 고객상담센터 080-850-7771']","['./prdimgs/page_23_prd_18_thumb1.jpg', './prdimgs/page_23_prd_18_thumb2.jpg', './prdimgs/page_23_prd_18_thumb3.jpg']"
[한정기획] 구달 맑은 어성초 진정 에센스 150ml 기획 (+수분세럼 20ml+수분크림 10ml+화장솜 10매 증정),구달,"30,000","['내용물의 용량 또는 중량 [본품] 에센스150ml [증정] 수분 세럼 20ml + 수분 크림 10ml + 화장솜 10매', '제품 주요 사양 모든 피부', '사용기한(또는 개봉 후 사용기간) [에센스] 개봉 전 36개월 / 개봉 후 12개월 [세럼] 개봉 전 36개월 / 개봉 후 12개월 [크림] 개봉 전 36개월 / 개봉 후 12개월', '사용방법 [에센스]', '스킨케어 첫 단계에서 적당량을 손바닥에 덜어 피부에 두드리며 흡수시켜 줍니다.', 'TIP : 적당량을 화장솜에 적셔 진정이 필요한 부위에 잠시 올려두면 진정팩으로 사용 가능합니다.', '[세럼]', '크림 사용 전 적당량을 덜어 피부에 골고루 펴 발라 줍니다.', '[크림]', '스킨케어 마지막 단계에서 적당량을 덜어 피부결에 따라 부드럽게 펴 발라 줍니다.', '[화장솜]', '화장솜 점선 부분을 컷팅하여 토너를 듬뿍 적신 후 진정이 필요한 부위에 올려두면 진정팩으로 사용 가능합니다.', '화장품제조업자,화장품책임판매업자 및 맞춤형화장품판매업자 [에센스/세럼/크림] 코스맥스(주)/(주)클리오 [화장솜] 동서위생(주)/(주)클리오', '제조국 대한민국', '화장품법에 따라 기재해야 하는 모든 성분 [에센스]', '어성초추출물(=약모밀추출물, 97.5%), 오렌지껍질오일, 카카오추출물, 라벤더오일, 바질오일, 베타인, 글리세린, 폴리글리세릴-10라우레이트, 트로메타민, 소듐파이테이트, 덱스트린, 카보머', '[수분세럼]', ': 어성초추출물(=약모밀추출물, 81.9%), 글리세린, 메틸프로판다이올, 정제수, 다이프로필렌글라이콜, 글리세레스-26, 아이리쉬모스추출물, 사탕수수추출물, 자일리틸글루코사이드, 자일리톨, 오렌지껍질오일, 바질오일, 라벤더오일, 소듐하이알루로네이트, 하이드롤라이즈드하이알루로닉애씨드, 하이알루로닉애씨드, 부틸렌글라이콜, 하이드록시에틸우레아, 판테놀, 폴리글리세릴-10라우레이트, 1,2-헥산다이올, 아크릴레이트/C10-30알킬아크릴레이트크로스폴리머, 트로메타민, 안하이드로자일리톨, 카프릴릴글라이콜, 글루코오스, 소듐파이테이트, 알란토인, 하이드록시프로필트라이모늄하이알루로네이트, 소듐아세틸레이티드하이알루로네이트, 하이드롤라이즈드소듐하이알루로네이트, 소듐하이알루로네이트크로스폴리머, 포타슘하이알루로네이트, 잔탄검', '[수분크림]', ': 어성초추출물(=약모밀추출물, 60%), 정제수, C13-16아이소파라핀, 베타인, 부틸렌글라이콜, C12-14아이소파라핀, 펜틸렌글라이콜, 글리세린, 오렌지껍질오일, 인도멀구슬나무꽃추출물, 인도멀구슬나무잎추출물, 울금뿌리추출물, 홀리바질잎추출물, 카카오씨추출물, 라벤더오일, 바질오일, 참산호말추출물, 병풀잎추출물, 하이드로제네이티드폴리데센, 비닐다이메티콘, 카프릴릴메티콘, 하이드록시에틸아크릴레이트/소듐아크릴로일다이메틸타우레이트코폴리머, 판테놀, 아크릴레이트/C10-30알킬아크릴레이트크로스폴리머, 다이메티콘/비닐다이메티콘크로스폴리머, 다이메티콘올, 트로메타민, 다이포타슘글리시리제이트, 글리세릴아크릴레이트/아크릴릭애씨드코폴리머, 에틸헥실글리세린, 1,2-헥산다이올, 실리카, 마데카소사이드, 덱스트린, 아시아티코사이드, 토코페롤, 잔탄검, 다이소듐이디티에이', '기능성 화장품 식품의약품안전처 심사필 여부 해당사항 없음', '사용할 때의 주의사항 1. 화장품 사용 시 또는 사용 후 직사광선에 의하여 사용부위가 붉은 반점, 부어오름 또는 가려움증 등의 이상 증상이나 부작용이 있는 경우에는 전문의 등과 상담할 것', '2. 상처가 있는 부위 등에는 사용을 자제할 것', '3. 보관 및 취급 시 주의사항 1) 어린이의 손이 닿지 않는 곳에 보관할 것 2) 직사광선을 피해서 보관할 것', ""품질보증기준 본 제품에 이상이 있을 경우 공정거래위원회 고시 '소비자분쟁해결기준'에 의거 보상해드립니다."", '소비자상담 전화번호 080-080-1510']","['./prdimgs/page_23_prd_19_thumb1.jpg', './prdimgs/page_23_prd_19_thumb2.jpg', './prdimgs/page_23_prd_19_thumb3.jpg', './prdimgs/page_23_prd_19_thumb4.jpg', './prdimgs/page_23_prd_19_thumb5.jpg']"
메이크프렘 인테카 수딩 앰플 50ml,메이크프렘,"32,000","['내용물의 용량 또는 중량 50ml', '제품 주요 사양 모든 피부타입', '사용기한(또는 개봉 후 사용기간) 개봉 후 12개월', '사용방법 적당량을 덜어내어 얼굴에 펴 바릅니다.', '화장품제조업자,화장품책임판매업자 및 맞춤형화장품판매업자 코스맥스㈜/(주)매그니프', '제조국 대한민국', '화장품법에 따라 기재해야 하는 모든 성분 정제수,부틸렌글라이콜,메틸프로판다이올,1,2-헥산다이올,나이아신아마이드,글리세린,칸디다 봄비콜라/글루코오스/메틸레이프씨데이트발효물,아이리쉬모스추출물,사탕수수추출물,해바라기씨오일,소듐하이알루로네이트,하이드롤라이즈드하이알루로닉애씨드,하이알루로닉애씨드,다이프로필렌글라이콜,암모늄아크릴로일다이메틸타우레이트/브이피코폴리머,판테놀,카프릴릭/카프릭트라이글리세라이드,다이부틸아디페이트,하이드로제네이티드레시틴,소듐메틸스테아로일타우레이트,에틸헥실글리세린,아데노신,에톡시다이글라이콜,알란토인,베타인,아시아티코사이드,아시아틱애씨드,마데카식애씨드,베타-글루칸,프로판다이올,펜틸렌글라이콜,벤질글라이콜,하이드롤라이즈드글라이코사미노글리칸,토코페롤,카프릴릴/카프릴글루코사이드,소듐하이알루로네이트크로스폴리머,하이드록시프로필트라이모늄하이알루로네이트,세라마이드엔피,소듐아세틸레이티드하이알루로네이트', '기능성 화장품 식품의약품안전처 심사필 여부 화장품법에 따른 기능성 화장품 심사(또는 보고)를 필함', '사용할 때의 주의사항 1. 화장품 사용 시 또는 직사광선에 의하여 사용부위가', '붉은 반점, 부어오름, 가려움증 등의 이상 증상이나 부', '작용 우려 등이 있는 경우 전문의 등과 상담할 것', '2. 상처가 있는 부위 등에는 사용을 자제할 것', '3. 보관 및 취급 시의 주의사항', '가) 어린이의 손이 닿지 않는 곳에 보관할 것', '나) 직사광선을 피해서 보관할 것', '품질보증기준 공정거래위원회 고시 소비자분쟁해결 기준에 의거 교환 또는 보상 받을 수 있습니다.', '소비자상담 전화번호 070-8228-0808']","['./prdimgs/page_23_prd_20_thumb1.jpg', './prdimgs/page_23_prd_20_thumb2.jpg']"
베리홉 에잇 데이즈 퓨어 비타민 씨 앰플 엑스퍼트 15g,베리홉,"52,000","['내용물의 용량 또는 중량 15g', '제품 주요 사양 모든 피부 용', '사용기한(또는 개봉 후 사용기간) 제조일로부터 18개월', '사용방법 ① 적응 기간 1~2주 동안은 세안 후 토너를 사용한 뒤, 적당량을 얼굴에 떨어트려 손가락 끝으로 얼굴 안쪽에서 바깥쪽으로 두드리며 흡수시켜줍니다.', '② 적응 기간 이후에는 세안 후 첫 단계 사용을 추천드립니다.', '화장품제조업자,화장품책임판매업자 및 맞춤형화장품판매업자 (주)덤스토리/(주)라이트하우스코스메틱', '제조국 대한민국', '화장품법에 따라 기재해야 하는 모든 성분 정제수, 아스코빅애씨드(135,000ppm), 프로판다이올, 카프릴릭/카프릭트라이글리세라이드, 프로필렌글라이콜다이카프릴레이트/다이카프레이트, 글리세릴스테아레이트시트레이트, 폴리솔베이트60, 부틸렌글라이콜, 글리세린, 글리세릴스테아레이트에스이, 글루타티온, 판테놀, 피브이피, 글루코닉애씨드, 키토산, 풀루란, 소듐글루코네이트, 소듐하이알루로네이트, 해바라기씨오일, 다이메티콘, 에칠헥실살리실레이트, 구아하이드록시프로필트라이모늄클로라이드, 소듐메타바이설파이트, 잔탄검, 사이클로펜타실록세인, 다이메티콘/비닐다이메티콘크로스폴리머, 다이메티콘올, 베타-글루칸, 녹두씨추출물, 자몽추출물, 베타-카로틴, 당근추출물, 당근씨오일, 카카두플럼추출물, 자작나무껍질추출물, 소리쟁이뿌리추출물, 아스코빌팔미테이트, 다이소듐이디티에이, 1,2-헥산다이올, 에칠헥실글리세린, 향료, 리모넨, 리날룰', '기능성 화장품 식품의약품안전처 심사필 여부 화장품법에 따른 기능성 화장품 심사(또는 보고)를 필함', '사용할 때의 주의사항 1.화장품 사용 시 또는 사용 후 직사광선에 의하여 사용부위가 붉은 반점, 부어오름 또는 가려움증 등의 이상 증상이나 부작용이 있는 경우 전문의 등과 상담할 것', '2.상처가 있는 부위 등에는 사용을 자제할 것', '3.보관 및 취급 시의 주의사항', '가) 어린이의 손이 닿지 않는 곳에 보관할 것', '나) 직사광선을 피해서 보관할 것', '4.개봉 전에는 25℃ 이하의 서늘한 곳, 개봉 후에는 냉장 보관을 권장함', '품질보증기준 본 제품에 이상이 있을 경우 공정거래위원회 고시 소비자 분쟁 해결 기준에 의해 보상해 드립니다.', '소비자상담 전화번호 고객상담실 1661-9132']","['./prdimgs/page_23_prd_21_thumb1.jpg', './prdimgs/page_23_prd_21_thumb2.jpg']"
CKD 레티노콜라겐 저분자 300 콜라겐 펌핑 앰플 30ml,CKD,"34,000","['내용물의 용량 또는 중량 30ml', '제품 주요 사양 모든 피부용', '사용기한(또는 개봉 후 사용기간) 제조일로부터 36개월 / 개봉 후 12개월', '사용방법 세안후, 아침 저녁 앰플 단계에서 적당량을 취하여 부드럽게 펴 발라준 후 충분히 흡수시켜 줍니다. (*1회 1ml 사용 시 약 30회 사용 가능/개인차 있음)', '화장품제조업자,화장품책임판매업자 및 맞춤형화장품판매업자 코스맥스(주) / (주)종근당건강', '제조국 대한민국', '화장품법에 따라 기재해야 하는 모든 성분 하이드롤라이즈드콜라겐추출물(55%), 글리세린, 부틸렌글라이콜, 프로판다이올, 정제수, 베타인, 카프릴릭/카프릭트라이글리세라이드, 1,2-헥산다이올, 메틸프로판다이올, 나이아신아마이드, 하이드롤라이즈드콜라겐(5,960ppm), 마카다미아씨오일, 베르가모트오일, 소듐하이알루로네이트, 라벤더오일, 레틴알(50ppm), 클레리오일, 하이드롤라이즈드하이알루로닉애씨드, 하이알루로닉애씨드, 판테놀, 메틸글루세스-10, 폴리글리세릴-10라우레이트, 스쿠알란, 하이드로제네이티드레시틴, 다이에톡시에틸석시네이트, 암모늄아크릴로일다이메틸타우레이트/브이피코폴리머, 트로메타민, 다이페닐다이메티콘, 트라이에틸헥사노인, 에틸헥실글리세린, 폴리쿼터늄-51, 아데노신, 다이포타슘글리시리제이트, 실리카, 글리세릴아크릴레이트/아크릴릭애씨드코폴리머, 알란토인, 소듐파이테이트, 콜레스테롤, 유채스테롤, 피이지-5레이프씨드스테롤, 소듐하이알루로네이트크로스폴리머, 세테스-3, 세테스-5, 하이드롤라이즈드글라이코사미노글리칸, 토코페롤, 알루미늄/마그네슘하이드록사이드스테아레이트, 토코페릴아세테이트, 글라이신, 포타슘세틸포스페이트, 세린, 글루타믹애씨드, 펜타에리스리틸테트라-다이-t-부틸하이드록시하이드로신나메이트, 벤질글라이콜, 아스파틱애씨드, 류신, 팔미토일트라이펩타이드-5, 다이프로필렌글라이콜, 알라닌, 라이신, 알지닌, 타이로신, 페닐알라닌, 프롤린, 트레오닌, 발린, 아이소류신, 히스티딘, 시스테인, 메티오닌, 펜틸렌글라이콜 하이드롤라이즈드엘라스틴, 카프릴릴/카프릴글루코사이드, 다이포타슘포스페이트, 아세틸글루타민, 풀루란, 세라마이드엔피, 셀룰로오스검, 카보머, 다이소듐이디티에이, 리모넨, 리날룰', '기능성 화장품 식품의약품안전처 심사필 여부 화장품법에 따른 기능성 화장품 심사(또는 보고)를 필함', '사용할 때의 주의사항 1) 화장품 사용 시 또는 사용 후 직사광선에 의하여 사용부위가 붉은 반점, 부어오름 또는 가려움증 등의 이상 증상이나 부작용이 있는 경우 전문의 등과 상담할 것', '2) 상처가 있는 부위 등에는 사용을 자제할 것', '3) 보관 및 취급 시의 주의사항', '가) 어린이의 손이 닿지 않는 곳에 보관할 것', '나) 직사광선을 피해서 보관할 것', '품질보증기준 본 제품은 공정거래위원회고시 소비자분쟁해결 기준에 의거 교환 또는 보상 받을 수 있습니다.', '소비자상담 전화번호 1855-3308']","['./prdimgs/page_23_prd_22_thumb1.jpg', './prdimgs/page_23_prd_22_thumb2.jpg', './prdimgs/page_23_prd_22_thumb3.jpg']"
라로슈포제 에빠끌라 울트라 컨센트레이티드 세럼 30ml,라로슈포제,"48,000","['내용물의 용량 또는 중량 30ml', '제품 주요 사양 모공+다크스팟+피지+피부결 4중 케어 데일리 세럼 #4가지고민해결 #한번에피부리셋 #해결세럼', '사용기한(또는 개봉 후 사용기간) 개봉전: 제조일로부터 3년 이내 / 개봉 후: 12개월', '사용방법 아침 저녁, 토너 사용 후 에센스 단계에서 이마와 양 볼, 턱에 적당량을 덜어 부드럽게 마사지 해 스며들게 해 줍니다.', '화장품제조업자,화장품책임판매업자 및 맞춤형화장품판매업자 엘오케이(유)', '제조국 프랑스', '화장품법에 따라 기재해야 하는 모든 성분 정제수 변성알코올 글리세린 프로판다이올 나이아신아마이드 락틱애씨드 하이드록시에틸피페라진에탄설포닉애씨드 하이드록시아세토페논 소듐하이드록사이드 하이드록시프로필구아 살리실릭애씨드 파이틱애씨드', '기능성 화장품 식품의약품안전처 심사필 여부 화장품법에 따른 기능성 화장품 심사(또는 보고)를 필함', '사용할 때의 주의사항 *더 자세한 내용은 각 제품 포장에 기재된 주의사항 참고*', '1. 화장품 사용 시 또는 사용 후 직사광선에 의하여 사용부위가 붉은 반점, 부어오름 또는 가려움증 등의 이상 증상이나 부작용이 있는 경우 전문의 등과 상담할 것', '2. 상처가 있는 부위 등에는 사용을 자제할 것', '3. 보관 및 취급 시의 주의사항', '1) 어린이의 손이 닿지 않는 곳에 보관할 것', '2) 직사광선을 피해서 보관할 것', ""품질보증기준 본 제품에 이상이 있을 경우, 공정거래위원회 고시 품목별 '소비자 분쟁 해결 기준' 에 의해 보상해드립니다."", '소비자상담 전화번호 고객케어센터: 080-344-0088 / 올리브영 고객센터: 1522-0882']","['./prdimgs/page_23_prd_23_thumb1.jpg', './prdimgs/page_23_prd_23_thumb2.jpg']"
달팡 인트랄 이너 유쓰 레스큐 세럼 30ml,달팡,"93,000","['내용물의 용량 또는 중량 30ml', '제품 주요 사양 모든피부타입', '사용기한(또는 개봉 후 사용기간) 제조일로부터 36개월', '사용방법 피부 세안 후 첫단계에 3번 펌핑하여 얼굴과 목에 골고루 도포하여 줍니다.', '화장품제조업자,화장품책임판매업자 및 맞춤형화장품판매업자 달팡/이엘씨에이한국(유)', '제조국 영국', '화장품법에 따라 기재해야 하는 모든 성분 정제수,부틸렌글라이콜,글리세린,소듐하이알루로네이트,판테놀,레스베라트롤,모란뿌리추출물,마트리카리아추출물,모노기나산사꽃추출물,수박추출물,카페인,호장근뿌리추출물,살리실릭애씨드,녹차추출물,겔리디엘라 아케로사추출물,알테로모나스발효추출물,에스큘렌타렌즈콩추출물,사과추출물,제주이질풀추출물,노티드랙추출물,락로즈꽃/잎/줄기추출물,아스파라곱시스 아르마타추출물,힙네아 무스키포르미스추출물,솔비톨,효모용해추출물,소듐락테이트,프로필렌글라이콜카프릴레이트,소듐피씨에이,셀룰로오스검,잔탄검,시트릭애씨드,소듐설페이트,카프릴릴글라이콜,피이지-40하이드로제네이티드캐스터오일,향료,다이소듐이디티에이,포타슘솔베이트,페녹시에탄올,소듐벤조에이트,클로페네신,적색504호,자색401호,적색227호,청색1호,황색4호', '제공된 성분은 동일 제품이라도 경우에 따라 변경될 수 있습니다. 최신정보는 제품 포장의 성분을 참고하시거나 본사 고객관리지원팀으로 연락 부탁 드립니다.', '기능성 화장품 식품의약품안전처 심사필 여부 해당사항 없음', '사용할 때의 주의사항 1) 화장품 사용 시 또는 사용 후 직사광선에 의하여 사용부위가 붉은 반점,', '부어오름 또는 가려움증 등의 이상 증상이나 부작용이 있는 경우 전문의', '등과 상담할 것', '2) 상처가 있는 부위 등에는 사용을 자제할 것', '3) 보관 및 취급 시의 주의사항', '가) 어린이의 손이 닿지 않는 곳에 보관할 것', '나) 직사광선을 피해서 보관할 것', '품질보증기준 이엘씨에이한국(유)를 통해 공식 수입, 판매되는 제품에 한해서 상품에 이상이 있을 경우 공정거래위원회고시 품목별 소비자 분쟁해결 기준에 의거한 보상 및 제품관련 서비스를 받으실 수 있습니다.', '소비자상담 전화번호 02-6971-3290']",['./prdimgs/page_24_prd_0_thumb1.jpg']
[수분광채] 넘버즈인 6번 푹잠 마스크팩 세럼 50ml,넘버즈인,"30,000","['내용물의 용량 또는 중량 50ml', '제품 주요 사양 모든 피부 용', '사용기한(또는 개봉 후 사용기간) 제조일로부터 36개월 / 개봉 후 12개월', '사용방법 본 품 적당량을 덜어 피부결을 따라 부드럽게 펴바른 후, 가볍게 두드려 흡수시킵니다.', '화장품제조업자,화장품책임판매업자 및 맞춤형화장품판매업자 코스맥스(주) / (주)비나우', '제조국 대한민국', '화장품법에 따라 기재해야 하는 모든 성분 빙하수, 부틸렌글라이콜, 프로판다이올, 글리세린, 나이아신아마이드, 1,2-헥산다이올, 정제수, 클로렐라 불가리스추출물, 자일리틸글루코사이드, 소듐하이알루로네이트, 하이드롤라이즈드하이알루로닉애씨드, 자일리톨, 인도멀구슬나무잎추출물, 인도멀구슬나무꽃추출물, 아이비고드열매추출물, 알로에베라꽃추출물, 가지열매추출물, 홀리바질잎추출물, 참산호말추출물, 울금뿌리추출물, 하이알루로닉애씨드, 글리세레스-26, 판테놀, 펜틸렌글라이콜, 글루코오스, 소듐피씨에이, 안하이드로자일리톨, 프룩토올리고사카라이드, 프룩토오스, 폴리글리세릴-10라우레이트, 소듐시트레이트, 다이포타슘글리시리제이트, 소듐하이알루로네이트크로스폴리머, 에틸헥실글리세린, 아데노신, 하이드롤라이즈드글라이코사미노글리칸, 시트릭애씨드, 벤질글라이콜, 토코페롤, 잔탄검', '기능성 화장품 식품의약품안전처 심사필 여부 화장품법에 따른 기능성 화장품 심사(또는 보고)를 필함', '사용할 때의 주의사항 1) 화장품 사용 시 또는 사용 후 직사광선에 의하여 사용부위가 붉은 반점, 부어오름 또는 가려움증 등의 이상 증상이나 부작용이 있는 경우에는 전문의 등과 상담할 것 2) 상처가 있는 부위 등에는 사용을 자제할 것 3) 보관 및 취급 시 주의사항 가) 어린이의 손이 닿지 않는 곳에 보관할 것 나) 직사광선을 피해서 보관할 것', '품질보증기준 본 제품에 이상이 있을 경우, 공정거래위원회 고시 소비자분쟁해결기준에 의거 보상해드립니다.', '소비자상담 전화번호 넘버즈인 고객상담센터 080-850-7771']","['./prdimgs/page_24_prd_1_thumb1.jpg', './prdimgs/page_24_prd_1_thumb2.jpg', './prdimgs/page_24_prd_1_thumb3.jpg', './prdimgs/page_24_prd_1_thumb4.jpg', './prdimgs/page_24_prd_1_thumb5.jpg']"
파넬 시카마누 92세럼 30ml,파넬,"32,000","['내용물의 용량 또는 중량 30ml', '제품 주요 사양 모든 타입', '사용기한(또는 개봉 후 사용기간) 제조일로부터 36개월 / 개봉일로부터 12개월 (사용기한 : 최소 2025년 8월 18일 이후까지인 상품만을 취급)', '사용방법 토너 다음 단계에서 내용물을 적당량 덜어 피부결을 따라 부드럽게 펴 발라준 후 가볍게 두드려 흡수시켜 줍니다.', '화장품제조업자,화장품책임판매업자 및 맞춤형화장품판매업자 제조업자 : (주)코스메카코리아 화장품책임판매업자: ㈜일레븐코퍼레이션', '제조국 대한민국', '화장품법에 따라 기재해야 하는 모든 성분 정제수, 부틸렌글라이콜, 글리세린, 1,2-헥산다이올, 카보머, 트로메타민, 프로판다이올, 폴리글리세릴-10라우레이트, 인도멀구슬나무잎추출물, 병풀추출물(744ppm), 카카오씨추출물, 에틸헥실글리세린, 불가리스쑥오일, 인도멀구슬나무꽃추출물, 덱스트린, 다이소듐이디티에이, 소듐폴리아크릴레이트, 펜틸렌글라이콜, 황련뿌리추출물, 마누카잎추출물(20ppm), 락토바실러스발효물, 마데카소사이드(20ppm), 꿀추출물(900ppb), 메도우폼씨오일, 카프릴릭/카프릭트라이글리세라이드, 올리브오일, 하이드로제네이티드레시틴, 세라마이드엔피, 피토스핑고신, 멜라토닌', '기능성 화장품 식품의약품안전처 심사필 여부 해당사항 없음', '사용할 때의 주의사항 1. 화장품 사용 시 또는 사용 후 직사광선에 의하여 사용부위가 붉은 반점, 부어오름 또는 가려움증 등의 이상 증상이나 부작용이 있는 경우 전문의 등과 상담할 것', '2. 상처가 있는 부위 등에는 사용을 자제할 것', '3. 보관 및 취급 시의 주의사항', '가) 어린이의 손이 닿지 않는 곳에 보관할 것', '나) 직사광선을 피해서 보관할 것', '품질보증기준 본 제품의 이상이 있을 경우 공정거래위원회 고시 ‘소비자분쟁해결기준’에 의거하여 교환 또는 보상을 받을 수 있습니다.', '소비자상담 전화번호 1661-5634']","['./prdimgs/page_24_prd_2_thumb1.jpg', './prdimgs/page_24_prd_2_thumb2.jpg', './prdimgs/page_24_prd_2_thumb3.jpg', './prdimgs/page_24_prd_2_thumb4.jpg']"
[응급진정세럼] 아이소이 아크니닥터 1st 컨트롤 세럼 40ml 기획 (본품40ml+응급패드 4매),아이소이,"32,000","['내용물의 용량 또는 중량 40ml', '제품 주요 사양 모든 피부(민감피부도 사용 가능)', '사용기한(또는 개봉 후 사용기간) 제조일자로부터 3년, 개봉 후 6개월 사용권장', '사용방법 에센스 단계에서 1~2회 펌핑 후 적당량을 얼굴과 목에 두드리듯이 발라주시고 손으로 감싸듯 흡수 시켜주세요. 고민되는 부위에 한번 더 발라주셔도 좋습니다.', '화장품제조업자,화장품책임판매업자 및 맞춤형화장품판매업자 다비드화장품 / (주)자연인', '제조국 대한민국', '화장품법에 따라 기재해야 하는 모든 성분 정제수, 글리세린, 에탄올(식물발효), 카프릴릭/카프릭트라이글리세라이드, 베타인, 마카다미아씨오일, 세테아릴알코올,', '글리세릴스테아레이트, 흰버드나무껍질추출물, 고삼뿌리추출물, 비타민나무열매추출물, 약모밀추출물, 다마스크장미꽃수, 레몬향티트리오일,', '소듐하이알루로네이트, 잔탄검, 알란토인,서양송악추출물, 신선초추출물, 바오밥나무잎추출물, 밤껍질추출물, 병풀추출물, 알지닌, 카보머,', '포트마리골드꽃추출물, 부틸렌글라이콜, 1,2-헥산다이올, 솔비탄스테아레이트, 황금추출물, 모란뿌리추출물,', '스페인감초뿌리추출물, 시트랄※', '기능성 화장품 식품의약품안전처 심사필 여부 해당사항 없음', '사용할 때의 주의사항 가. 화장품 사용 시 또는 사용 후 직사광선에 의하여 사용부위가 붉은 반점, 부어', '오름 또는 가려움증 등의 이상 증상이나 부작용이 있는 경우에는 전문의 등과', '상담할 것', '나. 상처가 있는 부위 등에는 사용을 자제할 것', '다. 보관 및 취급 시 주의사항', '1) 어린이의 손이 닿지 않는 곳에 보관할 것', '2) 직사광선을 피해서 보관할 것', '품질보증기준 관련법 및 소비자 분쟁해결 규정에 따름', '소비자상담 전화번호 아이소이 / 1800-9100']","['./prdimgs/page_24_prd_3_thumb1.jpg', './prdimgs/page_24_prd_3_thumb2.jpg', './prdimgs/page_24_prd_3_thumb3.jpg', './prdimgs/page_24_prd_3_thumb4.jpg']"
유리아쥬 배리어덤 시카 데일리 세럼 30ml 기획 (+시카 토너50ml 증정),유리아쥬,"44,000","['내용물의 용량 또는 중량 [배리어덤 시카 데일리 세럼]30ml [시카토너]50ml', '제품 주요 사양 모든 피부 타입', '사용기한(또는 개봉 후 사용기간) 개봉 전 사용기간 제조일로부터 36개월 / 개봉 후 6개월', '사용방법 스포이드로 적당량을 덜어 피부에 골고루 바른 후 지그시 눌러 흡수시켜주세요.', ""화장품제조업자,화장품책임판매업자 및 맞춤형화장품판매업자 Laboratoires Dermatologiques d'Uriage 92200 Neuilly, FRANCE/(주)케이엔유"", '제조국 프랑스', '화장품법에 따라 기재해야 하는 모든 성분 [배리어덤 시카데일리 세럼]', '정제수,온천수,글리세린,다이글리세린,1,2-헥산다이올,이눌린,판테놀,소듐폴리아크릴로일다이메틸타우레이트,잔탄검,소듐하이알루로네이트,프로판다이올,병풀잎추출물,시트릭애씨드,징크글루코네이트,글루타밀아미도에틸인돌', '', '[배리어덤 시카 토너]', '정제수,온천수,부틸렌글라이콜,글리세린,마그네슘알루미늄실리케이트,피이지-80글리세릴코코에이트,클로페네신,카퍼글루코네이트,소듐덱스트란설페이트,잔탄검,망가니즈글루코네이트,피브이피,징크글루코네이트,피토스핑고신,소듐하이드록사이드,아시아티코사이드', '기능성 화장품 식품의약품안전처 심사필 여부 해당사항 없음', '사용할 때의 주의사항 1) 화장품 사용 시 또는 사용 후 직사광선에 의하여 사용부위가 붉은 반점, 부어오름 또는 가려움증 등의 이상 증상이나 부작용이 있는 경우에는 전문의 등과 상담할 것', '2) 상처가 있는 부위 등에는 사용을 자제할 것', '3) 보관 및 취급 시 주의사항', '가) 어린이의 손이 닿지 않는 곳에 보관할 것', '나) 직사광선을 피해서 보관할 것', '품질보증기준 본 제품에 이상이 있을 경우, 공정거래위원회 고시 품목별 소비자분쟁 해결 기준에 의거 소비자 피해를 보상해 드립니다.', '소비자상담 전화번호 02-3487-4815 (수신자요금부담)']","['./prdimgs/page_24_prd_4_thumb1.jpg', './prdimgs/page_24_prd_4_thumb2.jpg', './prdimgs/page_24_prd_4_thumb3.jpg', './prdimgs/page_24_prd_4_thumb4.jpg']"
유리아쥬 이제악 뉴스킨 세럼40ml 기획 (+이제악 클렌징젤50ml 증정),유리아쥬,"30,000","['내용물의 용량 또는 중량 [이제악 뉴스킨세럼] 40ml [이제악 클렌징젤] 50ml', '제품 주요 사양 지복합성 피부 [모든 피부 타입]', '사용기한(또는 개봉 후 사용기간) 개봉 전 제조일로부터 3년/개봉 후 12개월', '사용방법 세안 후 기초 단계에서 적당량을 덜어 얇게 펴 발라 흡수시켜줍니다. 피지 분비가 많아 고민되는 부위(이마, 코, 턱)에는 도톰하게 발라줍니다. 눈가는 피해서 사용하며 자외선 노출 시에는 자외선 차단제를 함께 덧발라줍니다.', ""화장품제조업자,화장품책임판매업자 및 맞춤형화장품판매업자 Laboratoires Dermatologiques d'Uriage 92200 Neuilly, FRANCE/(주)케이엔유"", '제조국 프랑스', '화장품법에 따라 기재해야 하는 모든 성분 [이제악 뉴 스킨 세럼]', '정제수,온천수*,다이메티콘,프로판다이올,폴리솔베이트20,글라이콜릭애씨드,말릭애씨드,소듐폴리아크릴로일다이메틸타우레이트,락틱애씨드,소듐하이드록사이드,부틸렌글라이콜,1,2-헥산다이올,다이글리세린,글리세린,폴리실리콘-11,글라이신,피이지-40하이드로제네이티드캐스터오일,클로페네신,펜틸렌글라이콜,피토스핑고신,에스큘렌타렌즈콩씨추출물,잔탄검,징크락테이트,아시아티코사이드,창과감초뿌리추출물,소듐벤조에이트,카프릴릴글라이콜,데실글루코사이드,람노오스,글루코오스,글루쿠로닉애씨드,향료', '', '[이제악 클렌징 젤]', '정제수,온천수*,소듐라우레스설페이트,피이지-80글리세릴코코에이트,소듐코코암포아세테이트,피피지-2하이드록시에틸코카마이드,소듐라우레스-8설페이트,소듐메틸코코일타우레이트,코코-글루코사이드,글리세릴올리에이트,글라이신,시트릭애씨드,피피지-2하이드록시에틸코코/아이소스테아라마이드,피록톤올아민,마그네슘라우레스설페이트,소듐올레스설페이트,마그네슘라우레스-8설페이트,마그네슘올레스설페이트,분홍바늘꽃꽃/잎/줄기추출물,페녹시에탄올,소듐메타바이설파이트,토코페롤,하이드로제네이티드식물성글리세라이즈시트레이트,향료', '기능성 화장품 식품의약품안전처 심사필 여부 해당사항 없음', '사용할 때의 주의사항 1) 화장품 사용 시 또는 사용 후 직사광선에 의하여 사용부위가 붉은 반점, 부어오름 또는 가려움증 등의 이상 증상이나 부작용이 있는 경우에는 전문의 등과 상담할 것', '2) 상처가 있는 부위 등에는 사용을 자제할 것', '3) 보관 및 취급 시 주의사항', '가) 어린이의 손이 닿지 않는 곳에 보관할 것', '나) 직사광선을 피해서 보관할 것', '4) 알파-하이드록시애시드(α-hydroxyacid, AHA)(이하 “AHA”라 한다) 함유제품', '가) 햇빛에 대한 피부의 감수성을 증가시킬 수 있으므로 자외선 차단제를 함께 사용할 것', '나) 일부에 시험 사용하여 피부 이상을 확인할 것', '품질보증기준 본 제품에 이상이 있을 경우, 공정거래위원회 고시 품목별 소비자분쟁 해결 기준에 의거 소비자 피해를 보상해 드립니다.', '소비자상담 전화번호 02-3487-4815 (수신자요금부담)']","['./prdimgs/page_24_prd_5_thumb1.jpg', './prdimgs/page_24_prd_5_thumb2.jpg', './prdimgs/page_24_prd_5_thumb3.jpg', './prdimgs/page_24_prd_5_thumb4.jpg']"
차앤박(CNP) 비타비 브라이트닝 앰플 15ml,차앤박,"29,000","['내용물의 용량 또는 중량 차앤박 비타비 브라이트닝 앰플 15ml (2022)', '제품 주요 사양 모든 피부용', '사용기한(또는 개봉 후 사용기간) 36개월/ 개봉후 12개월', '사용방법 아침, 저녁 세안 후 토너 다음 단계에 얼굴 전체에 적당량을 취하여 부드럽게 펴 발라줍니다.', '화장품제조업자,화장품책임판매업자 및 맞춤형화장품판매업자 (주) LG생활건강 / (주) LG생활건강', '제조국 대한민국', '화장품법에 따라 기재해야 하는 모든 성분 정제수, 부틸렌글라이콜, 프로판다이올, 글리세릴글루코사이드, 1,2-헥산다이올, 글리세린, 나이아신아마이드(2.0%), 베타인, 말토덱스트린, 글리세레스-25피씨에이아이소스테아레이트, 락토바실러스/호밀가루발효물, 락토바실러스/소이밀크발효여과물, 바실러스/소이빈발효추출물, 카보머, 하이드록시에틸셀룰로오스, 트로메타민, 알란토인, 세룰라타벚나무꽃추출물, 소듐시트레이트, 폴리글루타믹애씨드, 트라이소듐이디티에이, 시트릭애씨드, 글루코오스, 소듐하이알루로네이트, 오렌지껍질오일, 레몬껍질오일, 베르가모트오일, 멕시칸주니퍼오일, 라임전초오일, 클로브싹오일, 사이아노코발아민(10.1ppm), 일랑일랑꽃오일, 피마자씨오일, 폴릭애씨드(4ppm), 판토테닉애씨드(4ppm), 레시틴, 폴리솔베이트20, 티아민에이치씨엘(1ppm), 피리독신(0.5ppm), 글루타티온, 리보플라빈(0.1ppm), 다이소듐이디티에이, 리모넨', '기능성 화장품 식품의약품안전처 심사필 여부 화장품법에 따른 기능성 화장품 심사(또는 보고)를 필함', '사용할 때의 주의사항 1) 화장품 사용 시 또는 사용 후 직사광선에 의하여 사용부위가 붉은 반점, 부어오름 또는 가려움증 등의 이상 증상이나 부작용이 있는 경우 전문의 등과 상담할 것', '2) 상처가 있는 부위 등에는 사용을 자제할 것', '3) 보관 및 취급 시의 주의사항', '가) 어린이의 손이 닿지 않는 곳에 보관할 것', '나) 직사광선을 피해서 보관할 것', ""품질보증기준 본 상품에 이상이 있을 경우 공정거래위원회고시 '소비자 분쟁 해결 기준'에 의해 보상해 드립니다."", '소비자상담 전화번호 080-023-7007']","['./prdimgs/page_24_prd_6_thumb1.jpg', './prdimgs/page_24_prd_6_thumb2.jpg']"
닥터지 로얄 블랙 스네일 퍼스트 에센스 165ml 기획 (+화장솜),닥터지,"38,000","['내용물의 용량 또는 중량 로얄 블랙스네일 퍼스트 에센스 165ml + 화장솜 증정', '제품 주요 사양 모든 피부용', '사용기한(또는 개봉 후 사용기간) 36개월(개봉후 12개월 이내 사용을 권장해 드립니다.)', '사용방법 세안 후 손이나 화장솜에 적당량 취해 피부 결을 따라 부드럽게 펴 바른 후, 두드려 흡수시켜 줍니다.', '화장품제조업자,화장품책임판매업자 및 맞춤형화장품판매업자 제조업자 : (주)한국콜마 / 책임판매업자 : ㈜고운세상코스메틱', '제조국 대한민국', '화장품법에 따라 기재해야 하는 모든 성분 달팽이점액여과물(75%), 부틸렌글라이콜, 글리세린, 1,2-헥산다이올, 나이아신아마이드, 판테놀, 자이모모나스발효추출물, 꿀추출물, 하이드롤라이즈드로얄젤리단백질, 하이드로제네이티드레시틴, 소듐하이알루로네이트, 다이페닐다이메티콘, 정제수, 트라이에틸헥사노인, 베타인, 말토덱스트린, 폴리글리세릴-10올리에이트, 다이소듐이디티에이, 아데노신, 시어버터, 카라멜, 페네틸알코올, 에틸헥실글리세린, 향료', '기능성 화장품 식품의약품안전처 심사필 여부 화장품법에 따른 기능성 화장품 심사(또는 보고)를 필함', '사용할 때의 주의사항 가. 공통사항', '1) 화장품 사용 시 또는 사용 후 직사광선에 의하여 사용부위가 붉은 반점,', '부어오름 또는 가려움증 등의 이상 증상이나 부작용이 있는 경우 전문의', '등과 상담할 것', '2) 상처가 있는 부위 등에는 사용을 자제할 것', '3) 보관 및 취급 시의 주의사항', '가) 어린이의 손이 닿지 않는 곳에 보관할 것', '나) 직사광선을 피해서 보관할 것', '품질보증기준 본 상품에 이상이 있을 경우 공정거래위원회 고시""소비자 분쟁 해결 기준""에 의해 보상해 드립니다.', '소비자상담 전화번호 ㈜고운세상코스메틱 1811-9415']","['./prdimgs/page_24_prd_7_thumb1.jpg', './prdimgs/page_24_prd_7_thumb2.jpg', './prdimgs/page_24_prd_7_thumb3.jpg', './prdimgs/page_24_prd_7_thumb4.jpg']"
센텔리안24 부스팅 샷 젤 150ml (업체배송),센텔리안24,"30,000","['내용물의 용량 또는 중량 150ml', '제품 주요 사양 모든 피부용', '사용기한(또는 개봉 후 사용기간) 개봉전 36개월 / 개봉 후 12개월', '사용방법 본 품 적당량을 덜어 얼굴과 몸 전체 필요 부위에 부드럽게 마사지하며 흡수시켜 줍니다.', '[사용 TIP] 뷰티 디바이스와 함께 사용 시 부스팅 케어에 도움을 줍니다.', '화장품제조업자,화장품책임판매업자 및 맞춤형화장품판매업자 코스맥스(주)/동국제약주식회사', '제조국 대한민국', '화장품법에 따라 기재해야 하는 모든 성분 전성분 정제수, 자작나무수액, 다이프로필렌글라이콜, 나이아신아마이드, 1,2-헥산다이올, 펜틸렌글라이콜, 프로판다이올, 수용성콜라겐, 라벤더추출물, 오레가노꽃/잎/줄기추출물, 로즈마리추출물, 타임추출물, 소듐하이알루로네이트, 하이드롤라이즈드콜라겐, 글리세린, 소듐폴리아크릴로일다이메틸타우레이트, 아크릴레이트/C10-30알킬아크릴레이트크로스폴리머, 트로메타민, 에틸헥실글리세린, 폴리글리세릴-10아이소스테아레이트, 판테놀, 다이포타슘글리시리제이트, 글리세릴아크릴레이트/아크릴릭애씨드코폴리머, 폴리글리세릴-10올리에이트, 아데노신, 소듐파이테이트, 암모늄아크릴로일다이메틸타우레이트/브이피코폴리머, 피브이엠/엠에이코폴리머, 소듐클로라이드, 토코페롤, 소듐바이카보네이트, 칼슘클로라이드, 포타슘클로라이드, 부틸렌글라이콜, 만니톨, 포스파티딜콜린, 하이드로제네이티드레시틴, 세테아릴올리베이트, 솔비탄올리베이트, 시트릭애씨드, 카프릴릴/카프릴글루코사이드, 세라마이드엔피, 카퍼트라이펩타이드-1, 아세틸헥사펩타이드-8, 알란토인, 세틸알코올, 잔탄검, 포타슘솔베이트, 소듐벤조에이트, 향료', '기능성 화장품 식품의약품안전처 심사필 여부 화장품법에 따른 기능성 화장품 심사(또는 보고)를 필함', '사용할 때의 주의사항 1. 화장품 사용 시 또는 사용 후 직사광선에 의하여 사용부위가 붉은 반점, 부어오름 또는 가려움증 등의 이상 증상이나 부작용이 있는 경우에는 전문의 등과 상담할 것.', '2. 상처가 있는 부위 등에는 사용을 자제할 것.', '3. 보관 및 취급시 주의사항', '가. 어린이의 손에 닿지 않는 곳에 보관할 것.', '나. 직사광선을 피해서 보관할 것.', '품질보증기준 공정거래위원회 고시(소비자분쟁해결기준)에 의거하여 보상해드립니다.', '소비자상담 전화번호 080-569-8607 (수신자 부담)']","['./prdimgs/page_24_prd_8_thumb1.jpg', './prdimgs/page_24_prd_8_thumb2.jpg']"
